-- MySQL dump 10.13  Distrib 5.7.20, for Win64 (x86_64)
--
-- Host: localhost    Database: yii2artschool
-- ------------------------------------------------------
-- Server version	5.7.20

/*!40101 SET @OLD_CHARACTER_SET_CLIENT=@@CHARACTER_SET_CLIENT */;
/*!40101 SET @OLD_CHARACTER_SET_RESULTS=@@CHARACTER_SET_RESULTS */;
/*!40101 SET @OLD_COLLATION_CONNECTION=@@COLLATION_CONNECTION */;
/*!40101 SET NAMES utf8 */;
/*!40103 SET @OLD_TIME_ZONE=@@TIME_ZONE */;
/*!40103 SET TIME_ZONE='+00:00' */;
/*!40014 SET @OLD_UNIQUE_CHECKS=@@UNIQUE_CHECKS, UNIQUE_CHECKS=0 */;
/*!40014 SET @OLD_FOREIGN_KEY_CHECKS=@@FOREIGN_KEY_CHECKS, FOREIGN_KEY_CHECKS=0 */;
/*!40101 SET @OLD_SQL_MODE=@@SQL_MODE, SQL_MODE='NO_AUTO_VALUE_ON_ZERO' */;
/*!40111 SET @OLD_SQL_NOTES=@@SQL_NOTES, SQL_NOTES=0 */;

--
-- Table structure for table `auditory`
--

DROP TABLE IF EXISTS `auditory`;
/*!40101 SET @saved_cs_client     = @@character_set_client */;
/*!40101 SET character_set_client = utf8 */;
CREATE TABLE `auditory` (
  `id` mediumint(8) unsigned NOT NULL AUTO_INCREMENT,
  `building_id` mediumint(8) unsigned NOT NULL,
  `cat_id` mediumint(8) unsigned DEFAULT NULL,
  `study_flag` tinyint(1) NOT NULL DEFAULT '0',
  `num` int(3) DEFAULT NULL,
  `name` varchar(128) DEFAULT NULL,
  `floor` varchar(32) NOT NULL,
  `area` float NOT NULL,
  `capacity` mediumint(3) NOT NULL,
  `description` varchar(255) DEFAULT NULL,
  `order` mediumint(8) unsigned NOT NULL,
  `status` int(8) NOT NULL DEFAULT '10',
  PRIMARY KEY (`id`),
  KEY `cat_id` (`cat_id`),
  KEY `building_id` (`building_id`),
  CONSTRAINT `auditory_ibfk_1` FOREIGN KEY (`cat_id`) REFERENCES `auditory_cat` (`id`),
  CONSTRAINT `auditory_ibfk_2` FOREIGN KEY (`building_id`) REFERENCES `auditory_building` (`id`)
) ENGINE=InnoDB AUTO_INCREMENT=133 DEFAULT CHARSET=utf8 COMMENT='Аудитории школы';
/*!40101 SET character_set_client = @saved_cs_client */;

--
-- Dumping data for table `auditory`
--

LOCK TABLES `auditory` WRITE;
/*!40000 ALTER TABLE `auditory` DISABLE KEYS */;
INSERT INTO `auditory` VALUES (1,1,9,1,0,'По классам','',0,0,'',43,10),(36,2,11,1,1,'Класс архитектуры','1',20.3,10,'',0,10),(37,2,11,1,10,'Класс скульптуры','1',20,10,'Художественная керамика',0,10),(38,2,11,1,11,'ИЗО','1',20.1,12,'',0,10),(39,2,11,1,12,'ИЗО','1',19.9,12,'',0,10),(40,2,11,1,2,'Класс развития','1',20.3,6,'Мандариновое детство',0,10),(41,2,11,1,3,'Класс развития','1',21.2,8,'Мандариновое детство',0,10),(42,2,11,1,4,'Класс развития','1',14.8,7,'Мандариновое детство',0,10),(43,2,11,0,5,'Администраторы','1',12.2,0,'',0,10),(44,2,11,0,6,'Учительская','1',12.3,0,'',0,10),(45,2,11,0,7,'Лаборатория','1',9.7,0,'Художественная керамика',0,10),(46,2,11,1,8,'ИЗО','1',21.1,12,'',0,10),(47,2,11,1,9,'ИЗО','1',14.8,8,'',0,10),(52,1,1,1,106,'Класс композиции','1',32.9,14,'',0,10),(53,1,1,1,107,'Класс скульптуры','1',31.9,14,'',0,10),(54,1,1,1,109,'Класс живописи','1',42,14,'',0,10),(55,1,1,1,110,'Класс живописи','1',35.8,14,'',0,10),(56,1,1,1,111,'Класс рисунка','1',40.9,14,'',0,10),(57,1,1,1,114,'Класс теоретических дисциплин','1',27.5,14,'',0,10),(58,1,1,1,115,'Класс теоретических дисциплин','1',39.6,14,'',0,10),(59,1,1,1,116,'Класс теоретических дисциплин','1',38.1,14,'',0,10),(60,1,1,1,117,'Хоровой класс','1',50.3,0,'Музыкальный фольклор',0,10),(61,1,1,0,119,'Художественный фонд','1',13.2,0,'',0,10),(62,1,1,1,120,'Класс теоретических дисциплин','1',25.5,14,'',0,10),(63,1,1,1,121,'Класс теоретических дисциплин','1',35.9,14,'',0,10),(64,1,2,1,103,'Малый зал','1',93.8,0,'',168,10),(65,1,3,1,201,'Кабинет директора','2',29,0,'',0,10),(66,1,1,1,205,'Класс индивидуальных занятий','2',29.6,0,'',0,10),(67,1,1,1,206,'Класс индивидуальных занятий','2',28.2,0,'Фортепиано',0,10),(68,1,1,1,207,'Класс индивидуальных занятий','2',26.7,0,'Фортепиано',0,10),(69,1,1,1,208,'Класс индивидуальных занятий','2',28,0,'Фортепиано',0,10),(70,1,1,1,209,'Класс индивидуальных занятий','2',27.9,0,'Фортепиано',0,10),(71,1,1,1,210,'Класс индивидуальных занятий','2',16.5,0,'Арфа',0,10),(72,1,1,1,211,'Класс индивидуальных занятий','2',21.2,0,'Фортепиано',0,10),(73,1,1,1,212,'Класс ансамбля','2',46.6,0,'Народные инструменты',0,10),(74,1,1,1,213,'Класс индивидуальных занятий','2',25.2,0,'Духовые инструменты',0,10),(75,1,1,1,214,'Класс индивидуальных занятий','2',25.7,0,'Духовые инструменты',0,10),(76,1,1,1,215,'Класс индивидуальных занятий','2',26.9,0,'Духовые инструменты',0,10),(77,1,1,1,216,'Класс ансамбля','2',30.2,0,'Струнные инструменты',0,10),(78,1,1,1,217,'Класс индивидуальных занятий','2',10.7,0,'',0,10),(79,1,1,1,220,'Класс индивидуальных занятий','2',15.3,0,'',0,10),(81,1,1,1,219,'Класс индивидуальных занятий','2',12,0,'',0,10),(82,1,1,1,218,'Класс индивидуальных занятий','2',29.2,0,'',0,10),(83,1,1,1,221,'Класс духового оркестра','2',64.9,0,'',0,10),(84,1,3,0,222,'Инженерная служба','2',19.3,0,'',0,10),(85,1,3,0,104,'Кабинет зам. директора по АХР','1',23,0,'',0,10),(86,1,3,0,105,'Кабинет зам. директора','1',36,0,'',0,10),(87,1,3,0,122,'Кабинет зам. директора по кадрам','1',16,0,'',0,10),(88,1,3,0,202,'Кабинет зам. директора по оргвопросам','2',12,0,'',0,10),(89,1,3,0,203,'Кабинет главного бухгалтера','2',16,0,'',0,10),(90,1,3,0,204,'Бухгалтерия','2',37,0,'',0,10),(91,1,2,1,302,'Большой Зал','3',362,283,'',105,10),(92,1,1,1,303,'Хоровой класс','3',85,0,'',0,10),(93,1,1,1,304,'Класс индивидуальных занятий','3',23.9,0,'Фортепиано',0,10),(94,1,1,1,305,'Класс индивидуальных занятий','3',23.8,0,'Фортепиано',0,10),(95,1,1,1,306,'Класс индивидуальных занятий','3',23.1,0,'Фортепиано',0,10),(96,1,3,1,312,'Компьютерный класс','3',37.3,14,'',0,10),(97,1,3,0,313,'Библиотека','3',19.6,0,'',0,10),(98,1,1,1,314,'Класс индивидуальных занятий','3',15.8,0,'Вокал',0,10),(99,1,1,1,317,'Класс хореографии','3',85,0,'',0,10),(100,1,1,1,333,'Класс индивидуальных занятий','3',20,0,'Фортепиано',0,10),(101,1,1,1,336,'Класс хореографии','3',77.9,0,'',0,10),(102,1,1,1,350,'Класс индивидуальных занятий','3',20,0,'',0,10),(103,1,1,1,351,'Класс индивидуальных занятий','3',15.9,0,'Народные инструменты',0,10),(104,1,1,1,358,'Класс индивидуальных занятий','3',11.3,0,'',0,10),(105,1,1,1,357,'Класс индивидуальных занятий','3',12.1,0,'',0,10),(106,1,1,1,356,'Класс индивидуальных занятий','3',15,0,'Фортепиано',0,10),(107,1,1,1,355,'Класс индивидуальных занятий','3',10,0,'',0,10),(108,1,1,1,347,'Класс эстрадно-джазового оркестра','3',37.7,0,'',0,10),(109,1,1,1,346,'Класс ударных инструментов','3',26.7,0,'',0,10),(110,1,4,0,401,'Помещение множительной техники','4',0,0,'',0,10),(111,1,4,0,232,'Серверная','2',0,0,'',0,10),(112,1,7,1,102,'Вестибюль 1-го этажа','1',0,0,'',0,10),(113,1,7,0,101,'Помещение охраны','1',0,0,'',0,10),(114,1,7,1,200,'Вестибюль 2-го этажа','2',0,0,'',0,10),(115,1,7,1,301,'Вестибюль 3-го этажа','3',0,0,'Музей',0,10),(116,1,10,0,515,'Мастерская','0',0,0,'',0,10),(117,1,8,0,112,'Буфет','1',0,0,'',0,10),(118,1,7,1,141,'Холл 1-го этажа','1',0,0,'Для выставок ИЗО',0,10),(119,1,7,1,241,'Холл 2-го этажа','2',0,0,'Для выставок ИЗО',0,10),(120,1,7,1,332,'Холл 3-го этажа','3',0,0,'Для высавок ИЗО',0,10),(121,1,3,0,503,'Массажный кабинет','0',0,0,'',0,10),(122,1,2,0,501,'Тренажерный зал','0',81.1,0,'',0,10),(123,1,3,0,502,'Тренерская','0',6.1,0,'',0,10),(124,1,3,0,513,'Кабинет','0',0,0,'',0,10),(125,1,4,0,511,'Тоновая студии звукозаписи','0',0,0,'',0,10),(126,1,4,0,512,'Студия звукозаписи','0',0,0,'',0,10),(127,1,10,0,514,'Мастерская','0',0,0,'',0,10),(128,1,5,0,516,'Складское помещение','0',0,0,'',0,10),(129,1,5,0,517,'Складское помещение','0',0,0,'',0,10),(130,1,7,0,0,'Лестничные марши и пролеты 1-3 эт','',0,0,'',0,10),(131,1,7,0,23,'ИЗО','1',0,20,'Холл',0,10),(132,1,4,0,401,'Помещение звукооператора','4',0,2,'',0,10);
/*!40000 ALTER TABLE `auditory` ENABLE KEYS */;
UNLOCK TABLES;

--
-- Table structure for table `auditory_building`
--

DROP TABLE IF EXISTS `auditory_building`;
/*!40101 SET @saved_cs_client     = @@character_set_client */;
/*!40101 SET character_set_client = utf8 */;
CREATE TABLE `auditory_building` (
  `id` mediumint(8) unsigned NOT NULL AUTO_INCREMENT,
  `name` varchar(128) NOT NULL,
  `slug` varchar(64) NOT NULL,
  `address` varchar(255) NOT NULL,
  PRIMARY KEY (`id`)
) ENGINE=InnoDB AUTO_INCREMENT=3 DEFAULT CHARSET=utf8 COMMENT='Здания школы';
/*!40101 SET character_set_client = @saved_cs_client */;

--
-- Dumping data for table `auditory_building`
--

LOCK TABLES `auditory_building` WRITE;
/*!40000 ALTER TABLE `auditory_building` DISABLE KEYS */;
INSERT INTO `auditory_building` VALUES (1,'Основное здание','ОЗ','Митинская ул. д.47, кор.1'),(2,'Филиал','Ф','Пятницкое шоссе, д. 40');
/*!40000 ALTER TABLE `auditory_building` ENABLE KEYS */;
UNLOCK TABLES;

--
-- Table structure for table `auditory_cat`
--

DROP TABLE IF EXISTS `auditory_cat`;
/*!40101 SET @saved_cs_client     = @@character_set_client */;
/*!40101 SET character_set_client = utf8 */;
CREATE TABLE `auditory_cat` (
  `id` mediumint(8) unsigned NOT NULL AUTO_INCREMENT,
  `name` varchar(128) NOT NULL,
  `description` varchar(256) NOT NULL,
  `study_flag` tinyint(1) NOT NULL DEFAULT '0',
  `order` mediumint(8) NOT NULL,
  PRIMARY KEY (`id`)
) ENGINE=InnoDB AUTO_INCREMENT=12 DEFAULT CHARSET=utf8 COMMENT='false=условный';
/*!40101 SET character_set_client = @saved_cs_client */;

--
-- Dumping data for table `auditory_cat`
--

LOCK TABLES `auditory_cat` WRITE;
/*!40000 ALTER TABLE `auditory_cat` DISABLE KEYS */;
INSERT INTO `auditory_cat` VALUES (1,'Аудитории и классы','',1,0),(2,'Залы','',1,0),(3,'Кабинеты','',1,0),(4,'Служебные помещения','',0,0),(5,'Складские помещения','',0,0),(6,'Подсобные помещения','',0,0),(7,'Коридоры и холлы','',1,0),(8,'Другие помещения','',0,0),(9,'Условные классы','',1,0),(10,'Технические помещения','',0,0),(11,'Филиал школы','помещения Художественного отделения',1,0);
/*!40000 ALTER TABLE `auditory_cat` ENABLE KEYS */;
UNLOCK TABLES;

--
-- Table structure for table `auth`
--

DROP TABLE IF EXISTS `auth`;
/*!40101 SET @saved_cs_client     = @@character_set_client */;
/*!40101 SET character_set_client = utf8 */;
CREATE TABLE `auth` (
  `id` int(11) NOT NULL,
  `user_id` int(11) NOT NULL,
  `source` varchar(255) NOT NULL,
  `source_id` varchar(255) NOT NULL
) ENGINE=InnoDB DEFAULT CHARSET=utf8;
/*!40101 SET character_set_client = @saved_cs_client */;

--
-- Dumping data for table `auth`
--

LOCK TABLES `auth` WRITE;
/*!40000 ALTER TABLE `auth` DISABLE KEYS */;
/*!40000 ALTER TABLE `auth` ENABLE KEYS */;
UNLOCK TABLES;

--
-- Table structure for table `auth_assignment`
--

DROP TABLE IF EXISTS `auth_assignment`;
/*!40101 SET @saved_cs_client     = @@character_set_client */;
/*!40101 SET character_set_client = utf8 */;
CREATE TABLE `auth_assignment` (
  `item_name` varchar(64) NOT NULL,
  `user_id` int(11) NOT NULL,
  `created_at` int(11) DEFAULT NULL
) ENGINE=InnoDB DEFAULT CHARSET=utf8;
/*!40101 SET character_set_client = @saved_cs_client */;

--
-- Dumping data for table `auth_assignment`
--

LOCK TABLES `auth_assignment` WRITE;
/*!40000 ALTER TABLE `auth_assignment` DISABLE KEYS */;
INSERT INTO `auth_assignment` VALUES ('author',1,1534834511),('author',3,1534834694),('author',4,1534863620),('backend_administrator',1,1534834511),('backend_administrator',4,1534863620),('moderator',1,1534834511),('moderator',2,1534834614),('moderator',4,1534863620),('user',1,1534834511),('user',2,1534863921),('user',4,1534863620);
/*!40000 ALTER TABLE `auth_assignment` ENABLE KEYS */;
UNLOCK TABLES;

--
-- Table structure for table `auth_item`
--

DROP TABLE IF EXISTS `auth_item`;
/*!40101 SET @saved_cs_client     = @@character_set_client */;
/*!40101 SET character_set_client = utf8 */;
CREATE TABLE `auth_item` (
  `name` varchar(64) NOT NULL,
  `type` int(11) NOT NULL,
  `description` text,
  `rule_name` varchar(64) DEFAULT NULL,
  `group_code` varchar(64) DEFAULT NULL,
  `data` text,
  `created_at` int(11) DEFAULT NULL,
  `updated_at` int(11) DEFAULT NULL,
  PRIMARY KEY (`name`),
  KEY `auth_item_type` (`type`),
  KEY `fk_auth_item_table_rule_name` (`rule_name`),
  KEY `fk_auth_item_table_group_code` (`group_code`),
  CONSTRAINT `fk_auth_item_table_group_code` FOREIGN KEY (`group_code`) REFERENCES `auth_item_group` (`code`) ON DELETE SET NULL ON UPDATE CASCADE,
  CONSTRAINT `fk_auth_item_table_rule_name` FOREIGN KEY (`rule_name`) REFERENCES `auth_rule` (`name`) ON DELETE SET NULL ON UPDATE CASCADE
) ENGINE=InnoDB DEFAULT CHARSET=utf8;
/*!40101 SET character_set_client = @saved_cs_client */;

--
-- Dumping data for table `auth_item`
--

LOCK TABLES `auth_item` WRITE;
/*!40000 ALTER TABLE `auth_item` DISABLE KEYS */;
INSERT INTO `auth_item` VALUES ('/admin',3,NULL,NULL,NULL,NULL,1530777695,1530777695),('/admin/#mediafile',3,NULL,NULL,NULL,NULL,1530777696,1530777696),('/admin/*',3,NULL,NULL,NULL,NULL,1530777695,1530777695),('/admin/comment/*',3,NULL,NULL,NULL,NULL,1530777696,1530777696),('/admin/comment/default/*',3,NULL,NULL,NULL,NULL,1530777696,1530777696),('/admin/comment/default/bulk-activate',3,NULL,NULL,NULL,NULL,1530777696,1530777696),('/admin/comment/default/bulk-deactivate',3,NULL,NULL,NULL,NULL,1530777696,1530777696),('/admin/comment/default/bulk-delete',3,NULL,NULL,NULL,NULL,1530777696,1530777696),('/admin/comment/default/bulk-spam',3,NULL,NULL,NULL,NULL,1530777696,1530777696),('/admin/comment/default/bulk-trash',3,NULL,NULL,NULL,NULL,1530777696,1530777696),('/admin/comment/default/create',3,NULL,NULL,NULL,NULL,1530777696,1530777696),('/admin/comment/default/delete',3,NULL,NULL,NULL,NULL,1530777696,1530777696),('/admin/comment/default/grid-page-size',3,NULL,NULL,NULL,NULL,1530777696,1530777696),('/admin/comment/default/grid-sort',3,NULL,NULL,NULL,NULL,1530777696,1530777696),('/admin/comment/default/index',3,NULL,NULL,NULL,NULL,1530777696,1530777696),('/admin/comment/default/toggle-attribute',3,NULL,NULL,NULL,NULL,1530777696,1530777696),('/admin/comment/default/update',3,NULL,NULL,NULL,NULL,1530777696,1530777696),('/admin/comment/default/view',3,NULL,NULL,NULL,NULL,1530777696,1530777696),('/admin/db-manager/default/index',3,NULL,NULL,NULL,NULL,NULL,NULL),('/admin/Db/*',3,NULL,NULL,NULL,NULL,1530777696,1530777696),('/admin/Db/delete',3,NULL,NULL,NULL,NULL,1530777696,1530777696),('/admin/Db/export',3,NULL,NULL,NULL,NULL,1530777696,1530777696),('/admin/Db/import',3,NULL,NULL,NULL,NULL,1530777696,1530777696),('/admin/Db/index',3,NULL,NULL,NULL,NULL,1530777696,1530777696),('/admin/default/*',3,NULL,NULL,NULL,NULL,1530777695,1530777695),('/admin/eav/*',3,NULL,NULL,NULL,NULL,1440180000,1440180000),('/admin/eav/attribute-option/*',3,NULL,NULL,NULL,NULL,1440180000,1440180000),('/admin/eav/attribute-option/bulk-delete',3,NULL,NULL,NULL,NULL,1440180000,1440180000),('/admin/eav/attribute-option/create',3,NULL,NULL,NULL,NULL,1440180000,1440180000),('/admin/eav/attribute-option/delete',3,NULL,NULL,NULL,NULL,1440180000,1440180000),('/admin/eav/attribute-option/grid-page-size',3,NULL,NULL,NULL,NULL,1440180000,1440180000),('/admin/eav/attribute-option/grid-sort',3,NULL,NULL,NULL,NULL,1440180000,1440180000),('/admin/eav/attribute-option/index',3,NULL,NULL,NULL,NULL,1440180000,1440180000),('/admin/eav/attribute-option/toggle-attribute',3,NULL,NULL,NULL,NULL,1440180000,1440180000),('/admin/eav/attribute-option/update',3,NULL,NULL,NULL,NULL,1440180000,1440180000),('/admin/eav/attribute-type/*',3,NULL,NULL,NULL,NULL,1440180000,1440180000),('/admin/eav/attribute-type/bulk-delete',3,NULL,NULL,NULL,NULL,1440180000,1440180000),('/admin/eav/attribute-type/create',3,NULL,NULL,NULL,NULL,1440180000,1440180000),('/admin/eav/attribute-type/delete',3,NULL,NULL,NULL,NULL,1440180000,1440180000),('/admin/eav/attribute-type/grid-page-size',3,NULL,NULL,NULL,NULL,1440180000,1440180000),('/admin/eav/attribute-type/grid-sort',3,NULL,NULL,NULL,NULL,1440180000,1440180000),('/admin/eav/attribute-type/index',3,NULL,NULL,NULL,NULL,1440180000,1440180000),('/admin/eav/attribute-type/toggle-attribute',3,NULL,NULL,NULL,NULL,1440180000,1440180000),('/admin/eav/attribute-type/update',3,NULL,NULL,NULL,NULL,1440180000,1440180000),('/admin/eav/attribute/*',3,NULL,NULL,NULL,NULL,1440180000,1440180000),('/admin/eav/attribute/bulk-delete',3,NULL,NULL,NULL,NULL,1440180000,1440180000),('/admin/eav/attribute/create',3,NULL,NULL,NULL,NULL,1440180000,1440180000),('/admin/eav/attribute/delete',3,NULL,NULL,NULL,NULL,1440180000,1440180000),('/admin/eav/attribute/grid-page-size',3,NULL,NULL,NULL,NULL,1440180000,1440180000),('/admin/eav/attribute/grid-sort',3,NULL,NULL,NULL,NULL,1440180000,1440180000),('/admin/eav/attribute/index',3,NULL,NULL,NULL,NULL,1440180000,1440180000),('/admin/eav/attribute/toggle-attribute',3,NULL,NULL,NULL,NULL,1440180000,1440180000),('/admin/eav/attribute/update',3,NULL,NULL,NULL,NULL,1440180000,1440180000),('/admin/eav/default/*',3,NULL,NULL,NULL,NULL,1440180000,1440180000),('/admin/eav/default/get-attributes',3,NULL,NULL,NULL,NULL,1440180000,1440180000),('/admin/eav/default/get-categories',3,NULL,NULL,NULL,NULL,1440180000,1440180000),('/admin/eav/default/index',3,NULL,NULL,NULL,NULL,1440180000,1440180000),('/admin/eav/default/set-attributes',3,NULL,NULL,NULL,NULL,1440180000,1440180000),('/admin/eav/entity-model/*',3,NULL,NULL,NULL,NULL,1440180000,1440180000),('/admin/eav/entity-model/bulk-delete',3,NULL,NULL,NULL,NULL,1440180000,1440180000),('/admin/eav/entity-model/create',3,NULL,NULL,NULL,NULL,1440180000,1440180000),('/admin/eav/entity-model/delete',3,NULL,NULL,NULL,NULL,1440180000,1440180000),('/admin/eav/entity-model/grid-page-size',3,NULL,NULL,NULL,NULL,1440180000,1440180000),('/admin/eav/entity-model/grid-sort',3,NULL,NULL,NULL,NULL,1440180000,1440180000),('/admin/eav/entity-model/index',3,NULL,NULL,NULL,NULL,1440180000,1440180000),('/admin/eav/entity-model/toggle-attribute',3,NULL,NULL,NULL,NULL,1440180000,1440180000),('/admin/eav/entity-model/update',3,NULL,NULL,NULL,NULL,1440180000,1440180000),('/admin/measure/*',3,NULL,NULL,NULL,NULL,1530777696,1530777696),('/admin/measure/bulk-delete',3,NULL,NULL,NULL,NULL,1530777696,1530777696),('/admin/measure/create',3,NULL,NULL,NULL,NULL,1530777696,1530777696),('/admin/measure/delete',3,NULL,NULL,NULL,NULL,1530777696,1530777696),('/admin/measure/grid-page-size',3,NULL,NULL,NULL,NULL,1530777696,1530777696),('/admin/measure/grid-sort',3,NULL,NULL,NULL,NULL,1530777696,1530777696),('/admin/measure/index',3,NULL,NULL,NULL,NULL,1530777696,1530777696),('/admin/measure/update',3,NULL,NULL,NULL,NULL,1530777696,1530777696),('/admin/measure/view',3,NULL,NULL,NULL,NULL,1530777696,1530777696),('/admin/media/*',3,NULL,NULL,NULL,NULL,1530777696,1530777696),('/admin/media/album/*',3,NULL,NULL,NULL,NULL,1530777696,1530777696),('/admin/media/album/bulk-delete',3,NULL,NULL,NULL,NULL,1530777696,1530777696),('/admin/media/album/create',3,NULL,NULL,NULL,NULL,1530777696,1530777696),('/admin/media/album/delete',3,NULL,NULL,NULL,NULL,1530777696,1530777696),('/admin/media/album/grid-page-size',3,NULL,NULL,NULL,NULL,1530777696,1530777696),('/admin/media/album/grid-sort',3,NULL,NULL,NULL,NULL,1530777696,1530777696),('/admin/media/album/index',3,NULL,NULL,NULL,NULL,1530777696,1530777696),('/admin/media/album/toggle-attribute',3,NULL,NULL,NULL,NULL,1530777696,1530777696),('/admin/media/album/update',3,NULL,NULL,NULL,NULL,1530777696,1530777696),('/admin/media/category/*',3,NULL,NULL,NULL,NULL,1530777696,1530777696),('/admin/media/category/bulk-delete',3,NULL,NULL,NULL,NULL,1530777696,1530777696),('/admin/media/category/create',3,NULL,NULL,NULL,NULL,1530777696,1530777696),('/admin/media/category/delete',3,NULL,NULL,NULL,NULL,1530777696,1530777696),('/admin/media/category/grid-page-size',3,NULL,NULL,NULL,NULL,1530777696,1530777696),('/admin/media/category/grid-sort',3,NULL,NULL,NULL,NULL,1530777696,1530777696),('/admin/media/category/index',3,NULL,NULL,NULL,NULL,1530777696,1530777696),('/admin/media/category/toggle-attribute',3,NULL,NULL,NULL,NULL,1530777696,1530777696),('/admin/media/category/update',3,NULL,NULL,NULL,NULL,1530777696,1530777696),('/admin/media/default/*',3,NULL,NULL,NULL,NULL,1530777696,1530777696),('/admin/media/default/index',3,NULL,NULL,NULL,NULL,1530777696,1530777696),('/admin/media/default/settings',3,NULL,NULL,NULL,NULL,1530777696,1530777696),('/admin/media/manage/delete',3,NULL,NULL,NULL,NULL,1530777696,1530777696),('/admin/media/manage/index',3,NULL,NULL,NULL,NULL,1530777696,1530777696),('/admin/media/manage/info',3,NULL,NULL,NULL,NULL,1530777696,1530777696),('/admin/media/manage/resize',3,NULL,NULL,NULL,NULL,1530777696,1530777696),('/admin/media/manage/update',3,NULL,NULL,NULL,NULL,1530777696,1530777696),('/admin/media/manage/upload',3,NULL,NULL,NULL,NULL,1530777696,1530777696),('/admin/media/manage/uploader',3,NULL,NULL,NULL,NULL,1530777696,1530777696),('/admin/menu/*',3,NULL,NULL,NULL,NULL,1530777696,1530777696),('/admin/menu/default/*',3,NULL,NULL,NULL,NULL,1530777696,1530777696),('/admin/menu/default/bulk-delete',3,NULL,NULL,NULL,NULL,1530777696,1530777696),('/admin/menu/default/create',3,NULL,NULL,NULL,NULL,1530777696,1530777696),('/admin/menu/default/delete',3,NULL,NULL,NULL,NULL,1530777696,1530777696),('/admin/menu/default/grid-page-size',3,NULL,NULL,NULL,NULL,1530777696,1530777696),('/admin/menu/default/grid-sort',3,NULL,NULL,NULL,NULL,1530777696,1530777696),('/admin/menu/default/index',3,NULL,NULL,NULL,NULL,1530777696,1530777696),('/admin/menu/default/update',3,NULL,NULL,NULL,NULL,1530777696,1530777696),('/admin/menu/default/view',3,NULL,NULL,NULL,NULL,1530777696,1530777696),('/admin/menu/link/*',3,NULL,NULL,NULL,NULL,1530777696,1530777696),('/admin/menu/link/bulk-delete',3,NULL,NULL,NULL,NULL,1530777696,1530777696),('/admin/menu/link/create',3,NULL,NULL,NULL,NULL,1530777696,1530777696),('/admin/menu/link/delete',3,NULL,NULL,NULL,NULL,1530777696,1530777696),('/admin/menu/link/grid-page-size',3,NULL,NULL,NULL,NULL,1530777696,1530777696),('/admin/menu/link/grid-sort',3,NULL,NULL,NULL,NULL,1530777696,1530777696),('/admin/menu/link/index',3,NULL,NULL,NULL,NULL,1530777696,1530777696),('/admin/menu/link/update',3,NULL,NULL,NULL,NULL,1530777696,1530777696),('/admin/menu/link/view',3,NULL,NULL,NULL,NULL,1530777696,1530777696),('/admin/page/*',3,NULL,NULL,NULL,NULL,1530777696,1530777696),('/admin/page/default/*',3,NULL,NULL,NULL,NULL,1530777696,1530777696),('/admin/page/default/bulk-activate',3,NULL,NULL,NULL,NULL,1530777696,1530777696),('/admin/page/default/bulk-deactivate',3,NULL,NULL,NULL,NULL,1530777696,1530777696),('/admin/page/default/bulk-delete',3,NULL,NULL,NULL,NULL,1530777696,1530777696),('/admin/page/default/create',3,NULL,NULL,NULL,NULL,1530777696,1530777696),('/admin/page/default/delete',3,NULL,NULL,NULL,NULL,1530777696,1530777696),('/admin/page/default/grid-page-size',3,NULL,NULL,NULL,NULL,1530777696,1530777696),('/admin/page/default/grid-sort',3,NULL,NULL,NULL,NULL,1530777696,1530777696),('/admin/page/default/index',3,NULL,NULL,NULL,NULL,1530777696,1530777696),('/admin/page/default/toggle-attribute',3,NULL,NULL,NULL,NULL,1530777696,1530777696),('/admin/page/default/update',3,NULL,NULL,NULL,NULL,1530777696,1530777696),('/admin/page/default/view',3,NULL,NULL,NULL,NULL,1530777696,1530777696),('/admin/post/*',3,NULL,NULL,NULL,NULL,1530777695,1530777695),('/admin/post/category/*',3,NULL,NULL,NULL,NULL,1530777695,1530777695),('/admin/post/category/bulk-delete',3,NULL,NULL,NULL,NULL,1530777695,1530777695),('/admin/post/category/create',3,NULL,NULL,NULL,NULL,1530777695,1530777695),('/admin/post/category/delete',3,NULL,NULL,NULL,NULL,1530777695,1530777695),('/admin/post/category/grid-page-size',3,NULL,NULL,NULL,NULL,1530777695,1530777695),('/admin/post/category/grid-sort',3,NULL,NULL,NULL,NULL,1530777695,1530777695),('/admin/post/category/index',3,NULL,NULL,NULL,NULL,1530777695,1530777695),('/admin/post/category/toggle-attribute',3,NULL,NULL,NULL,NULL,1530777695,1530777695),('/admin/post/category/update',3,NULL,NULL,NULL,NULL,1530777695,1530777695),('/admin/post/default/*',3,NULL,NULL,NULL,NULL,1530777695,1530777695),('/admin/post/default/bulk-activate',3,NULL,NULL,NULL,NULL,1530777695,1530777695),('/admin/post/default/bulk-deactivate',3,NULL,NULL,NULL,NULL,1530777695,1530777695),('/admin/post/default/bulk-delete',3,NULL,NULL,NULL,NULL,1530777695,1530777695),('/admin/post/default/create',3,NULL,NULL,NULL,NULL,1530777695,1530777695),('/admin/post/default/delete',3,NULL,NULL,NULL,NULL,1530777695,1530777695),('/admin/post/default/grid-page-size',3,NULL,NULL,NULL,NULL,1530777695,1530777695),('/admin/post/default/grid-sort',3,NULL,NULL,NULL,NULL,1530777695,1530777695),('/admin/post/default/index',3,NULL,NULL,NULL,NULL,1530777695,1530777695),('/admin/post/default/toggle-attribute',3,NULL,NULL,NULL,NULL,1530777695,1530777695),('/admin/post/default/update',3,NULL,NULL,NULL,NULL,1530777695,1530777695),('/admin/post/default/view',3,NULL,NULL,NULL,NULL,1530777695,1530777695),('/admin/post/tag/bulk-delete',3,NULL,NULL,NULL,NULL,1530777695,1530777695),('/admin/post/tag/create',3,NULL,NULL,NULL,NULL,1530777695,1530777695),('/admin/post/tag/delete',3,NULL,NULL,NULL,NULL,1530777695,1530777695),('/admin/post/tag/grid-page-size',3,NULL,NULL,NULL,NULL,1530777695,1530777695),('/admin/post/tag/grid-sort',3,NULL,NULL,NULL,NULL,1530777695,1530777695),('/admin/post/tag/index',3,NULL,NULL,NULL,NULL,1530777695,1530777695),('/admin/post/tag/toggle-attribute',3,NULL,NULL,NULL,NULL,1530777695,1530777695),('/admin/post/tag/update',3,NULL,NULL,NULL,NULL,1530777695,1530777695),('/admin/seo/*',3,NULL,NULL,NULL,NULL,1530777696,1530777696),('/admin/seo/default/*',3,NULL,NULL,NULL,NULL,1530777696,1530777696),('/admin/seo/default/bulk-delete',3,NULL,NULL,NULL,NULL,1530777696,1530777696),('/admin/seo/default/create',3,NULL,NULL,NULL,NULL,1530777696,1530777696),('/admin/seo/default/delete',3,NULL,NULL,NULL,NULL,1530777696,1530777696),('/admin/seo/default/grid-page-size',3,NULL,NULL,NULL,NULL,1530777696,1530777696),('/admin/seo/default/grid-sort',3,NULL,NULL,NULL,NULL,1530777696,1530777696),('/admin/seo/default/index',3,NULL,NULL,NULL,NULL,1530777696,1530777696),('/admin/seo/default/update',3,NULL,NULL,NULL,NULL,1530777696,1530777696),('/admin/settings/*',3,NULL,NULL,NULL,NULL,1530777696,1530777696),('/admin/settings/cache/flush',3,NULL,NULL,NULL,NULL,1530777696,1530777696),('/admin/settings/default/*',3,NULL,NULL,NULL,NULL,1530777696,1530777696),('/admin/settings/default/index',3,NULL,NULL,NULL,NULL,1530777696,1530777696),('/admin/settings/reading/index',3,NULL,NULL,NULL,NULL,1530777696,1530777696),('/admin/site/index',3,NULL,NULL,NULL,NULL,1530777695,1530777695),('/admin/translation/*',3,NULL,NULL,NULL,NULL,1530777696,1530777696),('/admin/translation/default/*',3,NULL,NULL,NULL,NULL,1530777696,1530777696),('/admin/translation/default/index',3,NULL,NULL,NULL,NULL,1530777696,1530777696),('/admin/translation/source/*',3,NULL,NULL,NULL,NULL,1530777696,1530777696),('/admin/translation/source/create',3,NULL,NULL,NULL,NULL,1530777696,1530777696),('/admin/translation/source/delete',3,NULL,NULL,NULL,NULL,1530777696,1530777696),('/admin/translation/source/update',3,NULL,NULL,NULL,NULL,1530777696,1530777696),('/admin/user/*',3,NULL,NULL,NULL,NULL,1530777696,1530777696),('/admin/user/default/*',3,NULL,NULL,NULL,NULL,1530777696,1530777696),('/admin/user/default/bulk-activate',3,NULL,NULL,NULL,NULL,1530777696,1530777696),('/admin/user/default/bulk-deactivate',3,NULL,NULL,NULL,NULL,1530777696,1530777696),('/admin/user/default/bulk-delete',3,NULL,NULL,NULL,NULL,1530777696,1530777696),('/admin/user/default/change-password',3,NULL,NULL,NULL,NULL,1530777696,1530777696),('/admin/user/default/create',3,NULL,NULL,NULL,NULL,1530777696,1530777696),('/admin/user/default/delete',3,NULL,NULL,NULL,NULL,1530777696,1530777696),('/admin/user/default/grid-page-size',3,NULL,NULL,NULL,NULL,1530777696,1530777696),('/admin/user/default/grid-sort',3,NULL,NULL,NULL,NULL,1530777696,1530777696),('/admin/user/default/index',3,NULL,NULL,NULL,NULL,1530777696,1530777696),('/admin/user/default/toggle-attribute',3,NULL,NULL,NULL,NULL,1530777696,1530777696),('/admin/user/default/update',3,NULL,NULL,NULL,NULL,1530777696,1530777696),('/admin/user/permission-groups/*',3,NULL,NULL,NULL,NULL,1530777696,1530777696),('/admin/user/permission-groups/bulk-delete',3,NULL,NULL,NULL,NULL,1530777696,1530777696),('/admin/user/permission-groups/create',3,NULL,NULL,NULL,NULL,1530777696,1530777696),('/admin/user/permission-groups/delete',3,NULL,NULL,NULL,NULL,1530777696,1530777696),('/admin/user/permission-groups/grid-page-size',3,NULL,NULL,NULL,NULL,1530777696,1530777696),('/admin/user/permission-groups/grid-sort',3,NULL,NULL,NULL,NULL,1530777696,1530777696),('/admin/user/permission-groups/index',3,NULL,NULL,NULL,NULL,1530777696,1530777696),('/admin/user/permission-groups/update',3,NULL,NULL,NULL,NULL,1530777696,1530777696),('/admin/user/permission/*',3,NULL,NULL,NULL,NULL,1530777696,1530777696),('/admin/user/permission/bulk-delete',3,NULL,NULL,NULL,NULL,1530777696,1530777696),('/admin/user/permission/create',3,NULL,NULL,NULL,NULL,1530777696,1530777696),('/admin/user/permission/delete',3,NULL,NULL,NULL,NULL,1530777696,1530777696),('/admin/user/permission/grid-page-size',3,NULL,NULL,NULL,NULL,1530777696,1530777696),('/admin/user/permission/grid-sort',3,NULL,NULL,NULL,NULL,1530777696,1530777696),('/admin/user/permission/index',3,NULL,NULL,NULL,NULL,1530777696,1530777696),('/admin/user/permission/refresh-routes',3,NULL,NULL,NULL,NULL,1530777696,1530777696),('/admin/user/permission/set-child-permissions',3,NULL,NULL,NULL,NULL,1530777696,1530777696),('/admin/user/permission/set-child-routes',3,NULL,NULL,NULL,NULL,1530777696,1530777696),('/admin/user/permission/update',3,NULL,NULL,NULL,NULL,1530777696,1530777696),('/admin/user/permission/view',3,NULL,NULL,NULL,NULL,1530777696,1530777696),('/admin/user/role/*',3,NULL,NULL,NULL,NULL,1530777696,1530777696),('/admin/user/role/bulk-delete',3,NULL,NULL,NULL,NULL,1530777696,1530777696),('/admin/user/role/create',3,NULL,NULL,NULL,NULL,1530777696,1530777696),('/admin/user/role/delete',3,NULL,NULL,NULL,NULL,1530777696,1530777696),('/admin/user/role/grid-page-size',3,NULL,NULL,NULL,NULL,1530777696,1530777696),('/admin/user/role/grid-sort',3,NULL,NULL,NULL,NULL,1530777696,1530777696),('/admin/user/role/index',3,NULL,NULL,NULL,NULL,1530777696,1530777696),('/admin/user/role/set-child-permissions',3,NULL,NULL,NULL,NULL,1530777696,1530777696),('/admin/user/role/set-child-roles',3,NULL,NULL,NULL,NULL,1530777696,1530777696),('/admin/user/role/update',3,NULL,NULL,NULL,NULL,1530777696,1530777696),('/admin/user/role/view',3,NULL,NULL,NULL,NULL,1530777696,1530777696),('/admin/user/user-permission/*',3,NULL,NULL,NULL,NULL,1530777696,1530777696),('/admin/user/user-permission/set',3,NULL,NULL,NULL,NULL,1530777696,1530777696),('/admin/user/user-permission/set-roles',3,NULL,NULL,NULL,NULL,1530777696,1530777696),('/admin/user/visit-log/*',3,NULL,NULL,NULL,NULL,1530777696,1530777696),('/admin/user/visit-log/grid-page-size',3,NULL,NULL,NULL,NULL,1530777696,1530777696),('/admin/user/visit-log/grid-sort',3,NULL,NULL,NULL,NULL,1530777696,1530777696),('/admin/user/visit-log/index',3,NULL,NULL,NULL,NULL,1530777696,1530777696),('/admin/user/visit-log/view',3,NULL,NULL,NULL,NULL,1530777696,1530777696),('/measure/*',3,NULL,NULL,NULL,NULL,NULL,NULL),('/measure/bulk-delete',3,NULL,NULL,NULL,NULL,NULL,NULL),('/measure/create',3,NULL,NULL,NULL,NULL,NULL,NULL),('/measure/delete',3,NULL,NULL,NULL,NULL,NULL,NULL),('/measure/grid-page-size',3,NULL,NULL,NULL,NULL,NULL,NULL),('/measure/grid-sort',3,NULL,NULL,NULL,NULL,NULL,NULL),('/measure/index',3,NULL,NULL,NULL,NULL,NULL,NULL),('/measure/update',3,NULL,NULL,NULL,NULL,NULL,NULL),('/measure/view',3,NULL,NULL,NULL,NULL,NULL,NULL),('/option/*',3,NULL,NULL,NULL,NULL,NULL,NULL),('/option/bulk-delete',3,NULL,NULL,NULL,NULL,NULL,NULL),('/option/create',3,NULL,NULL,NULL,NULL,NULL,NULL),('/option/delete',3,NULL,NULL,NULL,NULL,NULL,NULL),('/option/grid-page-size',3,NULL,NULL,NULL,NULL,NULL,NULL),('/option/grid-sort',3,NULL,NULL,NULL,NULL,NULL,NULL),('/option/index',3,NULL,NULL,NULL,NULL,NULL,NULL),('/option/update',3,NULL,NULL,NULL,NULL,NULL,NULL),('/option/view',3,NULL,NULL,NULL,NULL,NULL,NULL),('assignRolesToUsers',2,'Assign Roles To Users',NULL,'userManagement',NULL,1530777696,1530777696),('author',1,'Автор',NULL,NULL,NULL,1530777695,1530777695),('backend_administrator',1,'Администратор backend',NULL,NULL,NULL,1530777695,1538059174),('bindUserToIp',2,'Bind User To IP',NULL,'userManagement',NULL,1530777696,1530777696),('BulkDeleteMeasure',2,'Bulk Delete Measure',NULL,'system',NULL,1534937206,1534937269),('BulkDeleteOption',2,'Bulk Delete Option',NULL,'system',NULL,1534937206,1534937269),('changeGeneralSettings',2,'Change General Settings',NULL,'settings',NULL,1530777696,1530777696),('changeOwnPassword',2,'Change Own Password',NULL,'userCommonPermissions',NULL,1530777695,1530777695),('changeReadingSettings',2,'Change Reading Settings',NULL,'settings',NULL,1530777696,1530777696),('changeUserPassword',2,'Change User Password',NULL,'userManagement',NULL,1530777696,1530777696),('commonPermission',2,'Common Permission',NULL,'userCommonPermissions',NULL,1530777695,1530777695),('createComments',2,'Create Comments',NULL,'commentManagement',NULL,1530777696,1530777696),('createEavRecords',2,'Create EAV records',NULL,'eavManagement',NULL,1440180000,1440180000),('createMeasure',2,'Create Measure',NULL,'system',NULL,1534857665,1534857665),('createMediaAlbums',2,'Create Media Albums',NULL,'mediaManagement',NULL,1530777696,1530777696),('createMediaCategories',2,'Create Media Categories',NULL,'mediaManagement',NULL,1530777696,1530777696),('createMenuLinks',2,'Create Menu Links',NULL,'menuManagement',NULL,1530777696,1530777696),('createMenus',2,'Create Menus',NULL,'menuManagement',NULL,1530777696,1530777696),('createOption',2,'Create Option',NULL,'system',NULL,1534857665,1534857665),('createPages',2,'Create Pages',NULL,'pageManagement',NULL,1530777696,1530777696),('createPostCategories',2,'Create Post Categories',NULL,'postManagement',NULL,1530777695,1530777695),('createPosts',2,'Create Posts',NULL,'postManagement',NULL,1530777695,1530777695),('createPostTags',2,'Create Post Tags',NULL,'postManagement',NULL,1530777695,1530777695),('createSeo',2,'Create SEO Records',NULL,'seoManagement',NULL,1530777696,1530777696),('createSourceMessages',2,'Create Source Messages',NULL,'translations',NULL,1530777696,1530777696),('createUsers',2,'Create Users',NULL,'userManagement',NULL,1530777696,1530777696),('deleteComments',2,'Delete Comments',NULL,'commentManagement',NULL,1530777696,1530777696),('deleteDb',2,'Delete Db Records',NULL,'dbManagement',NULL,1530777696,1530777696),('deleteEavRecords',2,'Delete EAV records',NULL,'eavManagement',NULL,1440180000,1440180000),('deleteMeasure',2,'Delete Measure',NULL,'system',NULL,1534857716,1534857716),('deleteMedia',2,'Delete Media',NULL,'mediaManagement',NULL,1530777696,1530777696),('deleteMediaAlbums',2,'Delete Media Albums',NULL,'mediaManagement',NULL,1530777696,1530777696),('deleteMediaCategories',2,'Delete Media Categories',NULL,'mediaManagement',NULL,1530777696,1530777696),('deleteMenuLinks',2,'Delete Menu Links',NULL,'menuManagement',NULL,1530777696,1530777696),('deleteMenus',2,'Delete Menus',NULL,'menuManagement',NULL,1530777696,1530777696),('deleteOption',2,'Delete Option',NULL,'system',NULL,1534857716,1534857716),('deletePages',2,'Delete Pages',NULL,'pageManagement',NULL,1530777696,1530777696),('deletePostCategories',2,'Delete Post Categories',NULL,'postManagement',NULL,1530777695,1530777695),('deletePosts',2,'Delete Posts',NULL,'postManagement',NULL,1530777695,1530777695),('deletePostTags',2,'Delete Post Tags',NULL,'postManagement',NULL,1530777695,1530777695),('deleteSeo',2,'Delete SEO Records',NULL,'seoManagement',NULL,1530777696,1530777696),('deleteSourceMessages',2,'Delete Source Messages',NULL,'translations',NULL,1530777696,1530777696),('deleteUsers',2,'Delete Users',NULL,'userManagement',NULL,1530777696,1530777696),('department_head',1,'Руководитель отдела',NULL,NULL,NULL,1538053774,1538053774),('editComments',2,'Edit Comments',NULL,'commentManagement',NULL,1530777696,1530777696),('editEavRecords',2,'Edit EAV records',NULL,'eavManagement',NULL,1440180000,1440180000),('editMeasure',2,'Edit Measure',NULL,'system',NULL,1534759889,1534856833),('editMedia',2,'Edit Media',NULL,'mediaManagement',NULL,1530777696,1530777696),('editMediaAlbums',2,'Edit Media Albums',NULL,'mediaManagement',NULL,1530777696,1530777696),('editMediaCategories',2,'Edit Media Categories',NULL,'mediaManagement',NULL,1530777696,1530777696),('editMediaSettings',2,'Edit Media Settings',NULL,'mediaManagement',NULL,1530777696,1530777696),('editMenuLinks',2,'Edit Menu Links',NULL,'menuManagement',NULL,1530777696,1530777696),('editMenus',2,'Edit Menus',NULL,'menuManagement',NULL,1530777696,1530777696),('editOption',2,'Edit Option',NULL,'system',NULL,1534759889,1534856833),('editPages',2,'Edit Pages',NULL,'pageManagement',NULL,1530777696,1530777696),('editPostCategories',2,'Edit Post Categories',NULL,'postManagement',NULL,1530777695,1530777695),('editPosts',2,'Edit Posts',NULL,'postManagement',NULL,1530777695,1530777695),('editPostTags',2,'Edit Post Tags',NULL,'postManagement',NULL,1530777695,1530777695),('editSeo',2,'Edit SEO Records',NULL,'seoManagement',NULL,1530777696,1530777696),('editUserEmail',2,'Edit User Email',NULL,'userManagement',NULL,1530777696,1530777696),('editUsers',2,'Edit Users',NULL,'userManagement',NULL,1530777696,1530777696),('exportDb',2,'Export Db Records',NULL,'dbManagement',NULL,1530777696,1530777696),('flushCache',2,'Flush Cache',NULL,'settings',NULL,1530777696,1530777696),('frontend_administrator',1,'Администратор frontend',NULL,NULL,NULL,1538059203,1538059203),('fullMediaAccess',2,'Full Media Access',NULL,'mediaManagement',NULL,1530777696,1530777696),('fullMediaAlbumAccess',2,'Full Media Albums Access',NULL,'mediaManagement',NULL,1530777696,1530777696),('fullMediaCategoryAccess',2,'Full Media Categories Access',NULL,'mediaManagement',NULL,1530777696,1530777696),('fullMenuAccess',2,'Full Menu Access',NULL,'menuManagement',NULL,1530777696,1530777696),('fullMenuLinkAccess',2,'Full Menu Links Access',NULL,'menuManagement',NULL,1530777696,1530777696),('fullPageAccess',2,'Full Page Access',NULL,'pageManagement',NULL,1530777696,1530777696),('fullPostAccess',2,'Full Post Access',NULL,'postManagement',NULL,1530777695,1530777695),('fullPostCategoryAccess',2,'Full Post Categories Access',NULL,'postManagement',NULL,1530777695,1530777695),('fullPostTagAccess',2,'Full Post Tags Access',NULL,'postManagement',NULL,1530777696,1530777696),('fullSeoAccess',2,'Full SEO Records Access',NULL,'seoManagement',NULL,1530777696,1530777696),('importDb',2,'Import Db Records',NULL,'dbManagement',NULL,1530777696,1530777696),('main_administrator',1,'Главный администратор',NULL,NULL,NULL,1538059041,1538059041),('manageRolesAndPermissions',2,'Manage Roles And Permissions',NULL,'userManagement',NULL,1530777696,1530777696),('moderator',1,'Модератор',NULL,NULL,NULL,1530777695,1530777695),('parent',1,'Родитель',NULL,NULL,NULL,1538052472,1538052472),('staff',1,'Сотрудник',NULL,NULL,NULL,1538052397,1538052397),('student',1,'Ученик',NULL,NULL,NULL,1538052455,1538052455),('teacher',1,'Преподаватель',NULL,NULL,NULL,1538052436,1538052436),('updateImmutableSourceMessages',2,'Update Immutable Source Messages',NULL,'translations',NULL,1530777696,1530777696),('updateSourceMessages',2,'Update Source Messages',NULL,'translations',NULL,1530777696,1530777696),('updateTranslations',2,'Update Message Translations',NULL,'translations',NULL,1530777696,1530777696),('uploadMedia',2,'Upload Media',NULL,'mediaManagement',NULL,1530777696,1530777696),('user',1,'Пользователь',NULL,NULL,NULL,1530777695,1530777695),('viewComments',2,'View Comments',NULL,'commentManagement',NULL,1530777696,1530777696),('viewDashboard',2,'View Dashboard',NULL,'dashboard',NULL,1530777695,1530777695),('viewDb',2,'View Db Records',NULL,'dbManagement',NULL,1530777696,1530777696),('viewEavRecords',2,'View EAV records',NULL,'eavManagement',NULL,1440180000,1440180000),('viewMeasure',2,'View Measure',NULL,'system',NULL,1534856980,1534856980),('viewMedia',2,'View Media',NULL,'mediaManagement',NULL,1530777696,1530777696),('viewMediaAlbums',2,'View Media Albums',NULL,'mediaManagement',NULL,1530777696,1530777696),('viewMediaCategories',2,'View Media Categories',NULL,'mediaManagement',NULL,1530777696,1530777696),('viewMenuLinks',2,'View Menu Links',NULL,'menuManagement',NULL,1530777696,1530777696),('viewMenus',2,'View Menus',NULL,'menuManagement',NULL,1530777696,1530777696),('viewOption',2,'View Option',NULL,'system',NULL,1534856980,1534856980),('viewPages',2,'View Pages',NULL,'pageManagement',NULL,1530777696,1530777696),('viewPostCategories',2,'View Posts',NULL,'postManagement',NULL,1530777695,1530777695),('viewPosts',2,'View Posts',NULL,'postManagement',NULL,1530777695,1530777695),('viewPostTags',2,'View Tags',NULL,'postManagement',NULL,1530777695,1530777695),('viewRegistrationIp',2,'View Registration IP',NULL,'userManagement',NULL,1530777696,1530777696),('viewRolesAndPermissions',2,'View Roles And Permissions',NULL,'userManagement',NULL,1530777696,1530777696),('viewSeo',2,'View SEO Records',NULL,'seoManagement',NULL,1530777696,1530777696),('viewTranslations',2,'View Message Translations',NULL,'translations',NULL,1530777696,1530777696),('viewUserEmail',2,'View User Email',NULL,'userManagement',NULL,1530777696,1530777696),('viewUserRoles',2,'View User Roles',NULL,'userManagement',NULL,1530777696,1530777696),('viewUsers',2,'View Users',NULL,'userManagement',NULL,1530777696,1530777696),('viewVisitLog',2,'View Visit Logs',NULL,'userManagement',NULL,1530777696,1530777696);
/*!40000 ALTER TABLE `auth_item` ENABLE KEYS */;
UNLOCK TABLES;

--
-- Table structure for table `auth_item_child`
--

DROP TABLE IF EXISTS `auth_item_child`;
/*!40101 SET @saved_cs_client     = @@character_set_client */;
/*!40101 SET character_set_client = utf8 */;
CREATE TABLE `auth_item_child` (
  `parent` varchar(64) NOT NULL,
  `child` varchar(64) NOT NULL,
  PRIMARY KEY (`parent`,`child`),
  KEY `fk_child_auth_item_child_table` (`child`),
  CONSTRAINT `fk_child_auth_item_child_table` FOREIGN KEY (`child`) REFERENCES `auth_item` (`name`) ON DELETE CASCADE ON UPDATE CASCADE,
  CONSTRAINT `fk_parent_auth_item_child_table` FOREIGN KEY (`parent`) REFERENCES `auth_item` (`name`) ON DELETE CASCADE ON UPDATE CASCADE
) ENGINE=InnoDB DEFAULT CHARSET=utf8;
/*!40101 SET character_set_client = @saved_cs_client */;

--
-- Dumping data for table `auth_item_child`
--

LOCK TABLES `auth_item_child` WRITE;
/*!40000 ALTER TABLE `auth_item_child` DISABLE KEYS */;
INSERT INTO `auth_item_child` VALUES ('viewDashboard','/admin'),('viewMedia','/admin/#mediafile'),('editComments','/admin/comment/default/bulk-activate'),('editComments','/admin/comment/default/bulk-deactivate'),('deleteComments','/admin/comment/default/bulk-delete'),('editComments','/admin/comment/default/bulk-spam'),('editComments','/admin/comment/default/bulk-trash'),('createComments','/admin/comment/default/create'),('deleteComments','/admin/comment/default/delete'),('viewComments','/admin/comment/default/grid-page-size'),('viewComments','/admin/comment/default/grid-sort'),('viewComments','/admin/comment/default/index'),('editComments','/admin/comment/default/toggle-attribute'),('editComments','/admin/comment/default/update'),('viewComments','/admin/comment/default/view'),('deleteDb','/admin/Db/delete'),('exportDb','/admin/Db/export'),('importDb','/admin/Db/import'),('viewDb','/admin/Db/index'),('deleteEavRecords','/admin/eav/attribute-option/bulk-delete'),('createEavRecords','/admin/eav/attribute-option/create'),('deleteEavRecords','/admin/eav/attribute-option/delete'),('viewEavRecords','/admin/eav/attribute-option/grid-page-size'),('viewEavRecords','/admin/eav/attribute-option/grid-sort'),('viewEavRecords','/admin/eav/attribute-option/index'),('editEavRecords','/admin/eav/attribute-option/toggle-attribute'),('editEavRecords','/admin/eav/attribute-option/update'),('deleteEavRecords','/admin/eav/attribute-type/bulk-delete'),('createEavRecords','/admin/eav/attribute-type/create'),('deleteEavRecords','/admin/eav/attribute-type/delete'),('viewEavRecords','/admin/eav/attribute-type/grid-page-size'),('viewEavRecords','/admin/eav/attribute-type/grid-sort'),('viewEavRecords','/admin/eav/attribute-type/index'),('editEavRecords','/admin/eav/attribute-type/toggle-attribute'),('editEavRecords','/admin/eav/attribute-type/update'),('deleteEavRecords','/admin/eav/attribute/bulk-delete'),('createEavRecords','/admin/eav/attribute/create'),('deleteEavRecords','/admin/eav/attribute/delete'),('viewEavRecords','/admin/eav/attribute/grid-page-size'),('viewEavRecords','/admin/eav/attribute/grid-sort'),('viewEavRecords','/admin/eav/attribute/index'),('editEavRecords','/admin/eav/attribute/toggle-attribute'),('editEavRecords','/admin/eav/attribute/update'),('viewEavRecords','/admin/eav/default/get-attributes'),('viewEavRecords','/admin/eav/default/get-categories'),('viewEavRecords','/admin/eav/default/index'),('editEavRecords','/admin/eav/default/set-attributes'),('deleteEavRecords','/admin/eav/entity-model/bulk-delete'),('createEavRecords','/admin/eav/entity-model/create'),('deleteEavRecords','/admin/eav/entity-model/delete'),('viewEavRecords','/admin/eav/entity-model/grid-page-size'),('viewEavRecords','/admin/eav/entity-model/grid-sort'),('viewEavRecords','/admin/eav/entity-model/index'),('editEavRecords','/admin/eav/entity-model/toggle-attribute'),('editEavRecords','/admin/eav/entity-model/update'),('BulkDeleteMeasure','/admin/measure/bulk-delete'),('createMeasure','/admin/measure/create'),('deleteMeasure','/admin/measure/delete'),('viewMeasure','/admin/measure/grid-page-size'),('viewMeasure','/admin/measure/grid-sort'),('viewMeasure','/admin/measure/index'),('editMeasure','/admin/measure/update'),('viewMeasure','/admin/measure/view'),('deleteMediaAlbums','/admin/media/album/bulk-delete'),('createMediaAlbums','/admin/media/album/create'),('deleteMediaAlbums','/admin/media/album/delete'),('viewMediaAlbums','/admin/media/album/grid-page-size'),('viewMediaAlbums','/admin/media/album/grid-sort'),('viewMediaAlbums','/admin/media/album/index'),('editMediaAlbums','/admin/media/album/toggle-attribute'),('editMediaAlbums','/admin/media/album/update'),('deleteMediaCategories','/admin/media/category/bulk-delete'),('createMediaCategories','/admin/media/category/create'),('deleteMediaCategories','/admin/media/category/delete'),('viewMediaCategories','/admin/media/category/grid-page-size'),('viewMediaCategories','/admin/media/category/grid-sort'),('viewMediaCategories','/admin/media/category/index'),('editMediaCategories','/admin/media/category/toggle-attribute'),('editMediaCategories','/admin/media/category/update'),('viewMedia','/admin/media/default/index'),('editMediaSettings','/admin/media/default/settings'),('deleteMedia','/admin/media/manage/delete'),('viewMedia','/admin/media/manage/index'),('viewMedia','/admin/media/manage/info'),('editMediaSettings','/admin/media/manage/resize'),('editMedia','/admin/media/manage/update'),('uploadMedia','/admin/media/manage/upload'),('uploadMedia','/admin/media/manage/uploader'),('deleteMenus','/admin/menu/default/bulk-delete'),('createMenus','/admin/menu/default/create'),('deleteMenus','/admin/menu/default/delete'),('viewMenus','/admin/menu/default/grid-page-size'),('viewMenus','/admin/menu/default/grid-sort'),('viewMenus','/admin/menu/default/index'),('editMenus','/admin/menu/default/update'),('viewMenus','/admin/menu/default/view'),('deleteMenuLinks','/admin/menu/link/bulk-delete'),('createMenuLinks','/admin/menu/link/create'),('deleteMenuLinks','/admin/menu/link/delete'),('viewMenuLinks','/admin/menu/link/grid-page-size'),('viewMenuLinks','/admin/menu/link/grid-sort'),('viewMenuLinks','/admin/menu/link/index'),('editMenuLinks','/admin/menu/link/update'),('viewMenuLinks','/admin/menu/link/view'),('editPages','/admin/page/default/bulk-activate'),('editPages','/admin/page/default/bulk-deactivate'),('deletePages','/admin/page/default/bulk-delete'),('createPages','/admin/page/default/create'),('deletePages','/admin/page/default/delete'),('viewPages','/admin/page/default/grid-page-size'),('viewPages','/admin/page/default/grid-sort'),('viewPages','/admin/page/default/index'),('editPages','/admin/page/default/toggle-attribute'),('editPages','/admin/page/default/update'),('viewPages','/admin/page/default/view'),('deletePostCategories','/admin/post/category/bulk-delete'),('createPostCategories','/admin/post/category/create'),('deletePostCategories','/admin/post/category/delete'),('viewPostCategories','/admin/post/category/grid-page-size'),('viewPostCategories','/admin/post/category/grid-sort'),('viewPostCategories','/admin/post/category/index'),('editPostCategories','/admin/post/category/toggle-attribute'),('editPostCategories','/admin/post/category/update'),('editPosts','/admin/post/default/bulk-activate'),('editPosts','/admin/post/default/bulk-deactivate'),('deletePosts','/admin/post/default/bulk-delete'),('createPosts','/admin/post/default/create'),('deletePosts','/admin/post/default/delete'),('viewPosts','/admin/post/default/grid-page-size'),('viewPosts','/admin/post/default/grid-sort'),('viewPosts','/admin/post/default/index'),('editPosts','/admin/post/default/toggle-attribute'),('editPosts','/admin/post/default/update'),('viewPosts','/admin/post/default/view'),('deletePostTags','/admin/post/tag/bulk-delete'),('createPostTags','/admin/post/tag/create'),('deletePostTags','/admin/post/tag/delete'),('viewPostTags','/admin/post/tag/grid-page-size'),('viewPostTags','/admin/post/tag/grid-sort'),('viewPostTags','/admin/post/tag/index'),('editPostTags','/admin/post/tag/toggle-attribute'),('editPostTags','/admin/post/tag/update'),('fullSeoAccess','/admin/seo/*'),('deleteSeo','/admin/seo/default/bulk-delete'),('createSeo','/admin/seo/default/create'),('deleteSeo','/admin/seo/default/delete'),('viewSeo','/admin/seo/default/grid-page-size'),('viewSeo','/admin/seo/default/grid-sort'),('viewSeo','/admin/seo/default/index'),('editSeo','/admin/seo/default/update'),('flushCache','/admin/settings/cache/flush'),('changeGeneralSettings','/admin/settings/default/index'),('changeReadingSettings','/admin/settings/reading/index'),('viewDashboard','/admin/site/index'),('viewTranslations','/admin/translation/default/index'),('createSourceMessages','/admin/translation/source/create'),('deleteSourceMessages','/admin/translation/source/delete'),('updateSourceMessages','/admin/translation/source/update'),('editUsers','/admin/user/default/bulk-activate'),('editUsers','/admin/user/default/bulk-deactivate'),('deleteUsers','/admin/user/default/bulk-delete'),('changeUserPassword','/admin/user/default/change-password'),('createUsers','/admin/user/default/create'),('deleteUsers','/admin/user/default/delete'),('viewUsers','/admin/user/default/grid-page-size'),('viewUsers','/admin/user/default/grid-sort'),('viewUsers','/admin/user/default/index'),('editUsers','/admin/user/default/toggle-attribute'),('editUsers','/admin/user/default/update'),('manageRolesAndPermissions','/admin/user/permission-groups/bulk-delete'),('manageRolesAndPermissions','/admin/user/permission-groups/create'),('manageRolesAndPermissions','/admin/user/permission-groups/delete'),('viewRolesAndPermissions','/admin/user/permission-groups/grid-page-size'),('viewRolesAndPermissions','/admin/user/permission-groups/grid-sort'),('viewRolesAndPermissions','/admin/user/permission-groups/index'),('manageRolesAndPermissions','/admin/user/permission-groups/update'),('manageRolesAndPermissions','/admin/user/permission/bulk-delete'),('manageRolesAndPermissions','/admin/user/permission/create'),('manageRolesAndPermissions','/admin/user/permission/delete'),('viewRolesAndPermissions','/admin/user/permission/grid-page-size'),('viewRolesAndPermissions','/admin/user/permission/grid-sort'),('viewRolesAndPermissions','/admin/user/permission/index'),('manageRolesAndPermissions','/admin/user/permission/refresh-routes'),('manageRolesAndPermissions','/admin/user/permission/set-child-permissions'),('manageRolesAndPermissions','/admin/user/permission/set-child-routes'),('manageRolesAndPermissions','/admin/user/permission/update'),('manageRolesAndPermissions','/admin/user/permission/view'),('manageRolesAndPermissions','/admin/user/role/bulk-delete'),('manageRolesAndPermissions','/admin/user/role/create'),('manageRolesAndPermissions','/admin/user/role/delete'),('viewRolesAndPermissions','/admin/user/role/grid-page-size'),('viewRolesAndPermissions','/admin/user/role/grid-sort'),('viewRolesAndPermissions','/admin/user/role/index'),('manageRolesAndPermissions','/admin/user/role/set-child-permissions'),('manageRolesAndPermissions','/admin/user/role/set-child-roles'),('manageRolesAndPermissions','/admin/user/role/update'),('manageRolesAndPermissions','/admin/user/role/view'),('assignRolesToUsers','/admin/user/user-permission/set'),('assignRolesToUsers','/admin/user/user-permission/set-roles'),('viewVisitLog','/admin/user/visit-log/grid-page-size'),('viewVisitLog','/admin/user/visit-log/grid-sort'),('viewVisitLog','/admin/user/visit-log/index'),('viewVisitLog','/admin/user/visit-log/view'),('BulkDeleteMeasure','/measure/bulk-delete'),('createMeasure','/measure/create'),('deleteMeasure','/measure/delete'),('viewMeasure','/measure/grid-page-size'),('viewMeasure','/measure/grid-sort'),('viewMeasure','/measure/index'),('editMeasure','/measure/update'),('viewMeasure','/measure/view'),('BulkDeleteOption','/option/bulk-delete'),('createOption','/option/create'),('deleteOption','/option/delete'),('viewOption','/option/grid-page-size'),('viewOption','/option/grid-sort'),('viewOption','/option/index'),('viewOption','/option/view'),('backend_administrator','assignRolesToUsers'),('backend_administrator','author'),('moderator','author'),('backend_administrator','bindUserToIp'),('backend_administrator','changeGeneralSettings'),('user','changeOwnPassword'),('backend_administrator','changeReadingSettings'),('backend_administrator','changeUserPassword'),('moderator','createComments'),('backend_administrator','createEavRecords'),('author','createMediaAlbums'),('moderator','createMediaCategories'),('backend_administrator','createMenuLinks'),('backend_administrator','createMenus'),('backend_administrator','createPages'),('moderator','createPostCategories'),('author','createPosts'),('moderator','createPostTags'),('backend_administrator','createSeo'),('fullSeoAccess','createSeo'),('backend_administrator','createSourceMessages'),('backend_administrator','createUsers'),('moderator','deleteComments'),('backend_administrator','deleteDb'),('backend_administrator','deleteEavRecords'),('backend_administrator','deleteMedia'),('backend_administrator','deleteMediaAlbums'),('backend_administrator','deleteMediaCategories'),('backend_administrator','deleteMenuLinks'),('backend_administrator','deleteMenus'),('backend_administrator','deletePages'),('backend_administrator','deletePostCategories'),('moderator','deletePosts'),('backend_administrator','deletePostTags'),('backend_administrator','deleteSeo'),('fullSeoAccess','deleteSeo'),('backend_administrator','deleteSourceMessages'),('backend_administrator','deleteUsers'),('moderator','editComments'),('backend_administrator','editEavRecords'),('uploadMedia','editMedia'),('moderator','editMediaAlbums'),('moderator','editMediaCategories'),('backend_administrator','editMenuLinks'),('backend_administrator','editMenus'),('backend_administrator','editPages'),('moderator','editPostCategories'),('author','editPosts'),('moderator','editPostTags'),('backend_administrator','editSeo'),('fullSeoAccess','editSeo'),('backend_administrator','editUserEmail'),('backend_administrator','editUsers'),('manageRolesAndPermissions','editUsers'),('backend_administrator','exportDb'),('backend_administrator','flushCache'),('moderator','flushCache'),('moderator','fullMediaAccess'),('moderator','fullMediaAlbumAccess'),('moderator','fullMediaCategoryAccess'),('backend_administrator','fullMenuAccess'),('backend_administrator','fullMenuLinkAccess'),('backend_administrator','fullPageAccess'),('moderator','fullPostAccess'),('moderator','fullPostCategoryAccess'),('moderator','fullPostTagAccess'),('backend_administrator','fullSeoAccess'),('backend_administrator','importDb'),('backend_administrator','manageRolesAndPermissions'),('backend_administrator','moderator'),('backend_administrator','updateSourceMessages'),('createSourceMessages','updateSourceMessages'),('deleteSourceMessages','updateSourceMessages'),('updateImmutableSourceMessages','updateSourceMessages'),('backend_administrator','updateTranslations'),('updateSourceMessages','updateTranslations'),('author','uploadMedia'),('author','user'),('backend_administrator','user'),('moderator','user'),('createComments','viewComments'),('deleteComments','viewComments'),('editComments','viewComments'),('author','viewDashboard'),('deleteDb','viewDb'),('exportDb','viewDb'),('importDb','viewDb'),('backend_administrator','viewEavRecords'),('createEavRecords','viewEavRecords'),('deleteEavRecords','viewEavRecords'),('editEavRecords','viewEavRecords'),('createMeasure','viewMeasure'),('deleteMeasure','viewMeasure'),('editMeasure','viewMeasure'),('moderator','viewMeasure'),('deleteMedia','viewMedia'),('editMedia','viewMedia'),('editMediaSettings','viewMedia'),('fullMediaAccess','viewMedia'),('uploadMedia','viewMedia'),('createMediaAlbums','viewMediaAlbums'),('deleteMediaAlbums','viewMediaAlbums'),('editMediaAlbums','viewMediaAlbums'),('createMediaCategories','viewMediaCategories'),('deleteMediaCategories','viewMediaCategories'),('editMediaCategories','viewMediaCategories'),('backend_administrator','viewMenuLinks'),('createMenuLinks','viewMenuLinks'),('deleteMenuLinks','viewMenuLinks'),('editMenuLinks','viewMenuLinks'),('fullMenuLinkAccess','viewMenuLinks'),('backend_administrator','viewMenus'),('createMenus','viewMenus'),('deleteMenus','viewMenus'),('editMenus','viewMenus'),('fullMenuAccess','viewMenus'),('viewMenuLinks','viewMenus'),('backend_administrator','viewOption'),('BulkDeleteOption','viewOption'),('createOption','viewOption'),('deleteOption','viewOption'),('moderator','viewOption'),('backend_administrator','viewPages'),('createPages','viewPages'),('deletePages','viewPages'),('editPages','viewPages'),('author','viewPostCategories'),('author','viewPosts'),('createPostCategories','viewPosts'),('createPosts','viewPosts'),('deletePostCategories','viewPosts'),('deletePosts','viewPosts'),('editPostCategories','viewPosts'),('editPosts','viewPosts'),('viewPostCategories','viewPosts'),('viewPostTags','viewPosts'),('author','viewPostTags'),('createPostTags','viewPostTags'),('deletePostTags','viewPostTags'),('editPostTags','viewPostTags'),('backend_administrator','viewRegistrationIp'),('backend_administrator','viewRolesAndPermissions'),('manageRolesAndPermissions','viewRolesAndPermissions'),('backend_administrator','viewSeo'),('createSeo','viewSeo'),('deleteSeo','viewSeo'),('editSeo','viewSeo'),('fullSeoAccess','viewSeo'),('backend_administrator','viewTranslations'),('createSourceMessages','viewTranslations'),('deleteSourceMessages','viewTranslations'),('updateImmutableSourceMessages','viewTranslations'),('updateSourceMessages','viewTranslations'),('updateTranslations','viewTranslations'),('editUserEmail','viewUserEmail'),('moderator','viewUserEmail'),('assignRolesToUsers','viewUserRoles'),('backend_administrator','viewUserRoles'),('viewRolesAndPermissions','viewUserRoles'),('assignRolesToUsers','viewUsers'),('changeUserPassword','viewUsers'),('createUsers','viewUsers'),('deleteUsers','viewUsers'),('editUsers','viewUsers'),('manageRolesAndPermissions','viewUsers'),('moderator','viewUsers'),('viewRolesAndPermissions','viewUsers'),('viewVisitLog','viewUsers'),('backend_administrator','viewVisitLog');
/*!40000 ALTER TABLE `auth_item_child` ENABLE KEYS */;
UNLOCK TABLES;

--
-- Table structure for table `auth_item_group`
--

DROP TABLE IF EXISTS `auth_item_group`;
/*!40101 SET @saved_cs_client     = @@character_set_client */;
/*!40101 SET character_set_client = utf8 */;
CREATE TABLE `auth_item_group` (
  `code` varchar(64) NOT NULL,
  `name` varchar(255) NOT NULL,
  `created_at` int(11) DEFAULT NULL,
  `updated_at` int(11) DEFAULT NULL,
  PRIMARY KEY (`code`)
) ENGINE=InnoDB DEFAULT CHARSET=utf8;
/*!40101 SET character_set_client = @saved_cs_client */;

--
-- Dumping data for table `auth_item_group`
--

LOCK TABLES `auth_item_group` WRITE;
/*!40000 ALTER TABLE `auth_item_group` DISABLE KEYS */;
INSERT INTO `auth_item_group` VALUES ('commentManagement','Comment Management',1530777696,1530777696),('dashboard','Dashboard',1530777695,1530777695),('dbManagement','DB Management',1538129653,1538129653),('eavManagement','EAV Management',1440180000,1440180000),('mediaManagement','Media Management',1530777696,1530777696),('menuManagement','Menu Management',1530777696,1530777696),('pageManagement','Page Management',1530777696,1530777696),('postManagement','Post Management',1530777695,1530777695),('seoManagement','SEO Management',1538126970,1538126970),('settings','Settings',1530777696,1530777696),('system','System',1534759530,1534759530),('translations','Translations',1530777696,1530777696),('userCommonPermissions','Common Permissions',1530777695,1530777695),('userManagement','User Management',1530777696,1530777696);
/*!40000 ALTER TABLE `auth_item_group` ENABLE KEYS */;
UNLOCK TABLES;

--
-- Table structure for table `auth_rule`
--

DROP TABLE IF EXISTS `auth_rule`;
/*!40101 SET @saved_cs_client     = @@character_set_client */;
/*!40101 SET character_set_client = utf8 */;
CREATE TABLE `auth_rule` (
  `name` varchar(64) NOT NULL,
  `data` text,
  `created_at` int(11) DEFAULT NULL,
  `updated_at` int(11) DEFAULT NULL,
  PRIMARY KEY (`name`)
) ENGINE=InnoDB DEFAULT CHARSET=utf8;
/*!40101 SET character_set_client = @saved_cs_client */;

--
-- Dumping data for table `auth_rule`
--

LOCK TABLES `auth_rule` WRITE;
/*!40000 ALTER TABLE `auth_rule` DISABLE KEYS */;
/*!40000 ALTER TABLE `auth_rule` ENABLE KEYS */;
UNLOCK TABLES;

--
-- Table structure for table `changelogs`
--

DROP TABLE IF EXISTS `changelogs`;
/*!40101 SET @saved_cs_client     = @@character_set_client */;
/*!40101 SET character_set_client = utf8 */;
CREATE TABLE `changelogs` (
  `id` int(10) unsigned NOT NULL AUTO_INCREMENT,
  `relatedObjectType` varchar(191) COLLATE utf8mb4_unicode_ci NOT NULL,
  `relatedObjectId` int(11) NOT NULL,
  `data` text COLLATE utf8mb4_unicode_ci,
  `createdAt` int(11) DEFAULT NULL,
  `type` varchar(191) COLLATE utf8mb4_unicode_ci DEFAULT NULL,
  `userId` int(11) DEFAULT NULL,
  `hostname` varchar(191) COLLATE utf8mb4_unicode_ci DEFAULT NULL,
  PRIMARY KEY (`id`),
  KEY `IN_related_object_type` (`relatedObjectType`),
  KEY `IN_related_object_id` (`relatedObjectId`),
  KEY `IN_type` (`type`)
) ENGINE=InnoDB AUTO_INCREMENT=22 DEFAULT CHARSET=utf8mb4 COLLATE=utf8mb4_unicode_ci;
/*!40101 SET character_set_client = @saved_cs_client */;

--
-- Dumping data for table `changelogs`
--

LOCK TABLES `changelogs` WRITE;
/*!40000 ALTER TABLE `changelogs` DISABLE KEYS */;
INSERT INTO `changelogs` VALUES (1,'Option',23,'{\"name\":[null,\"111111\"],\"id\":[null,23]}',1537269274,'update',4,'127.0.0.1'),(2,'Option',23,'{\"name\":[\"111111\",\"222\"]}',1537269329,'update',4,'127.0.0.1'),(3,'Option',23,'',1537269368,'deleted',4,'127.0.0.1'),(4,'Option',24,'{\"name\":[null,\"1\"],\"id\":[null,24]}',1537269434,'update',4,'127.0.0.1'),(5,'Option',24,'',1537270059,'deleted',4,'127.0.0.1'),(6,'Option',25,'{\"name\":[null,\"5555555555555555\"],\"id\":[null,25]}',1537270079,'update',4,'127.0.0.1'),(7,'Option',25,'{\"name\":[\"5555555555555555\",\"77777777777777\"]}',1537270091,'update',4,'127.0.0.1'),(8,'Option',25,'{\"name\":[\"77777777777777\",\"888888888888\"]}',1537270098,'update',4,'127.0.0.1'),(9,'Option',25,'{\"name\":[\"888888888888\",\"99999\"]}',1537270206,'update',4,'127.0.0.1'),(10,'Option',25,'{\"name\":[\"0000000000000000\",\"11111111111111111\"]}',1537270494,'update',4,'127.0.0.1'),(11,'Option',26,'{\"name\":[null,\"111111\"],\"id\":[null,26]}',1537270734,'update',4,'127.0.0.1'),(12,'Option',26,'[\"hello world!\"]',1537270734,'hello_type',4,'127.0.0.1'),(13,'Option',27,'{\"name\":[null,\"\\u041d\\u0430\\u0437\\u0432\\u0430\\u043d\\u0438\\u0435 1\"],\"id\":[null,27]}',1537342424,'update',4,'127.0.0.1'),(14,'Option',27,'{\"name\":[\"\\u041d\\u0430\\u0437\\u0432\\u0430\\u043d\\u0438\\u0435 1\",\"\\u041d\\u0430\\u0437\\u0432\\u0430\\u043d\\u0438\\u0435 2\"]}',1537342436,'update',4,'127.0.0.1'),(15,'Option',27,'{\"name\":[\"\\u041d\\u0430\\u0437\\u0432\\u0430\\u043d\\u0438\\u0435 2\",\"\\u041d\\u0430\\u0437\\u0432\\u0430\\u043d\\u0438\\u0435 3\"]}',1537342443,'update',4,'127.0.0.1'),(16,'Option',27,'{\"name\":[\"\\u041d\\u0430\\u0437\\u0432\\u0430\\u043d\\u0438\\u0435 3\",\"\\u041d\\u0430\\u0437\\u0432\\u0430\\u043d\\u0438\\u0435 4\"]}',1537342451,'update',4,'127.0.0.1'),(17,'Option',27,'{\"name\":[\"\\u041d\\u0430\\u0437\\u0432\\u0430\\u043d\\u0438\\u0435 4\",\"\\u041d\\u0430\\u0437\\u0432\\u0430\\u043d\\u0438\\u0435 1\"]}',1537342457,'update',4,'127.0.0.1'),(18,'Option',27,'',1537342548,'deleted',4,'127.0.0.1'),(19,'Option',28,'{\"name\":[null,\"28\"],\"id\":[null,28]}',1537342715,'update',4,'127.0.0.1'),(20,'Option',27,'',1537342801,'deleted',4,'127.0.0.1'),(21,'Option',29,'{\"id\":[null,29]}',1537349779,'update',4,'127.0.0.1');
/*!40000 ALTER TABLE `changelogs` ENABLE KEYS */;
UNLOCK TABLES;

--
-- Table structure for table `comment`
--

DROP TABLE IF EXISTS `comment`;
/*!40101 SET @saved_cs_client     = @@character_set_client */;
/*!40101 SET character_set_client = utf8 */;
CREATE TABLE `comment` (
  `id` int(11) NOT NULL AUTO_INCREMENT,
  `model` varchar(64) NOT NULL DEFAULT '',
  `model_id` int(11) DEFAULT NULL,
  `user_id` int(11) DEFAULT NULL,
  `username` varchar(128) DEFAULT NULL,
  `email` varchar(128) DEFAULT NULL,
  `parent_id` int(11) DEFAULT NULL COMMENT 'null-is not a reply, int-replied comment id',
  `content` text,
  `status` int(1) unsigned NOT NULL DEFAULT '1' COMMENT '0-pending,1-published,2-spam,3-deleted',
  `created_at` int(11) NOT NULL,
  `updated_at` int(11) NOT NULL,
  `updated_by` int(11) DEFAULT NULL,
  `user_ip` varchar(15) DEFAULT NULL,
  `super_parent_id` int(11) DEFAULT NULL COMMENT 'null-has no parent, int-1st level parent id',
  `url` varchar(255) DEFAULT NULL,
  PRIMARY KEY (`id`),
  KEY `comment_model` (`model`),
  KEY `comment_model_id` (`model`,`model_id`),
  KEY `comment_status` (`status`),
  KEY `comment_reply` (`parent_id`),
  KEY `comment_super_parent_id` (`super_parent_id`)
) ENGINE=InnoDB DEFAULT CHARSET=utf8;
/*!40101 SET character_set_client = @saved_cs_client */;

--
-- Dumping data for table `comment`
--

LOCK TABLES `comment` WRITE;
/*!40000 ALTER TABLE `comment` DISABLE KEYS */;
/*!40000 ALTER TABLE `comment` ENABLE KEYS */;
UNLOCK TABLES;

--
-- Table structure for table `company`
--

DROP TABLE IF EXISTS `company`;
/*!40101 SET @saved_cs_client     = @@character_set_client */;
/*!40101 SET character_set_client = utf8 */;
CREATE TABLE `company` (
  `id` int(11) NOT NULL AUTO_INCREMENT,
  `name` varchar(32) NOT NULL,
  PRIMARY KEY (`id`)
) ENGINE=InnoDB AUTO_INCREMENT=15 DEFAULT CHARSET=utf8;
/*!40101 SET character_set_client = @saved_cs_client */;

--
-- Dumping data for table `company`
--

LOCK TABLES `company` WRITE;
/*!40000 ALTER TABLE `company` DISABLE KEYS */;
INSERT INTO `company` VALUES (1,'Рога и копыта 1'),(2,'Золотой теленок'),(3,'Козлы в огороде6'),(4,'Козлы в огороде'),(5,'Козлы в огороде'),(6,'Rjk'),(7,'123'),(9,'55555'),(10,'666'),(11,'dasd'),(12,'asdasd'),(14,'1231231231');
/*!40000 ALTER TABLE `company` ENABLE KEYS */;
UNLOCK TABLES;

--
-- Table structure for table `creative_category`
--

DROP TABLE IF EXISTS `creative_category`;
/*!40101 SET @saved_cs_client     = @@character_set_client */;
/*!40101 SET character_set_client = utf8 */;
CREATE TABLE `creative_category` (
  `id` tinyint(2) unsigned NOT NULL AUTO_INCREMENT,
  `name` varchar(256) NOT NULL,
  `description` tinytext NOT NULL,
  PRIMARY KEY (`id`)
) ENGINE=InnoDB AUTO_INCREMENT=4 DEFAULT CHARSET=utf8;
/*!40101 SET character_set_client = @saved_cs_client */;

--
-- Dumping data for table `creative_category`
--

LOCK TABLES `creative_category` WRITE;
/*!40000 ALTER TABLE `creative_category` DISABLE KEYS */;
INSERT INTO `creative_category` VALUES (1,'Творческие работы',''),(2,'Методические работы',''),(3,'Сертификаты','');
/*!40000 ALTER TABLE `creative_category` ENABLE KEYS */;
UNLOCK TABLES;

--
-- Table structure for table `creative_works`
--

DROP TABLE IF EXISTS `creative_works`;
/*!40101 SET @saved_cs_client     = @@character_set_client */;
/*!40101 SET character_set_client = utf8 */;
CREATE TABLE `creative_works` (
  `id` mediumint(8) unsigned NOT NULL AUTO_INCREMENT,
  `category_id` tinyint(2) unsigned NOT NULL,
  `name` varchar(512) NOT NULL,
  `description` text NOT NULL,
  `status` int(1) NOT NULL DEFAULT '0' COMMENT '0-pending,1-published',
  `comment_status` int(1) NOT NULL DEFAULT '1' COMMENT '0-closed,1-open',
  `published_at` int(11) DEFAULT NULL,
  `created_at` int(11) DEFAULT NULL,
  `updated_at` int(11) DEFAULT NULL,
  `created_by` int(11) DEFAULT NULL,
  `updated_by` int(11) DEFAULT NULL,
  PRIMARY KEY (`id`),
  KEY `cat_id` (`category_id`),
  KEY `created_by` (`created_by`),
  KEY `apdated_by` (`updated_by`),
  KEY `status` (`status`),
  CONSTRAINT `creative_works_ibfk_1` FOREIGN KEY (`category_id`) REFERENCES `creative_category` (`id`),
  CONSTRAINT `creative_works_ibfk_2` FOREIGN KEY (`updated_by`) REFERENCES `user` (`id`),
  CONSTRAINT `creative_works_ibfk_3` FOREIGN KEY (`created_by`) REFERENCES `user` (`id`)
) ENGINE=InnoDB AUTO_INCREMENT=889 DEFAULT CHARSET=utf8 COMMENT='Творческие и методические работы';
/*!40101 SET character_set_client = @saved_cs_client */;

--
-- Dumping data for table `creative_works`
--

LOCK TABLES `creative_works` WRITE;
/*!40000 ALTER TABLE `creative_works` DISABLE KEYS */;
INSERT INTO `creative_works` VALUES (1,2,'Каннио &quot;Влюбленный солдат&quot; Инструментовка для оркестра народных инструментов','',1,0,NULL,1378813956,NULL,4,4),(2,2,'Произведение для эстрадного вокала &quot;Ассорти-ретро&quot; Арранжировка для голоса и фортепиано','',1,0,NULL,1378815824,NULL,4,4),(3,2,'С.Федоров. Этюд &quot;Жалоба&quot;. Аккомпанемент для домры и фортепиано','',1,0,NULL,1378975843,NULL,4,4),(4,2,'С.Федоров. Этюд &quot;Федя&quot;. Аккомпанемент для домры и фортепиано.','',1,0,NULL,1378975954,NULL,4,4),(5,2,'О. Хромушин &quot;Что-то личное&quot; Переложение для 2-х виолончелей','',1,0,NULL,1379064828,NULL,4,4),(6,1,'Рабочая тетрадь по Русской музыкальной литературе &quot;Русская опера XIX века&quot; (дополненная версия)','',1,0,NULL,1379335822,NULL,4,4),(7,2,'&quot;Возле речки возле моста&quot; плясовая песня Самарской области. Аранжировка','',1,0,NULL,1379492571,NULL,4,4),(8,1,'Распевание хорового коллектива. Комплекс упражнений. Элементарные навыки дыхания. Младшая хоровая группа.','',1,0,NULL,1379681341,NULL,4,4),(9,2,'А. Диабелли &quot;Анданте&quot; Переложение для тубы и фортепиано','',1,0,NULL,1380013533,NULL,4,4),(10,1,'Примерный репертуарный список к предпрофессиональной образовательной программе по предмету &quot;Ансамбль&quot; (тромбон) 8лет','',1,0,NULL,1380013670,NULL,4,4),(11,1,'Рабочая тетрадь по муз.литературе. Главы: Новая русская музыкальная школа (&quot;Могучая кучка&quot;), Петр Ильич Чайковский','',1,0,NULL,1381231509,NULL,4,4),(12,2,'Д. Экзоде &quot;Менуэт&quot; Переложение для 2-х виолончелей','',1,0,NULL,1381242563,NULL,4,4),(13,2,'Попурри на народные темы. Переложение для домры и фортепиано','',1,0,NULL,1381848758,NULL,4,4),(14,2,'&quot;У Ивана на дворе&quot; Свадебная Московской области. Аранжировка','',1,0,NULL,1381849007,NULL,4,4),(15,2,'И.С. Бах Менуэт. Переложение для тромбона и фортепиано','',1,0,NULL,1381849345,NULL,4,4),(16,1,'План-конспект открытого урока на тему: &quot;Работа с учащимися младших классов над постановкой рук. Левая рука&quot;','',1,0,NULL,1381916174,NULL,4,4),(17,1,'Методические рекомендации по оценке качества исполнения этюдов на конкурсах технического мастерства на отделе общего фортепиано','',1,0,NULL,1382000837,NULL,4,4),(18,1,'Роль концертмейстера в классе ударных инструментов','',1,0,NULL,1382003909,NULL,4,4),(19,2,'Божич Сербская колядка. Аранжировка','',1,0,NULL,1382112614,NULL,4,4),(20,2,'Л. Денца &quot;На качелях&quot;. Редакция скрипичных партий','',1,0,NULL,1382270826,NULL,4,4),(21,2,'Муз. Е.Зарицкой, сл. М.Пляцковского &quot;Фонарики дружбы&quot; Переложение для двухголосного детского хора','',1,0,NULL,1382538628,NULL,4,4),(22,1,'Положение о конкурсе технического мастерства на отделе общего фортепиано','',1,0,NULL,1382690206,NULL,4,4),(23,1,'Положение о конкурсе технического мастерства на отделе Фортепиано хорового отдела','',1,0,NULL,1382690569,NULL,4,4),(24,1,'Примерный репертуарный список к предпрофессиональной образовательной программе по предмету &quot;Ансамбль&quot; (тромбон) 5 лет','',1,0,NULL,1382694270,NULL,4,4),(25,2,'Л.Денца &quot;На качелях&quot; Переложение для скрипичного ансамбля и фортепиано. Партитура','',1,0,NULL,1382710693,NULL,4,4),(26,2,'Л.Денца &quot;На качелях&quot; Переложение для скрипичного ансамбля и фортепиано. Клавир','',1,0,NULL,1383128609,NULL,4,4),(27,2,'М.Мусоргский &quot;Песня&quot; из оперы &quot;Сорочинская ярмарка&quot; Переложение для 2-х виолончелей','',1,0,NULL,1383292258,NULL,4,4),(28,1,'Примерные репертуарные списки к предпрофессиональной образовательной программе по предмету Специальность 5 лет Ударные инструменты','',1,0,NULL,1383652820,NULL,4,4),(29,1,'Примерные репертуарные списки к предпрофессионально образовательной программе по предметам Специальность и Ансамбль 8 лет Ударные инструменты','',1,0,NULL,1383655869,NULL,4,4),(30,2,'Господе, Боже мой. Сербский духовный стих. Аранжировка','',1,0,NULL,1383656072,NULL,4,4),(31,2,'Боже правде. Сербский гимн. Аранжировка','',1,0,NULL,1383656150,NULL,4,4),(33,2,'Агница. Духовный стих. Аранжировка','',1,0,NULL,1383656302,NULL,4,4),(34,1,'План-конспект методического сообщения на тему: &quot;Решение технических проблем в классе общего фортепиано&quot;','',1,0,NULL,1383735862,NULL,4,4),(35,2,'Л.Денца &quot;На качелях&quot; Переложение для скрипичного ансамбля и фортепиано. Клавир. Редакция','',1,0,NULL,1383979275,NULL,4,4),(36,1,'Положение о конкурсе технического мастерства на фортепианном отделе','',1,0,NULL,1384246896,NULL,4,4),(37,1,'Разработка сценария концерта-беседы &quot;Интересная полифония&quot;','',1,0,NULL,1384267827,NULL,4,4),(38,1,'План проведения открытого урока на тему: &quot;Подготовка ансамбля ударных инструментов к концертному выступлению&quot;','',1,0,NULL,1384434660,NULL,4,4),(39,1,'Примерный репертуарный список к предпрофессиональной образовательной программе по предмету &quot;Ансамбль&quot; (флейта) 5 лет.','',1,0,NULL,1384435065,NULL,4,4),(40,2,'Попурри на французские народные темы: &quot;Дождь, град&quot;, &quot;Вандомский карийон&quot;, &quot;Рай&quot;','',1,0,NULL,1384435444,NULL,4,4),(41,1,'Разработка сценария концерта концерта-беседы &quot;Интересная полифония&quot;','',1,0,NULL,1384435875,NULL,4,4),(42,1,'План-конспект методического сообщения на тему: &quot;Развитие исполнительских навыков скрипача на примере этюдов Ф. Мазаса, соч.36. тетрадь 1, 2&quot;','',1,0,NULL,1384511671,NULL,4,4),(43,2,'&quot;Я пойду ли, молоденька&quot; Аранжировка','',1,0,NULL,1384511892,NULL,4,4),(44,2,'Л. Сигал. &quot;Первые шаги&quot; Аранжировка для тромбона, двух теноров, тубы и фортепиано','',1,0,NULL,1384514074,NULL,4,4),(45,2,'&quot;Снеженика&quot; Переложение для двухголосного детского хора','',1,0,NULL,1384514293,NULL,4,4),(46,2,'С. Гейс - И. Фролов. &quot;Прощальный шведский вальс&quot;','',1,0,NULL,1384514502,NULL,4,4),(47,2,'Ф. Кэрол. &quot;Рождественская песня&quot; Переложение для трех флейт','',1,0,NULL,1384514755,NULL,4,4),(48,2,'&quot;Теперь ты в армии&quot; Переложение для духового оркестра','',1,0,NULL,1384514920,NULL,4,4),(49,1,'Примерные репертуарные списки к предпрофессиональной образовательной программе по предмету &quot;Ансамбль&quot; (кларнет) 8 лет','',1,0,NULL,1384515242,NULL,4,4),(50,1,'Примерные репертуарные списки к предпрофессиональной образовательной программе по предмету &quot;Ансамбль&quot; (кларнет) 5 лет','',1,0,NULL,1384515385,NULL,4,4),(51,1,'Методическая работа &quot;Коллективное музицирование - активная форма привлечения учащихся к концертной деятельности&quot;','',1,0,NULL,1384517095,NULL,4,4),(52,1,'Примерные репертуарные списки к предпрофессиональной образовательной программе &quot;Ансамбль&quot; (баян и аккордеон) 8 лет','',1,0,NULL,1384517232,NULL,4,4),(53,1,'Методическая работа &quot;Германия - Россия: разговор по-русски&quot;','',1,0,NULL,1384520026,NULL,4,4),(54,1,'Методическая работа на тему: &quot;Использование компакт-диска с записью музыки и перечня к нему на уроках музыкальной литературы&quot;','',1,0,NULL,1384520154,NULL,4,4),(55,1,'Примерные репертуарные списки к предпрофессиональной образовательной программе &quot;Ансамбль&quot; (туба) 5 лет','',1,0,NULL,1384524590,NULL,4,4),(56,1,'Хоровое пение в системе музыкальных дисциплин ДШИ им. И.Ф. Стравинского','',1,0,NULL,1384596815,NULL,4,4),(57,1,'Методическая работа на тему: &quot;Цели и задачи концертмейстера в классе трубы&quot;','',1,0,NULL,1384782221,NULL,4,4),(58,2,'Дж. Мартини &quot;Гавот&quot; Переложение для 2-х виолончелей','',1,0,NULL,1386063267,NULL,4,4),(59,1,'Творчество И.А. Арсеева','',1,0,NULL,1386328332,NULL,4,4),(60,2,'Ж. Пьерпонт &quot;Бубенчики&quot; Аранжировка','',1,0,NULL,1386666423,NULL,4,4),(61,1,'Примерный репертуарный список к предпрофессиональной образовательной программе по предмету &quot;Специальность&quot; (флейта) 5 лет.','',1,0,NULL,1386668976,NULL,4,4),(62,2,'Обработка детских пьес для домры','',1,0,NULL,1386669094,NULL,4,4),(63,1,'Сценарий выступления на педагогических чтениях &quot;Музыкальное путешествие с Чайковским&quot;','',1,0,NULL,1386756401,NULL,4,4),(64,1,'Методическая работа на тему: &quot;Архитектурные стили: Романский стиль, Готика, Возрождение','',1,0,NULL,1386756725,NULL,4,4),(65,2,'&quot;Теперь ты в армии&quot; Создание партитуры (стр.4-6)','',1,0,NULL,1386851130,NULL,4,4),(66,1,'Примерные репертуарные списки к предпрофессиональной образовательной программе &quot;Ансамбль&quot; (баян, аккордеон) Срок обучения - 5 лет','',1,0,NULL,1386927792,NULL,4,4),(67,2,'Муз. И.Мельника, сл. Н.Острового &quot;Лесная песенка&quot; Переложение для двухголосного детского хора','',1,0,NULL,1386928100,NULL,4,4),(68,2,'Свадебная песня Московской области &quot;Друженька Володюшка&quot; Аранжировка','',1,0,NULL,1387001242,NULL,4,4),(69,2,'&quot;Счастливого Нового года&quot; (&quot;Happy New Year&quot;) Переложение и обработка фортепианной партии для ансамбля медных духовых инструментов','',1,0,NULL,1387021803,NULL,4,4),(70,1,'План методического сообщения на Педагогических чтениях - 2013','',1,0,NULL,1387270972,NULL,4,4),(71,2,'&quot;Счастливого Нового года&quot; (&quot;Happy New Year&quot;) Переложение для ансамбля медных духовых инструментов','',1,0,NULL,1387271607,NULL,4,4),(72,1,'Примерные репертуарные списки к предпрофессиональной образовательной программе &quot;Специальность&quot; (медные духовые инструменты)','',1,0,NULL,1387296021,NULL,4,4),(73,2,'РНП &quot;Я посеяла, млада, младенька&quot; Переложение','',1,0,NULL,1387296976,NULL,4,4),(74,1,'Редактирование  предпрофессиональной образовательной программе &quot;Специальность&quot; (балалайка, домра, гитара)','',1,0,NULL,1387445458,NULL,4,4),(75,1,'Методическая работа на тему: &quot;Концепция работы хорового отдела&quot;','',1,0,NULL,1387451476,NULL,4,4),(76,2,'Дж. Мартини &quot;Андантино&quot; Переложение для 2-х виолончелей','',1,0,NULL,1389253941,NULL,4,4),(77,2,'Ф. Шуберт &quot;Колыбельная&quot; Аранжировка для тромбона и фортепиано','',1,0,NULL,1389446952,NULL,4,4),(78,1,'Составление репертуарных списков и списка рекомендуемой литературы к предпрофессиональной образовательной программе &quot;Чтение с листа&quot; (Духовые и ударные интсрументы)','',1,0,NULL,1389447312,NULL,4,4),(79,2,'С. Федоров &quot;Лисий шаг&quot; Создание аккомпанемента.','',1,0,NULL,1389689991,NULL,4,4),(80,1,'Опыт использования в фортепианном классе вокально-хоровых навыков учащихся','',1,0,NULL,1389691182,NULL,4,4),(81,2,'Дж.Керн, Ч.Чаплин &quot;Дым&quot; Обработка для трубы и фортепиано','',1,0,NULL,1389710596,NULL,4,4),(82,1,'План-конспект методического сообщения на тему: &quot;Скрипичная школа Г.С. Лелайна&quot;','',1,0,NULL,1389781405,NULL,4,4),(83,2,'&quot;Там во поле дуб зеленый&quot; Аранжировка','',1,0,NULL,1389864470,NULL,4,4),(84,2,'В. Монти &quot;Чардаш&quot; Аранжировка','',1,0,NULL,1389865489,NULL,4,4),(85,1,'Редактирование предпрофессиональной образовательной программы &quot;Специальность&quot; (Баян, аккордеон)','',1,0,NULL,1389965802,NULL,4,4),(86,2,'Муз. Н.Арутюнова, сл. В.Семернина &quot;Носорог&quot; Переложение для 2-хголосного детского хора','',1,0,NULL,1389965940,NULL,4,4),(87,1,'Методическая работа на тему: &quot;Психология дошкольного воспитания&quot;','',1,0,NULL,1390026026,NULL,4,4),(88,1,'Методическая работа на тему: &quot;Взаимосвязь предметов сольфеджио и специального фортепиано&quot;','',1,0,NULL,1390026629,NULL,4,4),(89,1,'Составление репертуарного списка к образовательной программе &quot;Фольклорный хор&quot;','',1,0,NULL,1390027478,NULL,4,4),(90,2,'П.Чайковский &quot;Неаполитанская песенка&quot; Переложение для струнного ансамбля','',1,0,NULL,1390316709,NULL,4,4),(91,1,'Создание предпрофессиональной образовательной программы &quot;Оркестровый класс&quot;','',1,0,NULL,1390317058,NULL,4,4),(92,1,'Создание предпрофессиональной программы &quot;Чтение с листа&quot; (народные инструменты)','',1,0,NULL,1390317430,NULL,4,4),(93,1,'Методическая работа на тему: &quot;Вокальные задачи в хоровом коллективе. Старший хор&quot;.','',1,0,NULL,1390369648,NULL,4,4),(94,2,'Юрума &quot;Река цветов в тебе&quot; Переложение для дуэта гитар','',1,0,NULL,1390383110,NULL,4,4),(95,2,'&quot;Наш батюшка храбрый Михаил&quot; Расшифровка и аранжировка','',1,0,NULL,1390384402,NULL,4,4),(96,1,'Методическая работа на тему: &quot;Архитектурные стили: Эклектика (Историзм), Модерн, Модернизм&quot;','',1,0,NULL,1390901474,NULL,4,4),(97,1,'Методическая работа на тему: &quot;Архитектурные стили: Конструктивизм, Постмодернизм, Хай-тек, Био-тек&quot;','',1,0,NULL,1390901540,NULL,4,4),(98,2,'Духовный текст &quot;Кукушечка&quot; Аранжировка','',1,0,NULL,1391513320,NULL,4,4),(99,2,'РНП &quot;Картошка&quot; Обработка','',1,0,NULL,1391596111,NULL,4,4),(100,2,'&quot;Ходила младешенька по борочку&quot; Переложение для тромбона','',1,0,NULL,1391596220,NULL,4,4),(101,2,'РНП &quot;Под яблонью зеленой&quot;','',1,0,NULL,1391596355,NULL,4,4),(102,2,'В.Шепелев &quot;Песня&quot; Переложение для тромбона','',1,0,NULL,1391596503,NULL,4,4),(103,2,'Упражнения для тромбона','',1,0,NULL,1391608847,NULL,4,4),(104,1,'&quot;Олимпиада по музыкальной литературе&quot; Задания для 6, IV классов','',1,0,NULL,1391673785,NULL,4,4),(105,1,'Составление репертуарных списков к предпрофессиональной образовательной программе (флейта, 8 лет)','',1,0,NULL,1391682054,NULL,4,4),(106,1,'Составление репертуарных списков к предпрофессиональной образовательной программе (туба, 5-летнее обучение)','',1,0,NULL,1391862293,NULL,4,4),(107,2,'М.Блантер. &quot;Катюша&quot; Аранжировка для ансамбля медных духовых инструментов','',1,0,NULL,1392018049,NULL,4,4),(108,2,'&quot;То не гусельки рокочут&quot; Аранжировка','',1,0,NULL,1392193935,NULL,4,4),(109,2,'&quot;Пишет, пишет...&quot; Аранжировка','',1,0,NULL,1392204953,NULL,4,4),(110,2,'В. Козлов &quot;Восточный танец&quot; Редакция партии флейты','',1,0,NULL,1392294569,NULL,4,4),(111,2,'Б.Барток &quot;Сапожки&quot; Переложение для колокольчиков и фортепиано','',1,0,NULL,1392296897,NULL,4,4),(112,2,'&quot;Сею, вею бел - леночек&quot; Аранжировка','',1,0,NULL,1392721544,NULL,4,4),(113,2,'Консуэло Веласкес Торрес &quot;Целуй меня крепче&quot; Обработка для трубы, фортепиано и бас-гитары','',1,0,NULL,1392722322,NULL,4,4),(114,2,'А. Шалов &quot;Уж и я ли молода&quot; Создание аккомпанемента','',1,0,NULL,1392722577,NULL,4,4),(115,2,'Муз. Ю.Тугаринова, сл. Л.Николаенко &quot;Доброта&quot; переложение для 2-хголосного хора','',1,0,NULL,1392722754,NULL,4,4),(116,2,'&quot;Полет дракона&quot;','',1,0,NULL,1392723138,NULL,4,4),(117,2,'П.И.Чайковский &quot;Мама&quot; переложение для ансамбля, колокольчиков, виброфона и фортепиано','',1,0,NULL,1392735843,NULL,4,4),(118,2,'&quot;Песня о брадобрее&quot; Переложение для флейты и фортепиано из к/ф &quot;Мэри Поппинс&quot;','',1,0,NULL,1392801911,NULL,4,4),(119,2,'А.Гречанинов &quot;В разлуке&quot; Переложение для дуэта','',1,0,NULL,1392804124,NULL,4,4),(120,2,'А.Ладан &quot;Мамина сказка&quot; Переложение для домры и фортепиано','',1,0,NULL,1392804197,NULL,4,4),(121,2,'П.И.Чайковский &quot;Утренняя молитва&quot; Переложение для ансамбля духовых инструментов','',1,0,NULL,1392812619,NULL,4,4),(122,2,'А. Рыбников &quot;Последняя поэма&quot; Переложение для 2-х виолончелей','',1,0,NULL,1392813092,NULL,4,4),(123,1,'Составление репертуарных списков к предпрофессиональной образовательной программе (гитара, 5 и 8-летнее обучение)','',1,0,NULL,1392813525,NULL,4,4),(124,1,'Составление годовых требований по классам к предпрофессиональной образовательной программе (гитара 8 лет и 5 лет)','',1,0,NULL,1392902203,NULL,4,4),(125,2,'Е.Дербенко &quot;Лирическая миниатюра&quot; Переложение для ансамбля домр','',1,0,NULL,1392979977,NULL,4,4),(126,1,'&quot;Взаимосвязь дикции с глубоким певческим дыханием и высотой единой позиции в хоре&quot;','',1,0,NULL,1394174360,NULL,4,4),(127,2,'Джеймс Ван Хасен &quot;Этот дождливый день&quot; Обработка для трубы и фортепиано','',1,0,NULL,1394613954,NULL,4,4),(128,2,'Сербская православная песня &quot;Марио Славна&quot; Переложение для 2-х аккордеонов','',1,0,NULL,1394617771,NULL,4,4),(129,2,'Л.В.Бетховен &quot;О, Santissima&quot;','',1,0,NULL,1394618425,NULL,4,4),(130,1,'Разработка сценария концерта-беседы &quot;Славься&quot;','',1,0,NULL,1394698665,NULL,4,4),(131,1,'Составление репертуарных списков к предпрофессиональной образовательной программе (туба, 8-летнее обучение)','',1,0,NULL,1394885986,NULL,4,4),(132,2,'Календарная песня Воронежской области &quot;Жавороночки&quot; Аранжировка','',1,0,NULL,1395134160,NULL,4,4),(133,1,'Составление предпрофессиональной образовательной программы по предмету &quot;Народное творчество&quot;','',1,0,NULL,1395134334,NULL,4,4),(134,2,'Л.Моцарт &quot;Бурре&quot; Аранжировка для тубы и фортепиано','',1,0,NULL,1395139440,NULL,4,4),(135,2,'А. Краиз &quot;Полька&quot; Переложение партии второй флейты (блокфлейта сопрано)','',1,0,NULL,1395218809,NULL,4,4),(136,2,'И. Тамарин &quot;Кубинский танец&quot; Переложение для домры и фортепиано','',1,0,NULL,1395219028,NULL,4,4),(137,2,'Духовный стих &quot;Небесная царица&quot; Переложение','',1,0,NULL,1395319808,NULL,4,4),(138,2,'Легкие упражнения для трио ударных инструментов &quot;Мамбо&quot;','',1,0,NULL,1395319972,NULL,4,4),(139,2,'Д.Россини &quot;Марш&quot; Переложение для ансамбля валторн','',1,0,NULL,1395320257,NULL,4,4),(140,2,'Ф. Пуленк &quot;Сельские зарисовки&quot; Переложение для флейты и фортепиано','',1,0,NULL,1395320896,NULL,4,4),(141,2,'&quot;Beguine&quot; Танец для ансамбля ударных инструментов. Переложение','',1,0,NULL,1395404146,NULL,4,4),(142,2,'С.Майкапар &quot;Колыбельная&quot; Переложение для домры и балалайки','',1,0,NULL,1395405489,NULL,4,4),(143,2,'&quot;Играем вместе&quot; Упражнения на открытых струнах','',1,0,NULL,1395405678,NULL,4,4),(144,2,'Э.Сати &quot;Вальс&quot; Переложение для колокольчиков и фортепиано','',1,0,NULL,1395405926,NULL,4,4),(145,2,'Р.Копке &quot;Ариэтта&quot; Переложение для ансамбля флейты и кларнета','',1,0,NULL,1395406145,NULL,4,4),(146,2,'Джони Мандел &quot;Тень твоей улыбки&quot; Обработка для трубы и фортепиано','',1,0,NULL,1396955327,NULL,4,4),(147,2,'А. Гречанинов &quot;Маленькая сказка&quot; Переложение для ансамбля домры и балалайки','',1,0,NULL,1397049780,NULL,4,4),(148,2,'&quot;Мелодия&quot; для тромбона и фортепиано','',1,0,NULL,1397646083,NULL,4,4),(149,2,'&quot;Вернись в Соренто&quot; Переложение для альт-саксофонов','',1,0,NULL,1397646312,NULL,4,4),(150,1,'Методическая работа на тему: &quot;От прошлого к настоящему. Валторна&quot;','',1,0,NULL,1397648089,NULL,4,4),(151,2,'А. Лебедев &quot;Сказка&quot; Создание партии валторны','',1,0,NULL,1397648239,NULL,4,4),(152,2,'О. Козловский &quot;Старинный танец&quot; Переложение для 2-х виолончелей','',1,0,NULL,1397648501,NULL,4,4),(153,2,'&quot;Соул&quot; ритм-стандарт для ансамбля ударных инструментов','',1,0,NULL,1397648653,NULL,4,4),(154,2,'&quot;Я по бережку ходила молода&quot; Аранжировка','',1,0,NULL,1397648746,NULL,4,4),(155,2,'&quot;Старые деньки&quot; Пьеса для аккордеона/баяна','',1,0,NULL,1397648863,NULL,4,4),(156,2,'В. Купревич &quot;Тульский самовар&quot; для домры и фортепиано. Создание аккомпанемента','',1,0,NULL,1397649307,NULL,4,4),(157,2,'В. Живов &quot;Таракан&quot;','',1,0,NULL,1397649585,NULL,4,4),(158,2,'Л. Бетховен &quot;Рондо&quot; Переложение для дуэта домр','',1,0,NULL,1397663925,NULL,4,4),(159,2,'&quot;Поиграйте, красны девки&quot; Аранжировка','',1,0,NULL,1397728711,NULL,4,4),(160,2,'&quot;Чей у тебя, Иванушка, у руках платочек&quot; Аранжировка','',1,0,NULL,1397729570,NULL,4,4),(161,2,'Муз. и сл. Св. Николая Сербского &quot;Вера Вечна&quot; Аранжировка','',1,0,NULL,1397821097,NULL,4,4),(162,1,'Методическая работа на тему: &quot;Формирования и развитие навыка чтения нот с листа в первые годы обучения пианистов&quot;','',1,0,NULL,1397894110,NULL,4,4),(163,2,'Ф.Шуберт &quot;Вальс&quot; Переложение для флейты и фортепиано','',1,0,NULL,1397906147,NULL,4,4),(164,2,'&quot;Арчибальд&quot; Аранжировка для духового оркестра','',1,0,NULL,1398243145,NULL,4,4),(165,2,'Т. Осен &quot;Хоровод фей&quot; Переложение для колокольчиков и фортепиано','',1,0,NULL,1398244249,NULL,4,4),(167,2,'&quot;Финская полька&quot; Аранжировка для тубы и тромбона','',1,0,NULL,1398244631,NULL,4,4),(168,2,'Ю. Бабкина &quot;Достучаться до небес&quot; (для гитары)','',1,0,NULL,1398319391,NULL,4,4),(169,2,'Р.Шуман &quot;Солдатский марш&quot; переложение','',1,0,NULL,1398348551,NULL,4,4),(170,1,'Методическая работа на тему: &quot;От истоков до наших дней&quot;','',1,0,NULL,1398350442,NULL,4,4),(171,1,'Методическая работа на тему: &quot;История джазовой вокалистки. Лена Хорн&quot;','',1,0,NULL,1398416370,NULL,4,4),(172,2,'&quot;Rock around the clock&quot; M.Freedeman Создание партии бас гитары','',1,0,NULL,1399384800,NULL,4,4),(173,2,'А.Жилинский &quot;Латышская полька&quot;','',1,0,NULL,1399384904,NULL,4,4),(175,1,'&quot;Аккомпаниаторская практика русских композиторов и исполнителей&quot;','',1,0,NULL,1399385048,NULL,4,4),(176,2,'В.Польдяев &quot;Кубинский танец&quot; Создание аккомпанемента','',1,0,NULL,1399449213,NULL,4,4),(177,2,'Чешская народная песня &quot;Пастушок&quot; Переложение для 2-х виолончелей','',1,0,NULL,1399449455,NULL,4,4),(178,2,'А.Доренский &quot;Казачья походная&quot; Аранжировка для аккордеона','',1,0,NULL,1399542958,NULL,4,4),(179,2,'М.Энглерт &quot;Грустная песня&quot; Переложение для 2-х флейт','',1,0,NULL,1399543421,NULL,4,4),(180,2,'А.Крайз &quot;Колыбельная&quot;','',1,0,NULL,1399546849,NULL,4,4),(181,2,'&quot;Милый мой хоровод&quot; Аранжировка','',1,0,NULL,1399903912,NULL,4,4),(182,2,'Дж.Шейн &quot;Интрада, Гальярда&quot; Переложение для дуэта валторн','',1,0,NULL,1399905009,NULL,4,4),(183,2,'РНП &quot;При долинушке&quot; Переложение для дуэта балалаек','',1,0,NULL,1399905405,NULL,4,4),(184,2,'В.Сапожников &quot;Путешествие в небеса&quot; Создание партитуры','',1,0,NULL,1399981469,NULL,4,4),(185,2,'&quot;Да по вулице было широко&quot; Расшифровка и аранжировка','',1,0,NULL,1400136145,NULL,4,4),(186,2,'&quot;Дороги России&quot; Аранжировка','',1,0,NULL,1400136476,NULL,4,4),(187,2,'А.Л.Уэббер &quot;Память&quot; Аранжировка для ансамбля духовых инструментов','',1,0,NULL,1400152448,NULL,4,4),(188,2,'А.Бердингер &quot;Марш&quot; Переложение для дуэта труб','',1,0,NULL,1400167526,NULL,4,4),(189,1,'Редкатирование предпрофессиональной программы &quot;История искусств&quot;','',1,0,NULL,1400232793,NULL,4,4),(190,1,'Редкатирование предпрофессиональной программы &quot;Пленер&quot;','',1,0,NULL,1400232837,NULL,4,4),(191,1,'Редкатирование предпрофессиональной программы &quot;Рисунок&quot; (ДПТ)','',1,0,NULL,1400232881,NULL,4,4),(192,1,'Редкатирование предпрофессиональной программы &quot;Основы изобразительной грамоты&quot;','',1,0,NULL,1400232952,NULL,4,4),(193,1,'Редкатирование предпрофессиональной программы &quot;Живопись&quot;','',1,0,NULL,1400232980,NULL,4,4),(194,1,'Редкатирование предпрофессиональной программы &quot;Лепка&quot;','',1,0,NULL,1400233020,NULL,4,4),(195,2,'&quot;Многая лета&quot; Аранжировка','',1,0,NULL,1400234044,NULL,4,4),(196,2,'К.Акимов &quot;Песенка про Абракадабру&quot; Переложение для ансамбля колокольчиков','',1,0,NULL,1400570904,NULL,4,4),(197,2,'&quot;Катись, катись да, жаркое солнце&quot;','',1,0,NULL,1402321914,NULL,4,4),(198,2,'В.Ефимов &quot;Колыбельная&quot; Аккомпанемент','',1,0,NULL,1402476784,NULL,4,4),(199,2,'&quot;Заплетися, плетень&quot; Аранжировка','',1,0,NULL,1402481773,NULL,4,4),(200,2,'&quot;Уж мы шили ковер&quot; Аранжировка','',1,0,NULL,1402906005,NULL,4,4),(201,2,'Муз.Р.Бойко, сл.М.Лермонтова &quot;Осень&quot; Аранжировка','',1,0,NULL,1402906164,NULL,4,4),(202,2,'М.Франк &quot;Старинный танец&quot; Переложение для ансамбля гитаристов','',1,0,NULL,1403168110,NULL,4,4),(203,2,'М.Преториус Два гавота','',1,0,NULL,1403168261,NULL,4,4),(204,2,'&quot;Босса Нова&quot; Переложение для ансамбля ударных инструментов','',1,0,NULL,1403169093,NULL,4,4),(205,2,'К.Акимов &quot;Жил был охотник&quot;','',1,0,NULL,1403169293,NULL,4,4),(206,2,'Ф.Шуберт &quot;Вальс&quot;','',1,0,NULL,1403169526,NULL,4,4),(207,2,'2 фольклорные шотландские мелодии','',1,0,NULL,1403169680,NULL,4,4),(208,1,'Редкатирование предпрофессиональной программы &quot;Рисунок&quot; (Живопись)','<p>Файл в обработке</p>',1,0,NULL,1410960443,NULL,4,4),(209,1,'Редкатирование предпрофессиональной программы &quot;Скульптура&quot; (Живопись)','<p>Файл в обработке</p>',1,0,NULL,1410960521,NULL,4,4),(210,1,'Редкатирование предпрофессиональной программы &quot;Основы изобразительной грамоты и рисование&quot; (Живопись)','<p>Файл в обработке</p>',1,0,NULL,1410960996,NULL,4,4),(211,1,'Редкатирование предпрофессиональной программы &quot;Пленэр&quot; (Живопись)','<p>Файл в обработке.</p>',1,0,NULL,1410961054,NULL,4,4),(212,1,'Редкатирование предпрофессиональной программы &quot;Живопись&quot; (Живопись)','<p>Файл в обработке.</p>',1,0,NULL,1410961109,NULL,4,4),(213,2,'А.Флярковский &quot;Не повторяй, что ты любишь меня&quot; Обработка для голоса и фортепиано.','',1,0,NULL,1410962928,NULL,4,4),(214,2,'Муз. Е.Тростянского &quot;Кадриль&quot; Инструментовка для оркестра народных инструментов','',1,0,NULL,1411047303,NULL,4,4),(215,1,'&quot;История духового, военного оркестра&quot;','',1,0,NULL,1411141301,NULL,4,4),(216,2,'Муз. Е.Ботярова, сл. М.Пляцковского &quot;Птица-музыка&quot; Аранжировка','',1,0,NULL,1411141523,NULL,4,4),(217,2,'А.Гречанинов &quot;На лужайке&quot; Переложение для домры и фортепиано','',1,0,NULL,1411375249,NULL,4,4),(218,2,'Р.Шуман &quot;Веселый крестьянин&quot; Переложение для трио саксофонов','',1,0,NULL,1411377047,NULL,4,4),(219,1,'&quot;Вокально-хоровые упражнения для развития гармонического слуха  учащихся&quot;','',1,0,NULL,1411379335,NULL,4,4),(220,1,'&quot;История возникновения медного духового инструмента труба&quot;','',1,0,NULL,1411381814,NULL,4,4),(221,2,'Л.Милан &quot;Мадригал&quot; Переложение для трубы и фортепиано','',1,0,NULL,1411391144,NULL,4,4),(222,2,'П.И.Чайковский &quot;Во славу русского творчества&quot; Создание партий 2 альтов и 2 баритонов','',1,0,NULL,1411392876,NULL,4,4),(223,2,'Я.Сибелиус &quot;Юмореска&quot; Переложение для колокольчиков и фортепиано','',1,0,NULL,1411394193,NULL,4,4),(224,2,'И.С.Бах &quot;Менуэт&quot; Переложение для дуэта валторн','',1,0,NULL,1411394484,NULL,4,4),(225,2,'С.Соснина &quot;Лети мой одуванчик&quot; Создание партии ксилофона','',1,0,NULL,1411394985,NULL,4,4),(226,2,'Литовская песня &quot;Солнышко&quot; Переложение для ансамбля ксилофонов','',1,0,NULL,1411395291,NULL,4,4),(227,2,'РНП &quot;Камаринская&quot;, &quot;Светит месяц&quot; Создание партий балалайки','',1,0,NULL,1411395915,NULL,4,4),(228,2,'К.Гурлит &quot;Бал чемпионов&quot; Переложение для флейты и фортепиано','',1,0,NULL,1411396110,NULL,4,4),(229,2,'Украинская народная песня &quot;Ой под вишнею&quot; Переложение для дуэта домр','',1,0,NULL,1411396319,NULL,4,4),(230,2,'Е.Крылатов &quot;Колыбельная медведицы&quot;','',1,0,NULL,1411465420,NULL,4,4),(231,2,'М.Преториус &quot;Два гавота&quot; Переложение для двух гитар&quot;','',1,0,NULL,1411465564,NULL,4,4),(232,2,'&quot;Адажио&quot; Ансамбль для ударных инструментов','',1,0,NULL,1411465746,NULL,4,4),(233,2,'&quot;Норвежская народная песня&quot; Переложение для саксофона и фортепиано','',1,0,NULL,1411465907,NULL,4,4),(234,1,'Редактирование предпрофессиональной программы &quot;Теория музыки&quot;','',1,0,NULL,1411467558,NULL,4,4),(235,1,'Рабочая тетрадь по отечественной музыкальной литературе XX века&quot;. &quot;Русская музыка начала XX века&quot;','',1,0,NULL,1411480351,NULL,4,4),(236,2,'Составление хрестоматии по ритмике для учащихся подготовительной группы (5 лет)','<p>Файл в обработке</p>',1,0,NULL,1411482930,NULL,4,4),(237,2,'А.Самонов &quot;Доброе утро&quot;, &quot;Прогулка&quot; Переложение для тенора и фортепиано','',1,0,NULL,1412576408,NULL,4,4),(238,2,'&quot;Ой кумушки-голубушки&quot; Аранжировка','',1,0,NULL,1412682987,NULL,4,4),(239,2,'М.Мильман &quot;Птицы прилетели&quot;, &quot;Рассказ&quot;','',1,0,NULL,1412683550,NULL,4,4),(240,2,'Т.Чудова &quot;Барыня&quot; Аранжировка для фортепиано','',1,0,NULL,1412848515,NULL,4,4),(241,2,'&quot;По бережку&quot; Тульской области. Аранжировка','',1,0,NULL,1412925911,NULL,4,4),(242,1,'&quot;Рабочая тетрадь по отечественной музыкальной литературе XX века&quot;. &quot;Русская музыка начала XX века&quot; (продолжение)','',1,0,NULL,1413211192,NULL,4,4),(243,2,'Ф.Мазас. Этюд. Создание аккомпанемента','',1,0,NULL,1413277773,NULL,4,4),(244,1,'&quot;Помощь концертмейстера в раскрытии художественного образа произведения&quot;','',1,0,NULL,1413277988,NULL,4,4),(245,2,'А.Вицатти &quot;Синяя птица&quot; Обработка для трубы и фортепиано','',1,0,NULL,1413287351,NULL,4,4),(246,2,'&quot;Да соберемся девки в круг&quot; Аранжировка','',1,0,NULL,1413287527,NULL,4,4),(247,2,'Муз.А.Арутюнова, сл. В.Семернина &quot;Осень&quot; Аранжировка','',1,0,NULL,1413296797,NULL,4,4),(248,2,'Ю.Литовко &quot;Старинные часы&quot; Переложение для 3-х виолончелей','',1,0,NULL,1413455436,NULL,4,4),(249,1,'Разработка Положения I открытого окружного конкурса &quot;Юный гитарист&quot;','',1,0,NULL,1413456604,NULL,4,4),(250,2,'Й.Гайдн &quot;Немецкий танец&quot; Переложение для трубы и фортепиано','',1,0,NULL,1413458328,NULL,4,4),(251,2,'В.Козлов &quot;Восточный танец&quot; Создание партии флейты','',1,0,NULL,1413459110,NULL,4,4),(252,2,'А.Гречанинов &quot;Верхом на лошадке&quot; Переложение для дуэта домры и балалайки','',1,0,NULL,1413463882,NULL,4,4),(253,2,'Н.Кизельватер &quot;Хлопушки&quot; Переложение для дуэта домр','',1,0,NULL,1413464090,NULL,4,4),(256,1,'План-конспект открытого урока по специальности (Гитара) от 26.09.2014','',1,0,NULL,1413470421,NULL,4,4),(257,1,'&quot;Кларнет - история, происхождение инструмента&quot;','',1,0,NULL,1413543779,NULL,4,4),(258,2,'М.Мусоргский &quot;Поздно вечером сидели&quot; создание партии ксилофона, Ж.Б.Векерлен &quot;Весна&quot; создание партии колокольчиков','',1,0,NULL,1413558116,NULL,4,4),(259,1,'&quot;Выдающиеся трубачи&quot;','',1,0,NULL,1413639420,NULL,4,4),(260,2,'&quot;Задумал султан&quot; Переложение исторической песни','',1,0,NULL,1413794899,NULL,4,4),(261,2,'&quot;При долинушке&quot; Переложение','',1,0,NULL,1413795025,NULL,4,4),(262,2,'&quot;Ой, не туман&quot; Переложение','',1,0,NULL,1413795206,NULL,4,4),(263,2,'&quot;Максимьян&quot; Переложение','',1,0,NULL,1413795326,NULL,4,4),(264,2,'Р.Шуман &quot;Шехерезада&quot; Переложение для колокольчиков и фортепиано','',1,0,NULL,1413798242,NULL,4,4),(265,2,'А.Бердингер. &quot;Дуэт&quot; Переложение для двух валторн','',1,0,NULL,1413798384,NULL,4,4),(266,2,'&quot;Я веселый взор заметил&quot; Переложение','<p>Временный файл</p>',1,0,NULL,1413810398,NULL,4,4),(267,2,'Г.Маччини &quot;Розовая пантера&quot; (партия 6 гитары)','',1,0,NULL,1413817212,NULL,4,4),(268,2,'Г.Манчини &quot;Розовая пантера&quot; Переложение для ансамбля саксофонов','',1,0,NULL,1413903493,NULL,4,4),(269,2,'П.И.Чайковский &quot;Детский галоп&quot; из балета &quot;Щелкунчик&quot; Переложение для фортепиано в 4 руки','',1,0,NULL,1413903865,NULL,4,4),(270,2,'Латиноамериканский танец &quot;Пачанга&quot; Переложение для ансамбля ударных инструментов','',1,0,NULL,1413984674,NULL,4,4),(271,1,'&quot;Пение без сопровождения. С каких произведений нужно начинать работу над развитием навыков пения без сопровождения&quot;','',1,0,NULL,1414073646,NULL,4,4),(272,2,'А.Пулккинен &quot;Песенка сердитой птички&quot; Аранжировка для ансамбля медных духовых инструментов и фортепиано','',1,0,NULL,1414922150,NULL,4,4),(273,2,'Е.Макаров &quot;Напев&quot; и &quot;Марш&quot; Переложение для тенора и фортепиано','',1,0,NULL,1415605309,NULL,4,4),(274,2,'В.А.Моцарт &quot;Алегретто&quot;, И.С.Бах Пьеса на тему немецкой народной песни &quot;За рекою старый дом&quot; Переложение для альта и фортепиано','',1,0,NULL,1415605549,NULL,4,4),(275,2,'Дж.Каччини &quot;Аве Мария&quot; Переложение для фортепиано и голоса','',1,0,NULL,1415605670,NULL,4,4),(276,2,'П.Сокальский &quot;Песенка&quot; переложение для 2-х виолончелей','',1,0,NULL,1415886312,NULL,4,4),(277,2,'&quot;Что в ляску, ляску&quot; Аранжировка','',1,0,NULL,1416234457,NULL,4,4),(278,2,'РНП &quot;Сеяли девушки яровой хмель&quot; Переложение для дуэта саксофонов и фортепиано','',1,0,NULL,1416310552,NULL,4,4),(279,2,'&quot;Jingel Bells&quot; Переложение для ансамбля скрипачей','',1,0,NULL,1416324436,NULL,4,4),(280,1,'&quot;Виктор Козлов - гитарист - композитор&quot;','',1,0,NULL,1416562226,NULL,4,4),(281,2,'Гимн ансамбля &quot;Концертино&quot; Музыка и переложение для ансамбля скрипачей и фортепиано','',1,0,NULL,1416825925,NULL,4,4),(282,1,'Сценарий концерта &quot;Интересная полифония&quot;','',1,0,NULL,1416995448,NULL,4,4),(283,1,'&quot;Развитие полифонического слуха. Канон. Начало&quot;','',1,0,NULL,1416998176,NULL,4,4),(284,2,'И.Савио &quot;Часы&quot; Переложение для дуэта домр','',1,0,NULL,1417529278,NULL,4,4),(285,2,'А.Гречанинов &quot;Скучный рассказ&quot; Переложение для ансамбля домры и балалайки&quot;','',1,0,NULL,1417531114,NULL,4,4),(286,1,'&quot;Туба и ее предшественники&quot;','',1,0,NULL,1418299319,NULL,4,4),(287,1,'План-конспект открытого урока от 02.12.2014 &quot;Работа над пьесами с начинающими учениками&quot;','',1,0,NULL,1418299888,NULL,4,4),(288,2,'Е.Макаров &quot;Мелодия&quot;, С.Алескеров Песня','',1,0,NULL,1418300362,NULL,4,4),(289,2,'РНП &quot;Не летай, соловей&quot;, РНП &quot;Соловей Будимирович&quot; Обработка для тенора и фортепиано','',1,0,NULL,1418302678,NULL,4,4),(290,2,'Д.Гарибольди &quot;Этюд&quot; Сочинение аккомпанемента','',1,0,NULL,1418303022,NULL,4,4),(291,2,'&quot;Как у дедушки Петра&quot; Аранжировка','',1,0,NULL,1418644952,NULL,4,4),(292,1,'Задания по сольфеджио для теоретической олимпиады','',1,0,NULL,1419242715,NULL,4,4),(293,1,'&quot;Взаимодействие с учеником на первых совместных занятиях&quot;','',1,0,NULL,1419242890,NULL,4,4),(294,1,'План-конспект к видео презентации &quot;Навстречу фестивалю юных исполнителей на струнно-щипковых инструментах &quot;Струны души&quot;, посвященного 70-летию со дня рождения Н.Н. Калинина&quot;','',1,0,NULL,1421391191,NULL,4,4),(295,2,'П.И. Чайковский &quot;Танец феи драже&quot; Переложение для трио домр','',1,0,NULL,1421391785,NULL,4,4),(296,2,'Л.В.Бетховен &quot;Песня&quot; Переложение для трубы и фортепиано','',1,0,NULL,1421745273,NULL,4,4),(297,2,'Аспиазу Жозе &quot;Эль Вита&quot; Создание партии флейты','',1,0,NULL,1421854837,NULL,4,4),(298,2,'Фюрстенау А.Б. &quot;Три легких дуэта&quot; Переложение для 2 валторн.','',1,0,NULL,1421855833,NULL,4,4),(299,2,'В.Андреев &quot;Звезды блестят&quot; Переложение.','',1,0,NULL,1423473879,NULL,4,4),(300,2,'А.Варламов &quot;Красный сарафан&quot; Переложение для тенора, баритона и фортепиано. РНП &quot;Как под горкой под горой&quot; Переложение для альта, баритона и фортепиано.','',1,0,NULL,1423483173,NULL,4,4),(301,2,'Составление предпрофессиональной образовательной программы &quot;Специальность&quot; (ударные инструменты)','',1,0,NULL,1423497438,NULL,4,4),(302,1,'Задания к олимпиаде по сольфеджио в старших классах','',1,0,NULL,1423729505,NULL,4,4),(303,2,'&quot;Ой, казали масляной&quot; Аранжировка','',1,0,NULL,1423819776,NULL,4,4),(304,2,'И.С.Бах &quot;Gott lebet noch&quot; Переложение для 2-х голосного детского хора','',1,0,NULL,1424090678,NULL,4,4),(305,2,'И.Стравинский. &quot;Незабудочка-цветочек&quot;, &quot;Запевная&quot;, &quot;Весна&quot; (&quot;Монастырская&quot;) Переложение для флейты','',1,0,NULL,1424246298,NULL,4,4),(306,1,'План-конспект концерта &quot;Посвящение в первоклассники&quot;','',1,0,NULL,1424266757,NULL,4,4),(307,2,'Е.Калверт &quot;Моя любовь&quot; Переложение для квартета труб, бас-гитары и фортепиано','',1,0,NULL,1424267007,NULL,4,4),(308,2,'&quot;Как на тоненький ледок&quot;, &quot;Ой, блины, мои блины&quot;, &quot;Вот уж зимушка проходит&quot; Аранжировка народных песен для подготовительной группы','',1,0,NULL,1424421925,NULL,4,4),(309,2,'И.С. Бах. Менуэт. Создание аккомпанемента','',1,0,NULL,1424422993,NULL,4,4),(310,1,'Письменные задания по Музыкальной литературе','',1,0,NULL,1424427714,NULL,4,4),(311,2,'В.А.Моцарт. Аллегретто. Переложение для альта, тенора и фортепиано','',1,0,NULL,1425303820,NULL,4,4),(312,2,'Положение конкурса &quot;Быстрые пальчики&quot;','',1,0,NULL,1425304873,NULL,4,4),(313,1,'Ж.Б.Арбан &quot;Венецианский карнавал&quot; Переложение и редакция партий 1 и 2 флейт','',1,0,NULL,1425977032,NULL,4,4),(314,2,'И. Стравинский. Обязательные произведения I открытого окружного конурса-фестиваля &quot;Жар-птица&quot;','',1,0,NULL,1425982825,NULL,4,4),(315,1,'Е.Дербенко &quot;Острый ритм&quot; Аккомпанемент','',1,0,NULL,1426077740,NULL,4,4),(316,2,'К.Зеленихин. Этюд. Аккомпанемент','',1,0,NULL,1426077812,NULL,4,4),(317,2,'Муз. В.Мигули, сл. М.Агашиной &quot;Песнь о солдате&quot; Аранжировка для сопрано и фортепиано','',1,0,NULL,1426078590,NULL,4,4),(320,1,'&quot;Мамочка&quot;, &quot;Автобус голубой&quot;, &quot;Фиалка&quot; Аранжировка детских песен для подготовительной группы.','',1,0,NULL,1426329764,NULL,4,4),(321,1,'&quot;А чу-чу&quot; Колыбельная песня Орловской области. Аранжировка для солистки.','',1,0,NULL,1426329957,NULL,4,4),(322,1,'Дж. Вильямс. Марш. Переложение для ансамбля 4 флейт','',1,0,NULL,1426335004,NULL,4,4),(323,1,'&quot;Ай, Слава Богу на небесах&quot; Казачья строевая, походная. Переложение для детского ансамбля','',1,0,NULL,1426517710,NULL,4,4),(324,1,'И.Дунаевский &quot;Ехал я из Берлина&quot; Переложение для трех труб','',1,0,NULL,1426518550,NULL,4,4),(325,1,'М.Блантер &quot;Катюша&quot; Переложение для трио домр','',1,0,NULL,1426518722,NULL,4,4),(326,1,'Ф. Антонини &quot;Цыганский дивертисмент&quot;','',1,0,NULL,1426578982,NULL,4,4),(327,1,'С.Майкапар &quot;Мотылек&quot; Переложение для колокольчиков','',1,0,NULL,1426587094,NULL,4,4),(328,2,'Положение об олимпиаде по Музыкальной литературе','',1,0,NULL,1426604964,NULL,4,4),(329,2,'Разработка сценария концерта &quot;Золотой век&quot;','',1,0,NULL,1426605278,NULL,4,4),(330,2,'Задания для олимпиады по Музыкальной литературе','',1,0,NULL,1426605397,NULL,4,4),(331,2,'Составление дополнительной общеразвивающей образовательной программы &quot;Чтение с листа&quot; Скрипка','',1,0,NULL,1426671278,NULL,4,4),(332,2,'Составление дополнительной общеразвивающей образовательной программы &quot;Чтение с листа&quot; Скрипка','',1,0,NULL,1426671316,NULL,4,4),(333,1,'А.Б. Фюрстенау &quot;Два дуэта&quot; Переложение для валторн','',1,0,NULL,1426676381,NULL,4,4),(334,1,'&quot;Шла девчонка&quot; Аранжировка для ансамбля старших классов','',1,0,NULL,1426676901,NULL,4,4),(335,2,'Составление дополнительной общеразвивающей образовательной программы по учебному предмету &quot;Хоровое пение&quot;','',1,0,NULL,1426677435,NULL,4,4),(336,2,'Составление дополнительной общеразвивающей образовательной программы по учебному предмету &quot;Гитара&quot;','',1,0,NULL,1426678245,NULL,4,4),(337,1,'&quot;Романс&quot; Обработка М.Штейнберга. Переложение для 2 флейт','',1,0,NULL,1426682099,NULL,4,4),(338,1,'С.Майкапар &quot;Полька&quot; Переложение для 2 домр и 2 балалаек','',1,0,NULL,1426682336,NULL,4,4),(339,1,'А. Климов &quot;Кукольный вальс&quot;','',1,0,NULL,1427714007,NULL,4,4),(341,1,'&quot;Как вставала я ранешенько&quot; Аранжировка','',1,0,NULL,1428220447,NULL,4,4),(342,1,'Х.Стотхарт &quot;Вальс свечей&quot; Создание партий флейт 1,2, колокольчиков, вибрафона. Набор партитуры и аккомпанемента','',1,0,NULL,1428595217,NULL,4,4),(343,2,'Создание наглядных пособий для уроков сольфеджио. Краткая аннотация и опись материалов.','',1,0,NULL,1428656753,NULL,4,4),(344,1,'И.Ф. Стравинский &quot;Подблюдная песня&quot;, &quot;Песня соловья&quot; из оперы &quot;Соловей&quot;, &quot;Русский танец&quot; из балета &quot;Петрушка&quot;. Переложение для флейты и фортепиано','',1,0,NULL,1428923894,NULL,4,4),(345,1,'Ж.Б.Арбан &quot;Венецианский карнавал&quot; Набор и редакция партий кларнетов','',1,0,NULL,1429005892,NULL,4,4),(346,1,'А.Хачатурян &quot;Скакалка&quot; Переложение для дуэта валторн','',1,0,NULL,1429006479,NULL,4,4),(347,2,'Сценарий концерта  классов преподавателей Багирова А.Б., Вознесенского Л.Н., Живова Ю.В.','',1,0,NULL,1429006734,NULL,4,4),(348,1,'В.Попп &quot;Сладкие грезы&quot; Набор и редакция аккомпанемента','',1,0,NULL,1429541792,NULL,4,4),(349,1,'И.Альбенис &quot;Танго&quot; Переложение для 2-х труб и фортепиано','',1,0,NULL,1429541952,NULL,4,4),(350,1,'Фантазия на тему песни М.Блантера &quot;Моя любимая&quot;. Переложение для трио домр','',1,0,NULL,1429542167,NULL,4,4),(351,1,'В.Козлов &quot;Кискино горе&quot; Переложение для флейты и гитары','',1,0,NULL,1429542463,NULL,4,4),(352,2,'Разработка общеразвивающей программы учебного предмета &quot;Балалайка&quot;','',1,0,NULL,1429606863,NULL,4,4),(353,2,'Разработка общеразвивающей программы учебного предмета &quot;Домра&quot;','',1,0,NULL,1429607046,NULL,4,4),(354,2,'Разработка общеразвивающей программы учебного предмета &quot;Ансамбль&quot;','',1,0,NULL,1429607145,NULL,4,4),(355,2,'Разработка общеразвивающей программы &quot;Духовые и ударные инструменты&quot;','',1,0,NULL,1429611078,NULL,4,4),(356,2,'Разработка общеразвивающей образовательной программы учебного предмета &quot;Духовые и ударные инструменты&quot;','',1,0,NULL,1429612483,NULL,4,4),(357,2,'Разработка общеразвивающей образовательной программы учебного предмета &quot;Духовые и ударные инструменты&quot;','',1,0,NULL,1429614882,NULL,4,4),(358,2,'Разработка общеразвивающей образовательной программы учебного предмета &quot;Аккордеон&quot;','',1,0,NULL,1429615008,NULL,4,4),(359,2,'Разработка общеразвивающей образовательной программы учебного предмета &quot;Оркестр народных инструментов&quot;','',1,0,NULL,1429615235,NULL,4,4),(360,2,'Разработка общеразвивающей образовательной программы учебного предмета &quot;Основы изобразительного искусства и рисование&quot;','',1,0,NULL,1429615395,NULL,4,4),(361,2,'Разработка общеразвивающей образовательной программы учебного предмета &quot;Скипка, виолончель&quot;','',1,0,NULL,1429615545,NULL,4,4),(362,2,'Разработка общеразвивающей образовательной программы учебного предмета &quot;Скрипка, виолончель&quot;','',1,0,NULL,1429615763,NULL,4,4),(363,2,'Разработка общеразвивающей образовательной программы учебного предмета &quot;Скрипка, виолончель&quot;','',1,0,NULL,1429615907,NULL,4,4),(364,2,'Разработка предпрофессиональной образовательной программы учебного предмета &quot;История эстрадной и джазовой музыки&quot;','',1,0,NULL,1429616687,NULL,4,4),(365,1,'С.Майкапар &quot;Полька&quot; Переложение для 2 домр и 2 балалаек. Партии домры, малой домры','',1,0,NULL,1429772726,NULL,4,4),(366,2,'Разработка общеразвивающей образовательной программы учебного предмета &quot;Слушание музыки и музыкальная грамота&quot;','',1,0,NULL,1429772943,NULL,4,4),(368,2,'Разработка общеразвивающей образовательной программы учебного предмета &quot;Вокально-хоровой ансамбль&quot;','',1,0,NULL,1429773104,NULL,4,4),(369,2,'Разработка общеразвивающей образовательной программы учебного предмета &quot;Слушание музыки и музыкальная грамота&quot;','',1,0,NULL,1429773167,NULL,4,4),(370,2,'Разработка общеразвивающей образовательной программы учебного предмета &quot;Народная хореография&quot;','',1,0,NULL,1429773229,NULL,4,4),(371,1,'&quot;А мы масленицу дожидаем&quot; Аранжировка','',1,0,NULL,1430900046,NULL,4,4),(372,1,'Муз. Г. Пономаренко, сл. О. Левицкого &quot;Ялечу над Россией. Инструментовка','',1,0,NULL,1431009537,NULL,4,4),(373,2,'&quot;К 70-летию Великой победы&quot; Сценарии концертов (Музыкальный фольклор, духовой оркестр)','',1,0,NULL,1431075820,NULL,4,4),(374,1,'Ф.Сенатра &quot;Голубая луна&quot; Переложение для квинтета духовых инструментов','',1,0,NULL,1431531368,NULL,4,4),(375,1,'А. Лядов &quot;Шуточная&quot; Создание аккомпанемента','',1,0,NULL,1431597324,NULL,4,4),(376,1,'М.А. Шарпантье &quot;Прелюд&quot; Обработка аккомпанемента','',1,0,NULL,1432031837,NULL,4,4),(377,1,'&quot;Идет матушка-Весна&quot;, &quot;Бабка-ежка&quot;, &quot;Заинька во садочке&quot; Аранжировки детских песен для подготовительной группы.','',1,0,NULL,1432137498,NULL,4,4),(378,2,'Разработка общеразвивающей образовательной программы учебного предмета &quot;Лепка&quot;','<p>Работа учтена в период с 04.2015 по 06.2015</p>',1,0,NULL,1433835889,NULL,4,4),(379,2,'Разработка общеразвивающей образовательной программы учебного предмета &quot;Основы изобразительного искусства&quot;','<p>Работа учтена за период с 04.2015 по 06.2015</p>',1,0,NULL,1433836404,NULL,4,4),(380,2,'План-конспект открытого урока по сольфеджио в подготовительной группе','',1,0,NULL,1434353285,NULL,4,4),(381,2,'Разработка общеразвивающей образовательной программы учебного предмета &quot;История искусств&quot;','<p>Работа учтена за период с 04.2015 по 06.2015</p>',1,0,NULL,1434707504,NULL,4,4),(382,1,'&quot;Ах ты, береза&quot; Обработка Б. Трояновского. Инструментовка для оркестра народных инструментов','',1,0,NULL,1442221829,NULL,4,4),(383,1,'Э.Григ &quot;Странник&quot; Создание партий для квинтета','',1,0,NULL,1442406121,NULL,4,4),(384,1,'&quot;Как во нашем дому&quot; Аранжировка','',1,0,NULL,1442412068,NULL,4,4),(385,1,'&quot;Капусточка&quot;  Расшифровка и переложение для детского фольклорного ансамбля','',1,0,NULL,1442412183,NULL,4,4),(386,2,'Развитие творческих навыков на уроках сольфеджио','',1,0,NULL,1442920907,NULL,4,4),(387,1,'С.Федоров &quot;Этюд-галоп&quot; Создание аккомпанемента','',1,0,NULL,1444223110,NULL,4,4),(388,1,'&quot;Вокруг коршуна&quot;, &quot;Корова&quot; Аранжировки для хора подготовительных групп','',1,0,NULL,1444301927,NULL,4,4),(389,1,'Дж.Верди. &quot;Триумфальный марш&quot; аранжировка для квартета труб','',1,0,NULL,1444824412,NULL,4,4),(390,2,'&quot;Особенности работы концертмейстера в детской школе искусств&quot;','',1,0,NULL,1444825879,NULL,4,4),(391,1,'С. Бебстер &quot;Переложение для ансамбля ксилофонов и фортепаино','',1,0,NULL,1444828689,NULL,4,4),(392,1,'&quot;Колыбельная&quot; обработка для фольклорного ансамбля, &quot;Ночка темна&quot; переложение для детского фольклорного ансамбля','',1,0,NULL,1444833883,NULL,4,4),(393,2,'&quot;Осенины&quot; (предмет &quot;Народное творчество&quot;)','',1,0,NULL,1444834053,NULL,4,4),(394,1,'В.Маляров &quot;Казачья&quot; Аранжировка для ансамбля аккордеонистов','',1,0,NULL,1444837085,NULL,4,4),(395,1,'&quot;Как у Ваньки кудри&quot; Аранжировка','',1,0,NULL,1444984199,NULL,4,4),(396,2,'Составление предпрофессиональной программы по учебному предмету &quot;Ритмическое сольфеджио&quot;','',1,0,NULL,1445520108,NULL,4,4),(397,1,'Ж.Арбан &quot;Венецианский карнавал&quot;. Редакция и набор партий труб и корнетов','',1,0,NULL,1445520420,NULL,4,4),(398,1,'Е.Крылатов &quot;Колыбельная медведицы&quot; Переложение для колокольчиков (виброфона) и ксилофона','',1,0,NULL,1446715091,NULL,4,4),(399,1,'М. Гордон &quot;Чаттануга&quot; Переложение для ансамбля ксилофонов','',1,0,NULL,1446715424,NULL,4,4),(400,1,'&quot;Как пришла коляда&quot; Аранжировка','',1,0,NULL,1447147401,NULL,4,4),(401,1,'Й. Гайдн &quot;Пьеса&quot; Аккомпанемент','',1,0,NULL,1447406752,NULL,4,4),(402,1,'Р. Чарльз &quot;Опять все сначала&quot;, М. Нейфельд &quot;Суп из ламантина&quot;, К. Норман &quot;Оступаемся&quot; Создание партий ударных инструментов','',1,0,NULL,1447407076,NULL,4,4),(403,1,'Мексиканская народная песня &quot;Чапанека&quot; Переложение для двух валторн','',1,0,NULL,1447422041,NULL,4,4),(404,2,'Бюллетень концертов 1, 2 Педагогической филармонии','',1,0,NULL,1447429815,NULL,4,4),(405,1,'В.А. Моцарт &quot;Турецкое рондо&quot; (отрывок) Переложение для фортепиано в 4 руки','<p>Учтена работа за октябрь</p>',1,0,NULL,1447668935,NULL,4,4),(406,1,'&quot;Яхонтик&quot; Переложение для фольклорного ансамбля','',1,0,NULL,1447680715,NULL,4,4),(407,1,'&quot;В саду зеленом&quot; Переложение для голоса','',1,0,NULL,1447681167,NULL,4,4),(408,1,'П. Гассле &quot;Наряд для успеха&quot;, Э. Пресли &quot;Всего трясет меня&quot;, Б.Андерсон &quot;До скорого&quot;','',1,0,NULL,1447684931,NULL,4,4),(409,1,'&quot;Вечерок да вечерается&quot; Аранжировка для ансамбля старших классов, &quot;Эхо, отзовись!&quot; Аранжировка детской песни для подготовительного класса, &quot;Гоорошина&quot; Аранжировка детской песни для подготовительного класса','',1,0,NULL,1448027453,NULL,4,4),(410,1,'Американская народная песенка &quot;Карусель&quot; Переложение для ансамбля валторн','',1,0,NULL,1448359068,NULL,4,4),(411,1,'Р.Шуман &quot;Воспоминание&quot; Переложение для ксилофона и фортепиано','',1,0,NULL,1448449758,NULL,4,4),(412,1,'Рождественский кант &quot;Небо и земля&quot; Аранжировка для сводного хора, &quot;Ай, чу-чу!&quot; Аранжировка для подготовительного класса','',1,0,NULL,1448878507,NULL,4,4),(413,1,'Ж.Б. Арман &quot;Венецианский карнавал&quot; редакция и набор партий валторн','',1,0,NULL,1448881782,NULL,4,4),(414,1,'&quot;Смоленский гусачек&quot; Инструментовка для окрестра народных инструментов','',1,0,NULL,1448883085,NULL,4,4),(415,2,'Задания для олимпиады по предметам &quot;Слушание музыки&quot; и &quot;Музыкальная литература&quot;','',1,0,NULL,1449324498,NULL,4,4),(416,1,'С. Федоров &quot;Блюзовая улыбка&quot; создание аккомпанемента','',1,0,NULL,1449324806,NULL,4,4),(417,1,'И. Стравинский &quot;Пастораль&quot; Переложение для флейты и фортепиано','',1,0,NULL,1449325861,NULL,4,4),(418,1,'В. Негрескул &quot;Полька-хлопушка&quot;','',1,0,NULL,1449326059,NULL,4,4),(419,2,'Разработка сценария концерта-беседы &quot;Интересная полифония&quot;','',1,0,NULL,1449565969,NULL,4,4),(420,1,'&quot;Мы к хозяину на двор&quot; Аранжировка','',1,0,NULL,1449820663,NULL,4,4),(421,2,'&quot;Развитие творческих способностей учащихся музыкальных школ&quot;','',1,0,NULL,1449821721,NULL,4,4),(422,2,'Составление творческих заданий к олимпиаде по сольфеджио (3 и 4 классы)','',1,0,NULL,1449831476,NULL,4,4),(423,2,'Составление требований к техническому зачету &quot;Музыкальные термины&quot;','',1,0,NULL,1450089345,NULL,4,4),(424,2,'Письменные задания по музыкальной литературе','',1,0,NULL,1450278528,NULL,4,4),(425,2,'Разработка положения об олимпиаде по слушанию музыки и музыкальной литературе','',1,0,NULL,1450278735,NULL,4,4),(426,2,'Разработка положения об олимпиаде по сольфеджио','',1,0,NULL,1450278858,NULL,4,4),(427,1,'&quot;Сени&quot; Переложение для фольклорного ансамбля','',1,0,NULL,1450279032,NULL,4,4),(428,1,'Легкие переложения для фортепиано в 8 рук','',1,0,NULL,1450878248,NULL,4,4),(429,1,'Л. Брагинский &quot;Мультяшный балаган&quot; Набор партитуры и редакция','',1,0,NULL,1450878634,NULL,4,4),(430,2,'&quot;Детский фольклор: Поэзия пестования&quot;','',1,0,NULL,1451387028,NULL,4,4),(431,1,'К. Сен-Санс &quot;Карнавал животных&quot; &quot;Куры и петухи&quot; Переложение для ансамбля ударных инструментов','',1,0,NULL,1452762975,NULL,4,4),(432,1,'И.Ф. Стравинский. Вальс из балета &quot;Петрушка&quot; Переложение для дуэта флейт и фортепиано','',1,0,NULL,1452763259,NULL,4,4),(433,1,'С. Федоров. Вальс мюзет. Переложение для двух домр','',1,0,NULL,1452763516,NULL,4,4),(436,1,'Б. Девагтер &quot;Влюбленные сердца&quot; Переложение для ксилофона и фортепиано','',1,0,NULL,1453195398,NULL,4,4),(437,1,'М. Дунаевский &quot;33 коровы&quot; Редакция партии аккомпанемента для ударных','',1,0,NULL,1453196116,NULL,4,4),(438,1,'Календарная песня &quot;Зимушка&quot; Аранжировка','',1,0,NULL,1453196237,NULL,4,4),(439,1,'Хоровод &quot;Мы девицы-мудреницы&quot; Аранжировка для ансамбля','<p>Файл в обработке</p>',1,0,NULL,1453197021,NULL,4,4),(440,1,'В. Беллини &quot;Обрадуй же сердце&quot; Переложение для ансамбля флейты с гитарой','',1,0,NULL,1453197180,NULL,4,4),(441,1,'И.Ф. Стравинский &quot;Балерина и Арап&quot; Переложение для дуэта флейт и фортепиано','',1,0,NULL,1453197355,NULL,4,4),(442,1,'Рождественская песня. Дж. Мюррей &quot;В яслях&quot;','',1,0,NULL,1453198053,NULL,4,4),(443,1,'Г. Форе &quot;Пробуждение&quot; Переложение для скрипки, виолончели и фортепиано','',1,0,NULL,1453198208,NULL,4,4),(444,1,'Муз. Аксенова, сл. А.С. Пушкина &quot;Птичка Божия не знает&quot; Переложение','',1,0,NULL,1453198490,NULL,4,4),(445,1,'Г. Кен. Чарльстон. Переложение для фортепиано в 4 руки','',1,0,NULL,1453971314,NULL,4,4),(446,1,'Е. Элгар &quot;Пышная церемония&quot; Переложение для ксилофона и фортепиано','',1,0,NULL,1454333786,NULL,4,4),(447,1,'С. Федоров &quot;Вальс-мюзет&quot; Аккомпанемент','',1,0,NULL,1454406047,NULL,4,4),(448,1,'И. Майр &quot;Хвалите Господа&quot; Переложение для дуэта валторн и фортепиано','',1,0,NULL,1454920954,NULL,4,4),(450,1,'&quot;Ах ты душечка&quot; Инструментовка','',1,0,NULL,1455278791,NULL,4,4),(451,1,'Ф. Ауберт &quot;Маленький технический дуэт&quot; Переложение для 2-х труб','',1,0,NULL,1455278965,NULL,4,4),(452,1,'&quot;Приди, весна, с радостью&quot; Аранжировка','',1,0,NULL,1455350230,NULL,4,4),(453,2,'Стравинский: Материалы для экскурсии','',1,0,NULL,1455621558,NULL,4,4),(454,2,'Составление положения конкурса &quot;Быстрые пальчики 2016&quot;','',1,0,NULL,1455622033,NULL,4,4),(455,1,'&quot;Перепелка&quot; Бесёдная игра. Переложение для фольклорного ансамбля','',1,0,NULL,1455622705,NULL,4,4),(456,1,'&quot;Как у нашего соседа&quot; Переложение для фольклорного ансамбля','',1,0,NULL,1455622887,NULL,4,4),(457,1,'С. Нихифор &quot;Фантазия на африканский мотив&quot;','',1,0,NULL,1455634453,NULL,4,4),(458,1,'Д. Моретти &quot;Однажды ночью в Мекиске&quot; Создание партии для аккомпанирующей группы','',1,0,NULL,1455634716,NULL,4,4),(459,2,'Редактирование образовательной программы &quot;Ритмика&quot; (подготовительный класс 5 и 6 лет)','<p>Файл в обработке</p>',1,0,NULL,1455634859,NULL,4,4),(460,2,'Редактирование образовательной программы &quot;Чтение хоровых партитур&quot; (ОПУ 7 лет)','<p>Файл в обработке</p>',1,0,NULL,1455634945,NULL,4,4),(461,1,'&quot;Масляна, масляна&quot; (Календарная песня) Аранжировка. &quot;Шел да пошел&quot; (шуточная игровая песня) Аранжировка','',1,0,NULL,1455721121,NULL,4,4),(462,2,'Разработка положения конкурса технического мастерства','',1,0,NULL,1455973377,NULL,4,4),(463,1,'Г. Гендель. Сарабанда. Переложение для 3-х фортепиано','',1,0,NULL,1456312000,NULL,4,4),(464,2,'Разработка сценария концерта-лекции &quot;Стравинский. Ближний круг&quot;','',1,0,NULL,1456397691,NULL,4,4),(465,1,'Д. Уоллес &quot;Ленивый полдень&quot; Переложение для квинтета духовых инструментов','',1,0,NULL,1457525844,NULL,4,4),(466,1,'Г. Форе &quot;пробуждение&quot; Переложение для валторны и форепиано','',1,0,NULL,1457526319,NULL,4,4),(467,1,'В. Эшер &quot;Свингующие трубачи&quot; Аккомпанемент','',1,0,NULL,1457527010,NULL,4,4),(468,1,'У. Клинг. Этюд №14 Создание аккомпанемента','',1,0,NULL,1457527169,NULL,4,4),(469,1,'&quot;А масленая со блинами&quot; (масленичная) Аранжировка','',1,0,NULL,1457614224,NULL,4,4),(470,2,'&quot;Освоение основных приемов игры на балалайке в ДМШ&quot;','',1,0,NULL,1458057316,NULL,4,4),(471,2,'Методические материалы для квеста Фестиваля &quot;Жар-Птица&quot; (младшие классы)','',1,0,NULL,1458057449,NULL,4,4),(472,2,'Теоретические задания для учащихся 7 классов','',1,0,NULL,1458633428,NULL,4,4),(473,2,'Подбор иллюстраций, аудио и видео материалов к квесту фестиваля &quot;Жар-Птица&quot;','<p>Материалы в электронном виде хранятся в кабинете зам.директора (2015-2016 уч.год - Фестиваль \"Жар-Птица\")</p>',1,0,NULL,1458633860,NULL,4,4),(474,1,'Создание партии для ударных инструментов: Э.Джон «В тебе есть что-то особенное», В.Андерсон «Мама дорогая», Б.Голсон «Пойдем,Бетси»; Аранжировка для ансамбля ударных инструментов: И.Остроухов «Румба»','',1,0,NULL,1459161504,NULL,4,4),(475,2,'Создание видео-презентации &quot;Навстречу VI юношескому фестивалю имени Гнесиных&quot;','<p>Видео-презентация в электронном виде в кабинете зам.директора по УВР</p>',1,0,NULL,1460121045,NULL,4,4),(476,1,'Диктанты для музыкально-теоретической олимпиады-2016','',1,0,NULL,1460463860,NULL,4,4),(477,1,'А. Корелли &quot;Адажио&quot; Переложение для квартета труб','',1,0,NULL,1460544998,NULL,4,4),(478,1,'Ф. Мендельсон &quot;Ноктюрн&quot; Партитура и аккомпанемент','',1,0,NULL,1460546059,NULL,4,4),(479,2,'Подготовка сценария к отчетному концерту отдела &quot;Хоровое пение&quot;','',1,0,NULL,1460637637,NULL,4,4),(480,2,'Задания для олимпиады по музыкальной литературе','',1,0,NULL,1460637785,NULL,4,4),(481,1,'Г. Персел &quot;Трубный глас&quot; Переложение для ансамбля валторн','',1,0,NULL,1460638842,NULL,4,4),(482,1,'Б. Мартину &quot;Почему бы не поиграть в солдатики&quot; Переложение для ксилофона и фортепиано','',1,0,NULL,1460639645,NULL,4,4),(483,1,'Р. Петерсон &quot;Старый автомобиль&quot; Переложение для ксилофона и фортепиано','',1,0,NULL,1460642370,NULL,4,4),(484,1,'С. Джоплин &quot;Конферансье&quot; Переложение для фортепианного ансамбля','',1,0,NULL,1460649733,NULL,4,4),(485,2,'План-конспект к видео презентации &quot;Навстречу VI открытому юношескому фестивалю имени Гнесиных&quot;','',1,0,NULL,1460712926,NULL,4,4),(486,1,'&quot;Жаворынки, жаворонычки&quot; Аранжировка','',1,0,NULL,1460713162,NULL,4,4),(487,2,'Задания для игры Quest: Средние классы','',1,0,NULL,1460713373,NULL,4,4),(488,2,'&quot;Пояс в русском традиционном костюме&quot;','',1,0,NULL,1462439953,NULL,4,4),(489,2,'&quot;Жилище русского крестьянина&quot;','',1,0,NULL,1462440073,NULL,4,4),(490,2,'Составление требований к презентации по музыкальной литературе для учащихся выпускных классов','',1,0,NULL,1462440277,NULL,4,4),(491,1,'И.Ф. Стравинский &quot;Русская&quot; Переложение для флейты и фортепиано','',1,0,NULL,1462893756,NULL,4,4),(492,1,'&quot;У нас по кругу&quot; Аранжировка песни для ансамбля','',1,0,NULL,1462968930,NULL,4,4),(493,2,'Составление дополнительной общеразвивающей образовательной программы &quot;Подготовительный класс&quot; по учебному предмету &quot;Хор&quot;','<p>Файл в электронном виде в кабинете заместителя директора по УВР.</p>',1,0,NULL,1462969124,NULL,4,4),(494,1,'&quot;Всю да я вселенную проехал&quot; Инструментовка','',1,0,NULL,1463048924,NULL,4,4),(495,2,'Составление дополнительной общеразвивающей образовательной программы &quot;Подготовительный класс&quot; по учебному предмету &quot;Хор&quot;','<p>Файл в электронном виде в кабинете заместителя директора по УВР.</p>',1,0,NULL,1463068327,NULL,4,4),(496,1,'Составление сборника переложений для флейты и фортепиано &quot;Музыка из кинофильмов и мультфильмов&quot;','',1,0,NULL,1463411028,NULL,4,4),(497,1,'&quot;Посеяли лен за рекой&quot;, &quot;Летел голубь, летел сизый&quot; Аранжировки','',1,0,NULL,1463483043,NULL,4,4),(498,2,'Составление дополнительной общеразвивающей образовательной программы &quot;Подготовительный класс&quot; по учебному предмету &quot;Музыкальный инструмент. Духовые и ударные инструменты&quot;','<p>Файл в электронном виде в кабинете заместителя директора по УВР.</p>',1,0,NULL,1463492742,NULL,4,4),(499,2,'Составление дополнительной общеразвивающей образовательной программы &quot;Подготовительный класс&quot; по учебному предмету &quot;Музыкальный инструмент. Духовые и ударные инструменты&quot;','<p>Файл в электронном виде в кабинете заместителя директора по УВР.</p>',1,0,NULL,1463492819,NULL,4,4),(500,2,'Составление дополнительной общеразвивающей образовательной программы &quot;Подготовительный класс&quot; по учебному предмету &quot;Музыкальный инструмент. Духовые и ударные инструменты&quot;','<p>Файл в электронном виде в кабинете заместителя директора по УВР.</p>',1,0,NULL,1463492845,NULL,4,4),(501,2,'Составление дополнительной общеразвивающей образовательной программы &quot;Подготовительный класс&quot; по учебному предмету &quot;Музыкальный инструмент. Балалайка&quot;','<p>Файл в электронном виде в кабинете заместителя директора по УВР.</p>',1,0,NULL,1463492953,NULL,4,4),(502,2,'Составление дополнительной общеразвивающей образовательной программы образовательной программы &quot;Подготовительный класс&quot; по учебному предмету &quot;Музыкальный инструмент. Фортепиано&quot;','<p>Файл в электронном виде в кабинете заместителя директора по УВР.</p>',1,0,NULL,1463493089,NULL,4,4),(503,2,'Составление дополнительной общеразвивающей образовательной программы &quot;Подготовительный класс&quot; по учебному предмету &quot;Сольфеджио&quot;','<p>Файл в электронном виде в кабинете заместителя директора по УВР.</p>',1,0,NULL,1463493863,NULL,4,4),(504,2,'Составление дополнительной общеразвивающей образовательной программы &quot;Подготовительный класс&quot; по учебному предмету &quot;Ритмика&quot;','<p>Файл в электронном виде в кабинете заместителя директора по УВР.</p>',1,0,NULL,1463494135,NULL,4,4),(505,2,'Составление дополнительной общеразвивающей образовательной программы в области изобразительного искусства по учебному предмету &quot;Основы дизайна&quot;','<p>Файл в электронном виде в кабинете заместителя директора по УВР.</p>',1,0,NULL,1463494401,NULL,4,4),(506,1,'Л.В.Бетховен &quot;Гимн ночи&quot; Переложение для ансамбля валторн','',1,0,NULL,1463576434,NULL,4,4),(507,1,'И.Штраус &quot;Императорский вальс&quot; Переложение для колокольчиков и фортепиано','',1,0,NULL,1463576648,NULL,4,4),(508,1,'М.Муссоргский &quot;Прогулка&quot; из цикла &quot;Картинки с выставки&quot; Переложение для ксилофона и фортепиано','',1,0,NULL,1463576811,NULL,4,4),(509,1,'Дж.М.Дейли &quot;Танец&quot; Переложение для трубы и фортепиано','',1,0,NULL,1463576985,NULL,4,4),(510,1,'Бесёдная игра &quot;Вьюнчик&quot; Расшифровка песни для ансамбля','',1,0,NULL,1463741201,NULL,4,4),(511,1,'Танец-шестёра &quot;Право, маменька&quot; Расшифровка песни для ансамбля','',1,0,NULL,1463741319,NULL,4,4),(512,2,'Методическая разработка по учебному предмету &quot;Хоровое сольфеджио&quot;. Работа над интервалами.','',1,0,NULL,1464188685,NULL,4,4),(513,1,'&quot;Диковинка из Дюссельдорфа&quot; Инструментовка','',1,0,NULL,1464791808,NULL,4,4),(514,1,'Е. Дербенко &quot;Старинная гравюра&quot; Создание аккомпанемента','',1,0,NULL,1465373847,NULL,4,4),(515,1,'РНП &quot;Мишенька под вишенькой&quot; Аранжировка','',1,0,NULL,1465373955,NULL,4,4),(516,1,'С.Ветушко &quot;Мой друг - Карлсон&quot; преложение для трио (домра и две гитары)','',1,0,NULL,1465374181,NULL,4,4),(517,2,'Сценарий творческого вечера &quot;Любовь пронесенная через года&quot;','',1,0,NULL,1465567716,NULL,4,4),(518,2,'&quot;Старшие классы Quest: Пять модулей с пояснениями и текстовыми заданиями&quot;','',1,0,NULL,1465894001,NULL,4,4),(519,1,'&quot;Во поле, поле рябинка стоит&quot; Шуточная Кировской области','',1,0,NULL,1465980167,NULL,4,4),(520,2,'Вопросы педагогической филармонии сезона 2015-2016','',1,0,NULL,1465980476,NULL,4,4),(521,2,'Подготовка видеоматериалов для фестиваля &quot;Жар-Птица&quot;','<p>Файлы смонтированных фильмов хранятся у заместителя директора по УВР (4 фильма: Для учащихся младших, средних и старших классов, а также фильм для отдела \"Духовые и ударные инструменты\").</p>',1,0,NULL,1465981086,NULL,4,4),(522,2,'Составление дополнительной общеразвивающей образовательной программы &quot;Хоровое пение&quot; по учебному предмету &quot;Вокально-хоровой ансамбль&quot;','<p>Файл в электронном виде хранится в кабинете зам.директора по УВР</p>',1,0,NULL,1472221735,NULL,4,4),(523,2,'Составление дополнительной общеразвивающей образовательной программы &quot;Хоровое пение&quot; по учебному предмету &quot;Слушание музыки и музыкальная грамота&quot;','<p>Файл в электронном виде хранится в кабинете зам. директора по УВР</p>',1,0,NULL,1472221904,NULL,4,4),(524,2,'Составление дополнительной общеразвивающей образовательной программы &quot;Хоровое пение&quot; по учебному предмету &quot;Музыкальный инструмент. Фортепиано&quot;','<p>Файл в электронном виде хранится в кабинете зам.директора по УВР</p>',1,0,NULL,1472222035,NULL,4,4),(525,2,'Составление дополнительной общеразвивающей образовательной программы &quot;Хоровое пение&quot; Основной раздел','<p>Файл в электронном виде хранится в кабинете зам.директора по УВР</p>',1,0,NULL,1472222215,NULL,4,4),(526,1,'&quot;Ночка луговая&quot; муз.Б.Дехтярева,сл.А.Пришельца. Инструментовка','',1,0,NULL,1473846267,NULL,4,4),(527,1,'Ж.Б.Арбан &quot;Сверкающий снег&quot; Партитура и редакция аккомпанемента','',1,0,NULL,1473846487,NULL,4,4),(528,1,'Р.Глиэр &quot;У ручья&quot; Переложение для флейты и фортепиано','',1,0,NULL,1473848086,NULL,4,4),(529,1,'В.Пескин &quot;Поэма&quot; Редакция партии трубы','',1,0,NULL,1473848204,NULL,4,4),(530,1,'И.С.Бах. Хорал из оратории &quot;Страсти по Иоанну&quot; Переложение для ансамбля ударных инструментов','',1,0,NULL,1473848353,NULL,4,4),(531,1,'&quot;Кукарача&quot; Мексиканская народная песня. Переложение для валторны и фортепиано','',1,0,NULL,1473848446,NULL,4,4),(532,2,'&quot;О внеурочной работе преподавателей музыкально-теоретических дисциплин ДШИ им.И.Ф.Стравинского&quot; для выступления на семинаре в УМЦ','',1,0,NULL,1473849840,NULL,4,4),(533,2,'&quot;Интерпретация музыкальных произведений для трубы&quot;','',1,0,NULL,1473874044,NULL,4,4),(534,1,'В.А.Моцарт. Немецкий танец. Переложение для колокольчиков и фортепиано','',1,0,NULL,1473874250,NULL,4,4),(535,1,'Л.Армстронг &quot;Долли&quot;, Д.Хенли &quot;Отель Калифорния&quot;. Создание партий ударных инструментов.','',1,0,NULL,1473874495,NULL,4,4),(536,2,'Редактирование Основного раздела общеобразовательной общеразвивающий программы в области музыкального искусства &quot;Отделение развития&quot;','<p>Файл в электронном виде хранится в кабинете зам.директора по УВР</p>',1,0,NULL,1473874693,NULL,4,4),(537,1,'И.Дунаевский. Колыбельная. Создание партитуры и голосов для младшего оркестра','',1,0,NULL,1473938411,NULL,4,4),(538,2,'Составление дополнительной общеразвивающей образовательной программы &quot;Отделение развития&quot; по учебному предмету &quot;Рисунок&quot;','<p>Файл в обработке</p>',1,0,NULL,1473938800,NULL,4,4),(539,1,'Н.Кошелева. Вальс Создание партитуры для ансамбля аккордеонов','',1,0,NULL,1473945722,NULL,4,4),(540,1,'И.Фролов &quot;Шутка-сувенир&quot; Переложение для фортепианного ансамбля в 4 руки','',1,0,NULL,1473946124,NULL,4,4),(541,1,'В.А.Моцарт &quot;Марш жрецов&quot; из оперы &quot;Волшебная флейта&quot; Переложение для квинтета','',1,0,NULL,1474034595,NULL,4,4),(542,1,'&quot;Дрема&quot; Аранжировка','',1,0,NULL,1476429888,NULL,4,4),(543,1,'А.Цыганков. Песня. Переложение для двух домр и редакция аккомпанемента','',1,0,NULL,1476430086,NULL,4,4),(544,1,'Ж.П. Соуз. Марш &quot;Вашингтон пост&quot;. Переложение для ансамбля ударных инструментов','',1,0,NULL,1476430306,NULL,4,4),(545,1,'В.А.Моцарт Менуэт из струнного квартета. Переложение для колокольчиков и фортепиано','',1,0,NULL,1476430452,NULL,4,4),(546,1,'А.Школяр &quot;Гномик&quot;. Марш для младшего оркестра. Создание партитуры','',1,0,NULL,1476455292,NULL,4,4),(547,1,'Дж.Артс &quot;Фантазия&quot; Переложение для дуэта домр','',1,0,NULL,1476796594,NULL,4,4),(548,1,'&quot;Как же нам, матушка&quot; Аранжировка песни для учащихся 1Г, &quot;Осень&quot; Аранжировка для группы ОР','',1,0,NULL,1476873583,NULL,4,4),(549,2,'Сценарий концерта &quot;20 век...Д.Д.Шостакович&quot;','',1,0,NULL,1477046561,NULL,4,4),(550,2,'&quot;Концерт педагогической филармонии сезона 2016-2017 года, посвященный 110-летию Д.Д.Шостаковича&quot;','',1,0,NULL,1477476986,NULL,4,4),(551,1,'Муз. М.Блантера, сл. И.Сельвинского &quot;Черноглазая казачка&quot; Инструментовка','',1,0,NULL,1478086146,NULL,4,4),(552,1,'В.Дмитриев &quot;Русское интермецо&quot; Инструментовка для ансамбля аккордеонов и баянов','',1,0,NULL,1478086598,NULL,4,4),(553,2,'&quot;Вокально-хоровая работа с начинающими на уроках хора&quot;','',1,0,NULL,1478521741,NULL,4,4),(554,1,'Б.Андерсон &quot;Победитель забирает все&quot; Создание аккомпанемента','',1,0,NULL,1478767325,NULL,4,4),(555,1,'&quot;Селезень&quot; Игровая песня Московской области. Аранжировка.','',1,0,NULL,1479136967,NULL,4,4),(556,1,'Р.Блекмор &quot;Солдат удачи&quot;, М.Рондеу &quot;Три короля&quot;, А.Пауэр &quot;Покинутые&quot;','',1,0,NULL,1479137149,NULL,4,4),(557,1,'Г.Гендель &quot;Кораблик в бурном море&quot; Переложение для сопрано, двух флейт, баяна и перкуссии. Создание партитуры.','',1,0,NULL,1479291768,NULL,4,4),(558,1,'Г.Гендель &quot;Кораблик в бурном море&quot; Переложение для сопрано, арфы, органа и перкуссии. Создание партитуры.','',1,0,NULL,1479385427,NULL,4,4),(559,1,'&quot;Выйду за ворота&quot; Лирическая. Расшифровка-переложение для фольклорного ансамбля','',1,0,NULL,1479385763,NULL,4,4),(560,1,'Духовный стих &quot;Господи, Боже мой&quot; Переложение для фольклорного ансамбля','',1,0,NULL,1479386173,NULL,4,4),(561,1,'&quot;Ангел&quot;, &quot;Рождественское чудо&quot;, &quot;Про меня и муравья&quot; Аранжировки песен для фольклорного ансамбля учащихся 1-3 классов','',1,0,NULL,1479739912,NULL,4,4),(562,2,'Разработка сценария концерта-беседы &quot;Старинные танцы&quot;','',1,0,NULL,1480500542,NULL,4,4),(563,2,'Редактирование общеразвивающей программы &quot;Ритмика&quot; (Отделение развития)','<p>Файл в электронном виде хранится в кабинете зам. директора</p>',1,0,NULL,1481206176,NULL,4,4),(564,2,'Редактирование общеразвивающей программы &quot;Фортепиано&quot; (Отделение развития)','<p>Файл в электронном виде хранится в кабинете зам. директора.</p>',1,0,NULL,1481291874,NULL,4,4),(565,1,'Календарная песня &quot;Слава тебе Боже,что в поле пригоже&quot;. Аранжировка','',1,0,NULL,1481530047,NULL,4,4),(566,2,'&quot;Зачеты по Музыкальной литературе в 4/7, 2/5 классах&quot;','',1,0,NULL,1481530689,NULL,4,4),(567,2,'&quot;Зачеты по Музыкальной литературе в 5/7, 3/5, 6/7, 4/5 классах&quot;','',1,0,NULL,1481530956,NULL,4,4),(568,2,'&quot;Зачеты по Музыкальной литературе в 7/7 и 5/5 классах&quot;','',1,0,NULL,1481531360,NULL,4,4),(569,2,'&quot;Задание для учащихся 3 классов по Слушанию музыки для Олимпиады&quot;','',1,0,NULL,1481534555,NULL,4,4),(570,1,'В.Маляров &quot;Кукольный вальс&quot; Партитура и редакция аккомпанемента','',1,0,NULL,1481619391,NULL,4,4),(571,1,'&quot;Зимняя песенка&quot;, &quot;До чего ж хорошо!&quot;, &quot;На горе, горе&quot;, &quot;Сидят в обнимку ветераны&quot; Аранжировки','',1,0,NULL,1481901687,NULL,4,4),(572,1,'М.Славкин &quot;Снег&quot; Переложение для хора, арфы, виолончели, органа и виброфона','',1,0,NULL,1482253379,NULL,4,4),(575,3,'Участие в семинаре: &quot;Вопросы совершенствования профессионального мастерства преподавателя детской художественной школы&quot;','',1,0,NULL,1482924825,NULL,4,4),(576,1,'Н.Будашкин. Плясовая. Аранжировка','',1,0,NULL,1483958353,NULL,4,4),(577,1,'&quot;На новое вам лето&quot; Календарная песня Рязанской области. Аранжировка','',1,0,NULL,1484126151,NULL,4,4),(578,1,'&quot;Как вокруг города царевна&quot;, &quot;Прекрасен мир поющий&quot; Аранжировки','',1,0,NULL,1484676616,NULL,4,4),(579,3,'&quot;Психология и педагогика для преподавателя творческих дисциплин: 2 ступень&quot;','<p>17.11.2016-20.12.2016 72часа.</p>',1,0,NULL,1484907282,NULL,4,4),(580,2,'&quot;Чистое унисонное пение на занятиях хора с учащимися 1-х классов&quot;','',1,0,NULL,1485251577,NULL,4,4),(581,1,'&quot;Разлилась, разлилась&quot; Духовный стих. Переложение для фольклорного ансамбля','',1,0,NULL,1485958090,NULL,4,4),(582,1,'&quot;Страдания&quot; Частушки. Переложение для фольклорного ансамбля','',1,0,NULL,1485960694,NULL,4,4),(583,1,'&quot;Во горенке&quot; Свадебная. Переложение для фольклорного ансамбля','',1,0,NULL,1485960815,NULL,4,4),(584,1,'&quot;Как во дальней во сторонке&quot; Масленичная. Переложение для фольклорного ансамбля','',1,0,NULL,1485960929,NULL,4,4),(585,2,'&quot;XX век и... Стравинский&quot; Сценарий концерта Педагогической филармонии','',1,0,NULL,1486377930,NULL,4,4),(586,3,'Участие в межрегиональной педагогической конференции &quot;Доступное дополнительное образование для детей&quot; Роль и место дополнительного художественного образования в приоритетном проекте','',1,0,NULL,1486395794,NULL,4,4),(587,1,'Веснянка &quot;Весна, весна красная&quot; Аранжировка','',1,0,NULL,1487177415,NULL,4,4),(588,2,'&quot;Работа над певческими навыками&quot; Текст методического сообщения с показом учащихся','',1,0,NULL,1488014737,NULL,4,4),(589,3,'Первый Московский форум &quot;Домра 2017&quot;','',1,0,NULL,1488379641,NULL,4,4),(590,3,'Посещение цикла лекций Монастыршиной Ю.А. 11.11.2016-17.02.2017 7,5 академических часов','',1,0,NULL,1488789663,NULL,4,4),(591,3,'Посещение цикла лекций Монастыршиной Ю.А. 11.11.2016-17.02.2017 7,5 академических часов','',1,0,NULL,1488789701,NULL,4,4),(592,3,'Посещение цикла лекций Монастыршиной Ю.А. 11.11.2016-17.02.2017 7,5 академических часов','',1,0,NULL,1488789728,NULL,4,4),(593,3,'Посещение цикла лекций Монастыршиной Ю.А. 11.11.2016-17.02.2017 7,5 академических часов','',1,0,NULL,1488789756,NULL,4,4),(594,3,'Посещение цикла лекций Монастыршиной Ю.А. 11.11.2016-17.02.2017 7,5 академических часов','',1,0,NULL,1488789815,NULL,4,4),(595,3,'Посещение цикла лекций Монастыршиной Ю.А. 11.11.2016-17.02.2017 7,5 академических часов','',1,0,NULL,1488789843,NULL,4,4),(596,3,'Посещение цикла лекций Монастыршиной Ю.А. 11.11.2016-17.02.2017 7,5 академических часов','',1,0,NULL,1488789868,NULL,4,4),(597,3,'Посещение цикла лекций Монастыршиной Ю.А. 11.11.2016-17.02.2017 7,5 академических часов','',1,0,NULL,1488789899,NULL,4,4),(598,3,'Посещение цикла лекций Монастыршиной Ю.А. 11.11.2016-17.02.2017 7,5 академических часов','',1,0,NULL,1488789923,NULL,4,4),(599,3,'Посещение цикла лекций Монастыршиной Ю.А. 11.11.2016-17.02.2017 7,5 академических часов','',1,0,NULL,1488789950,NULL,4,4),(600,3,'Посещение цикла лекций Монастыршиной Ю.А. 11.11.2016-17.02.2017 7,5 академических часов','',1,0,NULL,1488789977,NULL,4,4),(601,3,'Посещение цикла лекций Монастыршиной Ю.А. 11.11.2016-17.02.2017 7,5 академических часов','',1,0,NULL,1488790006,NULL,4,4),(602,3,'Посещение цикла лекций Монастыршиной Ю.А. 11.11.2016-17.02.2017 7,5 академических часов','',1,0,NULL,1488790036,NULL,4,4),(603,3,'Посещение цикла лекций Монастыршиной Ю.А. 11.11.2016-17.02.2017 7,5 академических часов','',1,0,NULL,1488790063,NULL,4,4),(604,2,'Олимпиада по музыкальной литературе. Требования. Подготовительный этап.','',1,0,NULL,1489045422,NULL,4,4),(606,2,'Положение о конкурсе &quot;Быстрые пальчики&quot;','',1,0,NULL,1489047799,NULL,4,4),(607,3,'&quot;Дипломные проекты в области декоративно-прикладного искусства в ДШИ и ДХШ&quot; Участие в круглом столе','',1,0,NULL,1489048380,NULL,4,4),(608,3,'&quot;Дипломные проекты в области декоративно-прикладного искусства в ДШИ и ДХШ&quot; Участие в круглом столе','',1,0,NULL,1489048412,NULL,4,4),(609,3,'&quot;Дипломные проекты в области декоративно-прикладного искусства в ДШИ и ДХШ&quot; Участие в круглом столе','',1,0,NULL,1489048465,NULL,4,4),(610,1,'&quot;Солнышко-ведрышко&quot; Веснянка Московской области. Аранжировка','',1,0,NULL,1489243493,NULL,4,4),(611,1,'Л.Андерсон &quot;Синкопированные часы&quot; Аранжировка для оркестра народных инструментов','',1,0,NULL,1489495073,NULL,4,4),(612,2,'План-конспект к методическому сообщению «Обзор репертуарных сборников для учащихся ДМШ и ДШИ композитора Сергея Федорова»','',1,0,NULL,1489993622,NULL,4,4),(613,3,'Участие в мастер-классах в рамках V Российского фестиваля-конкурса юных пианистов и органистов &quot;Вехи классической музыки&quot;','',1,0,NULL,1491240524,NULL,4,4),(614,3,'Участие в мастер-классах в рамках V Российского фестиваля-конкурса юных пианистов и органистов &quot;Вехи классической музыки&quot;','',1,0,NULL,1491242292,NULL,4,4),(615,2,'«К юбилею И.Ф. Стравинского: о концерте «Педагогической филармонии «ХХ век и … Стравинский»','',1,0,NULL,1491654586,NULL,4,4),(616,3,'Участие в работе мастер-класса Лошака А.А. Председателя жюри X фестиваля &quot;Серебряный голос&quot;','<p>4 часа</p>',1,0,NULL,1491809979,NULL,4,4),(617,1,'О.Дюран &quot;Чакона&quot; Переложение для дуэта домр и редакция аккомпанемента','',1,0,NULL,1491919400,NULL,4,4),(618,1,'&quot;Василь-Василечек&quot; Аранжировка','',1,0,NULL,1491981245,NULL,4,4),(619,3,'Участие в мастер-классах в рамках I городской выставки преподавателей ДШИ и ДХШ г. Москвы в области декоративно-прикладного искусства','',1,0,NULL,1491981642,NULL,4,4),(620,3,'Участие в мастер-классах в рамках I городской выставки преподавателей ДШИ и ДХШ г. Москвы в области декоративно-прикладного искусства','',1,0,NULL,1491981683,NULL,4,4),(621,3,'Участие Горбунова Ильи в мастер-классе заслуженного деятеля искусств РФ, профессора Сергея Ивановича Осипенко','<p>6 академических часов</p>',1,0,NULL,1491984583,NULL,4,4),(622,2,'Сценарий концерта Педагогической филармонии «ХХ век и … Прокофьев»','',1,0,NULL,1492174598,NULL,4,4),(623,3,'&quot;Диалоги&quot; с Юрием Колесником','',1,0,NULL,1492263204,NULL,4,4),(624,2,'Требования к вступительному экзамену по сольфеджио 2016 – 2017 учебный год','',1,0,NULL,1492425031,NULL,4,4),(625,2,'Экзаменационный опросный лист по сольфеджио в выпускном классе','',1,0,NULL,1493111427,NULL,4,4),(626,1,'И.Штраус &quot;Анна-полька&quot; инструментовка','',1,0,NULL,1493712820,NULL,4,4),(627,3,'Участие в международном Форуме &quot;Преактум&quot;','',1,0,NULL,1493905702,NULL,4,4),(628,3,'Участие в мастер-классах в рамках V Российского фестиваля-конкурса юных пианистов и органистов &quot;Вехи классической музыки&quot;','',1,0,NULL,1494491136,NULL,4,4),(629,3,'&quot;Методика воспитания юного композитора в ДШИ&quot;','<p>72 часа</p>',1,0,NULL,1494507576,NULL,4,4),(630,3,'&quot;Творческие формы работы на уроках сольфеджио в ДШИ&quot;','<p>72 часа</p>',1,0,NULL,1494509557,NULL,4,4),(631,3,'&quot;Творческие формы работы на уроках сольфеджио в ДШИ&quot;','<p>72 часа</p>',1,0,NULL,1494509898,NULL,4,4),(632,3,'&quot;Творческие формы работы на уроках сольфеджио в ДШИ&quot;','<p>72 часа</p>',1,0,NULL,1494510100,NULL,4,4),(633,3,'&quot;Творческие формы работы на уроках сольфеджио в ДШИ&quot;','<p>72 часа</p>',1,0,NULL,1494510740,NULL,4,4),(634,1,'&quot;Ой, кулики, жаворонушки&quot;','',1,0,NULL,1494918720,NULL,4,4),(635,3,'Участие в круглом столе, проведенном в рамках Межрегионального конкурса-выставки пленэрных работ учащихся ДХШ и ДШИ &quot;Земли родной очарование&quot;','',1,0,NULL,1495610624,NULL,4,4),(636,3,'Участие в круглом столе, проведенном в рамках Межрегионального конкурса-выставки пленэрных работ учащихся ДХШ и ДШИ &quot;Земли родной очарование&quot;','',1,0,NULL,1495610688,NULL,4,4),(637,3,'&quot;Оркестр в детской школе искусств. Возможности и перспективы&quot;','<p>72 часа</p>',1,0,NULL,1495799635,NULL,4,4),(638,3,'&quot;Продюсирование молодых артистов и коллективов&quot;','<p>8 академических часов</p>',1,0,NULL,1497871456,NULL,4,4),(639,1,'С.Федоров &quot;Украинский танец&quot; Переложение для дуэта домр','',1,0,NULL,1497873959,NULL,4,4),(640,1,'Духовный стих &quot;Многолетие&quot; Расшифровка','',1,0,NULL,1497874161,NULL,4,4),(641,2,'Составление программы учебного предмета &quot;Художественная керамика&quot; дополнительной общеразвивающей общеобразовательной программы в области декоративно-прикладного искусства &quot;Художественная керамика&quot;','<p>Файл хранится в электронном виде у заместителя директора по УВР.</p>',1,0,NULL,1497876114,NULL,4,4),(642,2,'Составление основного раздела дополнительной общеразвивающей общеобразовательной программы в области декоративно-прикладного искусства &quot;Художественная керамика&quot;','<p>Файл хранится в электронном виде у заместителя директора по УВР.</p>',1,0,NULL,1497967608,NULL,4,4),(643,2,'Составление дополнительной общеразвивающей образовательной программы  в области музыкального искусства &quot;Народные инструменты&quot; учебного предмета «Коллективное музицирование» (Оркестр народных инструментов)','<p>Файл хранится в электронном виде у заместителя директора по УВР.</p>',1,0,NULL,1497967785,NULL,4,4),(644,2,'Составление дополнительной общеразвивающей образовательной программы  в области музыкального искусства  «Музыкальный фольклор» учебного предмета «Вокально-хоровой ансамбль»','<p>Файл хранится в электронном виде у заместителя директора по УВР.</p>',1,0,NULL,1497968234,NULL,4,4),(645,3,'Повышение исполнительского мастерства и расширение вокально-хорового репертуара в хоровых классах ДМШ и ДШИ. Летняя школа хормейстеров.','<p>72 часа</p>',1,0,NULL,1498035510,NULL,4,4),(646,2,'Составление программы учебного предмета &quot;Скульптура&quot; дополнительной предпрофессиональной общеобразовательной программы в области изобразительного искусства &quot;Живопись&quot;','<p>Файл хранится в электронном виде у заместителя директора по УВР.</p>',1,0,NULL,1501772064,NULL,4,4),(647,3,'&quot;Совершенствование учебного процесса в классе специального фортепиано&quot;','<p>72 часа</p>',1,0,NULL,1503926354,NULL,4,4),(648,2,'Составление программы учебного предмета &quot;Рисунок&quot; дополнительной предпрофессиональной общеобразовательной программы в области изобразительного искусства &quot;Живопись&quot;','<p>Файл хранится в электронном виде у заместителя директора по УВР.</p>',1,0,NULL,1504166352,NULL,4,4),(649,2,'Составление программы учебного предмета &quot;Живопись&quot; дополнительной предпрофессиональной общеобразовательной программы в области изобразительного искусства &quot;Живопись&quot;','<p>Файл хранится в электронном виде у заместителя директора по УВР.</p>',1,0,NULL,1504166456,NULL,4,4),(650,2,'Составление программы учебного предмета &quot;Композиция станковая&quot; дополнительной предпрофессиональной общеобразовательной программы в области изобразительного искусства &quot;Живопись&quot;','<p>Файл хранится в электронном виде у заместителя директора по УВР.</p>',1,0,NULL,1504166512,NULL,4,4),(655,2,'Составление программы учебного предмета &quot;Специальность&quot; (домра, балалайка, баян, аккордеон, гитара) дополнительной общеразвивающей общеобразовательной программы в области музыкального искусства &quot;Народные инструменты&quot;','<p>Файл хранится в электронном виде у заместителя директора по УВР.</p>',1,0,NULL,1504178092,NULL,4,4),(656,2,'Составление целевого и организационного раздела дополнительной предпрофессиональной общеобразовательной программы в области музыкального искусства &quot;Фортепиано&quot;','<p>Файл хранится в электронном виде у заместителя директора по УВР.</p>',1,0,NULL,1504861063,NULL,4,4),(657,2,'Составление программы учебного предмета &quot;Специальность&quot; дополнительной предпрофессиональной общеобразовательной программы в области музыкального искусства &quot;Фортепиано&quot;','<p>Файл хранится в электронном виде у заместителя директора по УВР.</p>',1,0,NULL,1504861200,NULL,4,4),(658,1,'Д. Эллингтон &quot;До мажорный блюз&quot; Аранжировка и аккомпанемент','',1,0,NULL,1505313127,NULL,4,4),(659,1,'&quot;А в Ерусалиме&quot; Колядка. Переложение для фольклорного ансамбля','',1,0,NULL,1505373528,NULL,4,4),(660,2,'Составление программы учебного предмета &quot;Ансамбль&quot; дополнительной предпрофессиональной общеобразовательной программы в области музыкального искусства &quot;Фортепиано&quot;','<p>Файл хранится в электронном виде у заместителя директора по УВР.</p>',1,0,NULL,1505478382,NULL,4,4),(661,2,'Составление целевого и организационного раздела дополнительной общеразвивающей общеобразовательной программы в области музыкального искусства &quot;Фортепиано&quot;','<p>Файл хранится в электронном виде у заместителя директора по УВР.</p>',1,0,NULL,1505575009,NULL,4,4),(662,1,'В.Городовская &quot;Концертные вариации&quot; на тему р.н.п. &quot;Калинка&quot; Аранжировка','',1,0,NULL,1505824687,NULL,4,4),(663,2,'&quot;Работа над крупной формой в классе общего фортепиано&quot;','',1,0,NULL,1506085061,NULL,4,4),(664,2,'Составление целевого и организационного раздела дополнительной общеразвивающей общеобразовательной программы в области музыкального искусства &quot;Духовые и ударные инструменты&quot;','<p>Файл хранится в электронном виде у заместителя директора по УВР.</p>',1,0,NULL,1506177741,NULL,4,4),(665,2,'Составление программы учебного предмета &quot;Беседы об искусстве&quot; дополнительной предпрофессиональной общеобразовательной программы в области изобразительного искусства &quot;Живопись&quot;','<p>Файл хранится в электронном виде у заместителя директора по УВР.</p>',1,0,NULL,1506520596,NULL,4,4),(666,2,'Составление программы учебного предмета &quot;История изобразительного искусства&quot; дополнительной предпрофессиональной общеобразовательной программы в области изобразительного искусства &quot;Живопись&quot;','<p>Файл хранится в электронном виде у заместителя директора по УВР.</p>',1,0,NULL,1506520670,NULL,4,4),(667,2,'Составление целевого и организационного раздела дополнительной общеразвивающей общеобразовательной программы в области изобразительного искусства &quot;Изобразительное искусство&quot;','<p>Файл хранится в электронном виде у заместителя директора по УВР.</p>',1,0,NULL,1506520771,NULL,4,4),(668,2,'Составление целевого и организационного раздела дополнительной предпрофессиональной общеобразовательной программы в области изобразительного искусства &quot;Живопись&quot;','<p>Файл хранится в электронном виде у заместителя директора по УВР.</p>',1,0,NULL,1506520848,NULL,4,4),(669,2,'Составление целевого и организационного раздела дополнительной общеобразовательной общеразвивающей программы в области музыкального искусства &quot;Народные инструменты&quot;','<p>Файл хранится в электронном виде у заместителя директора по УВР.</p>',1,0,NULL,1507120681,NULL,4,4),(670,1,'&quot;Осень, осень, в гости просим&quot; Закличка Московской области. Аранжировка','',1,0,NULL,1507288692,NULL,4,4),(671,1,'С. Мендес &quot;Оглянись вокруг&quot; Переложение для балалайки и фортепиано','',1,0,NULL,1507307251,NULL,4,4),(672,3,'&quot;Концертмейстерское мастерство. Проблемы и перспективы развития&quot;','<p>72 часа</p>',1,0,NULL,1508337826,NULL,4,4),(673,2,'Составление программы учебного предмета &quot;Специальность&quot; дополнительной общеразвивающей общеобразовательной программы в области музыкального искусства &quot;Фортепиано&quot;','<p>Файл хранится в электронном виде у заместителя директора по УВР.</p>',1,0,NULL,1508430020,NULL,4,4),(674,2,'Составление программы учебного предмета &quot;Ансамбль&quot; дополнительной общеразвивающей общеобразовательной программы в области музыкального искусства &quot;Фортепиано&quot;','<p>Файл хранится в электронном виде у заместителя директора по УВР.</p>',1,0,NULL,1508430113,NULL,4,4),(675,2,'Составление целевого и организационного раздела дополнительной общеобразовательной общеразвивающей программы в области музыкального искусства &quot;Дошкольное отделение&quot;','<p>Файл хранится в электронном виде у заместителя директора по УВР.</p>',1,0,NULL,1508430194,NULL,4,4),(676,2,'Составление программы учебного предмета &quot;Сольфеджио&quot; дополнительной общеразвивающей общеобразовательной программы в области музыкального искусства &quot;Дошкольное отделение&quot;','<p>Файл хранится в электронном виде у заместителя директора по УВР.</p>',1,0,NULL,1508430376,NULL,4,4),(677,2,'Составление программы учебного предмета &quot;Ритмика&quot; дополнительной общеразвивающей общеобразовательной программы в области музыкального искусства &quot;Дошкольное отделение&quot;','<p>Файл хранится в электронном виде у заместителя директора по УВР.</p>',1,0,NULL,1508430479,NULL,4,4),(678,2,'Составление программы учебного предмета &quot;Чтение с листа&quot; дополнительной предпрофессиональной общеобразовательной программы в области музыкального искусства &quot;Фортепиано&quot;','<p>Файл хранится в электронном виде у заместителя директора по УВР.</p>',1,0,NULL,1508430605,NULL,4,4),(679,2,'Составление программы учебного предмета &quot;Чтение с листа&quot; дополнительной общеразвивающей общеобразовательной программы в области музыкального искусства &quot;Фортепиано&quot;','<p>Файл хранится в электронном виде у заместителя директора по УВР.</p>',1,0,NULL,1508430696,NULL,4,4),(680,2,'Редактирование программы учебного предмета &quot;Ансамбль (Оркестровый класс)&quot; дополнительной предпрофессиональной общеобразовательной программы в области музыкального искусства &quot;Народные инструменты&quot;','<p>Файл в обработке.</p>',1,0,NULL,1508430834,NULL,4,4),(681,3,'Семинар &quot;Проектный менеджмент в российско-германском молодежном и школьном обмене&quot;','',1,0,NULL,1509027566,NULL,4,4),(682,3,'I Московский семинар-практикум &quot;Хоровое искусство: методика и практика&quot;','',1,0,NULL,1509709545,NULL,4,4),(683,3,'&quot;Современные проблемы преподавания в классе балалайки&quot;','<p>72 часа</p>',1,0,NULL,1510056458,NULL,4,4),(684,3,'Проведение мастер-класса в рамках Школы мастерства &quot;Балалайка XXI век&quot; в МГИМ им. А.Г. Шнитке','',1,0,NULL,1510056748,NULL,4,4),(685,3,'&quot;Совершенствование учебного процесса в классах духовых инструментов ДМШ и ДШИ&quot;','<p>72 часа</p>',1,0,NULL,1510065162,NULL,4,4),(686,1,'&quot;Ай, спасибо тому, кто в этом дому&quot; Календарная песня Московской области. Аранжировка','',1,0,NULL,1510408304,NULL,4,4),(687,3,'&quot;Инновации в художественном образовании. Вектор развития и основная реальная практика&quot;','',1,0,NULL,1510746418,NULL,4,4),(688,2,'Командная образовательная игра по Музыкальной литературе «Игорь Стравинский»','',1,0,NULL,1511084883,NULL,4,4),(689,2,'«Вопросы для блиц-тура Командной образовательной игры  по творчеству  И.Ф. Стравинского»','',1,0,NULL,1511085068,NULL,4,4),(690,2,'План-конспект к слайд-шоу &quot;Навстречу III Московскому открытому фестивалю юных исполнителей на балалайке и домре &quot;Алексей Архиповский пргилашает&quot;','<p>Приложение: презентация</p>',1,0,NULL,1511520889,NULL,4,4),(691,3,'Участие в семинаре &quot;Музыкально-театральный компонент в работе с хором, как специфика занятий в детском коллективе учебного театра&quot;','',1,0,NULL,1511858416,NULL,4,4),(692,3,'&quot;Междисциплинарные основы этопедагогики: народный танец, фольклорный танец, фольклорный ансамбль, культурный контекст&quot;','<p>72 часа</p>',1,0,NULL,1512132430,NULL,4,4),(693,3,'&quot;Современные методики обучения игре на фортепиано&quot;','<p>36 часов</p>',1,0,NULL,1512132709,NULL,4,4),(694,3,'&quot;Форматы детских фольклорных ансамблей&quot;','<p>24 часа</p>',1,0,NULL,1512211127,NULL,4,4),(695,3,'&quot;Междисциплинарные основы этопедагогики: народный танец, фольклорный танец, фольклорный ансамбль, культурный контекст&quot;','',1,0,NULL,1512551804,NULL,4,4),(696,2,'Конспекты и задания по общеразвивающей образовательной программе учебного предмета «Слушание музыки и музыкальная грамота» (хоровое пение) 2 -3 класс.','',1,0,NULL,1512636158,NULL,4,4),(697,1,'З.Кротил. Концертная пьеса для ксилофона с ОРНИ. Аранжировка','',1,0,NULL,1512640681,NULL,4,4),(698,2,'Корректировка дополнительной общеобразовательной общеразвивающей программы в области музыкального искусства &quot;Хоровое пение&quot; (целевой и организационный разделы, а также программы учебных предметов)','<p>Файлы хранятся в электронном виде у заместителя директора по УВР.</p>',1,0,NULL,1512642177,NULL,4,4),(699,2,'Корректировка программы учебного предмета &quot;Специальность&quot; дополнительной предпрофессиональной общеобразовательной программы в области музыкального искусства &quot;Фортепиано&quot;','<p>Файл хранится в электронном виде у заместителя директора по УВР.</p>',1,0,NULL,1512740037,NULL,4,4),(700,3,'&quot;Вопросы совершенствования профессионального мастерства преподавателя детской художественной школы&quot;','',1,0,NULL,1512740372,NULL,4,4),(701,3,'&quot;Вопросы совершенствования профессионального мастерства преподавателя детской художественной школы&quot;','',1,0,NULL,1512740507,NULL,4,4),(702,2,'Корректировка программы учебного предмета &quot;Ансамбль&quot; дополнительной предпрофессиональной общеобразовательной программы в области музыкального искусства &quot;Фортепиано&quot;','<p>Файл хранится в электронном виде у заместителя директора по УВР.</p>',1,0,NULL,1512740674,NULL,4,4),(703,1,'Х.Хэнкок. &quot;Канталупские острова&quot; аранжировка для балалайки и фортепиано','',1,0,NULL,1513082520,NULL,4,4),(704,2,'&quot;Презентация переложений джазовых стандартов для народных инструментов&quot;','',1,0,NULL,1513083541,NULL,4,4),(705,3,'Участие в семинаре &quot;Фонды оценочных средств&quot;','',1,0,NULL,1513267971,NULL,4,4),(706,2,'Составление программы учебного предмета &quot;Слушание музыки и музыкальная грамота&quot; дополнительной общеразвивающей общеобразовательной программы в области музыкального искусства &quot;Народные инструменты&quot;','<p>Файл хранится в электронном виде у заместителя директора по УВР.</p>',1,0,NULL,1513842660,NULL,4,4),(707,2,'Составление программы учебного предмета &quot;Сольфеджио&quot; дополнительной предпрофессиональной общеобразовательной программы в области музыкального искусства &quot;Фортепиано&quot;, &quot;Струнные инструменты&quot;, &quot;Духовые инструменты&quot;, &quot;Народные инструменты&quot;, &quot;Инструменты эстрадного оркестра&quot;, &quot;Хоровое пение&quot;','<p>Файл хранится в электронном виде у заместителя директора по УВР.</p>',1,0,NULL,1513845815,NULL,4,4),(708,3,'&quot;Акустическая гитара в условиях современных тенденций в образовании&quot;','<p>72 часа</p>',1,0,NULL,1513849781,NULL,4,4),(709,3,'&quot;Искусство концертмейстера - универсальность, профессионализм, творчество&quot;','<p>72 часа</p>',1,0,NULL,1513849902,NULL,4,4),(710,3,'&quot;Основы воспитания начинающего скрипача: мышление, технология, творчество&quot;','<p>72 часа</p>',1,0,NULL,1513937868,NULL,4,4),(711,3,'&quot;Основы воспитания начинающего скрипача: мышление, технология, творчество&quot;','<p>72 часа</p>',1,0,NULL,1513938173,NULL,4,4),(712,3,'&quot;Психология и педагогика для преподавателя творческих дисциплин&quot;','<p>72 часа</p>',1,0,NULL,1513941430,NULL,4,4),(713,3,'&quot;Вопросы стиля в работе пианиста - от барокко к современности','<p>72 часа</p>',1,0,NULL,1513941790,NULL,4,4),(714,3,'&quot;Вопросы стиля в работе пианиста - от барокко к современности&quot;','<p>72 часа</p>',1,0,NULL,1513947310,NULL,4,4),(715,2,'Редактирование программы учебного предмета «Сольфеджио» Дополнительной общеобразовательной общеразвивающей программы в области музыкального искусства «Фортепиано», «Инструменты эстрадного оркестра», «Духовые и ударные инструменты», «Народные инструменты», «Струнные инструменты», «Музыкальный фольклор», «Хоровое пение». Срок обучения - 7 лет.','<p>Файл хранится в электронном виде у заместителя директора по УВР.</p>',1,0,NULL,1514040712,NULL,4,4),(716,2,'«Стенгазеты на музыкально-исторические темы»','',1,0,NULL,1514273902,NULL,4,4),(717,2,'Редактирование программы учебного предмета «Сольфеджио» Дополнительной общеобразовательной общеразвивающей программы в области музыкального искусства «Фортепиано», «Инструменты эстрадного оркестра», «Духовые и ударные инструменты», «Народные инструменты», «Струнные инструменты», «Музыкальный фольклор», «Хоровое пение». Срок обучения - 5 лет.','<p>Файл хранится в электронном виде у заместителя директора по УВР.</p>',1,0,NULL,1514279212,NULL,4,4),(718,3,'&quot;Психология и педагогика для преподавателя творческих дисциплин&quot;','<p>72 часа</p>',1,0,NULL,1514379130,NULL,4,4),(719,3,'&quot;Академическая музыка XX-XXI веков: пути развития, музыкальный язык, содержание&quot;','<p>72 часа</p>',1,0,NULL,1514450266,NULL,4,4),(720,2,'Составление программы учебного предмета «Слушание музыки» Дополнительной общеобразовательной предпрофессиональной программы в области музыкального искусства «Фортепиано», «Инструменты эстрадного оркестра», «Духовые и ударные инструменты», «Народные инструменты», «Струнные инструменты», «Хоровое пение». Срок обучения - 3 года.','<p>Файл хранится в электронном виде у заместителя директора по УВР.</p>',1,0,NULL,1514472379,NULL,4,4),(721,2,'Составление целевого и организационного раздела дополнительной предпрофессиональной общеобразовательной программы в области музыкального искусства &quot;Духовые и ударные инструменты&quot;','<p>Хранится в электронном виде у заместителя директора.</p>',1,0,NULL,1516105500,NULL,4,4),(722,2,'Составление программы учебного предмета &quot;Ансамбль&quot; дополнительной общеразвивающей общеобразовательной программы в области музыкального искусства &quot;Народные инструменты&quot;','<p>Хранится в электронном виде у заместителя директора.</p>',1,0,NULL,1516106218,NULL,4,4),(723,2,'Составление целевого и организационного раздела дополнительной предпрофессиональной общеобразовательной программы в области музыкального искусства &quot;Народные инструменты&quot;','<p>Хранится в электронном виде у заместителя директора.</p>',1,0,NULL,1516185353,NULL,4,4),(724,1,'Календарная песня Московской обл. &quot;Едет Масленица&quot;','',1,0,NULL,1516185492,NULL,4,4),(725,3,'Участие в семинаре &quot;Подготовка детей к публичному выступлению&quot;','',1,0,NULL,1516694168,NULL,4,4),(726,3,'&quot;Искусство концертмейстера - универсальность, профессионализм, творчество&quot;','',1,0,NULL,1516713227,NULL,4,4),(727,2,'Распевание хорового коллектива; комплекс упражнений; элементарные навыки дыхания с начинающими. (дошкольное отделение)','',1,0,NULL,1516960394,NULL,4,4),(728,2,'Составление программы учебного предмета &quot;Специальность (домра)&quot; дополнительной предпрофессиональной общеобразовательной программы в области музыкального искусства &quot;Народные инструменты&quot;','<p>Хранится в электронном виде у заместителя директора.</p>',1,0,NULL,1517040613,NULL,4,4),(729,2,'Составление программы учебного предмета &quot;Специальность (Медные духовые и ударные инструменты)&quot; дополнительной предпрофессиональной общеобразовательной программы в области музыкального искусства &quot;Духовые и ударные инструменты&quot;','<p>Хранится в электронном виде у заместителя директора.</p>',1,0,NULL,1517066772,NULL,4,4),(730,2,'Составление программы учебного предмета &quot;Специальность (Медные духовые и ударные инструменты)&quot; дополнительной предпрофессиональной общеобразовательной программы в области музыкального искусства &quot;Духовые и ударные инструменты&quot;','<p>Хранится в электронном виде у заместителя директора.</p>',1,0,NULL,1517066881,NULL,4,4),(731,3,'Участие в работе круглого стола по темам &quot;Проведение пленэра с учащимися согласно ФГТ дополнительной предпрофессиональной программы &quot;Живопись&quot;  и &quot;От пленэрной зарисовки к картине&quot;','',1,0,NULL,1517474264,NULL,4,4),(732,3,'Участие в работе круглого стола по темам &quot;Проведение пленэра с учащимися согласно ФГТ дополнительной предпрофессиональной программы &quot;Живопись&quot; и &quot;От пленэрной зарисовки к картине&quot;','',1,0,NULL,1517474730,NULL,4,4),(733,3,'Участие в работе круглого стола по темам &quot;Проведение пленэра с учащимися согласно ФГТ дополнительной предпрофессиональной программы &quot;Живопись&quot; и &quot;От пленэрной зарисовки к картине&quot;','',1,0,NULL,1517489641,NULL,4,4),(734,2,'«К изучению творчества А.Н. Скрябина»','',1,0,NULL,1517493278,NULL,4,4),(735,2,'Составление программы учебного предмета &quot;Специальность (Деревянные духовые инструменты)&quot; дополнительной предпрофессиональной общеобразовательной программы в области музыкального искусства &quot;Духовые и ударные инструменты&quot;','<p>Хранится в электронном виде у заместителя директора.</p>',1,0,NULL,1517557785,NULL,4,4),(736,2,'Составление программы учебного предмета &quot;Специальность (баян, аккордеон)&quot; дополнительной предпрофессиональной общеобразовательной программы в области музыкального искусства &quot;Народные инструменты&quot;','<p>Хранится в электронном виде у заместителя директора.</p>',1,0,NULL,1517901466,NULL,4,4),(737,2,'&quot;Жанр романса в курсе «Русской музыкальной литературы&quot;','',1,0,NULL,1517908031,NULL,4,4),(738,2,'Составление программы учебного предмета &quot;Специальность (балалайка)&quot; дополнительной предпрофессиональной общеобразовательной программы в области музыкального искусства &quot;Народные инструменты&quot;','<p>Хранится в электронном виде у заместителя директора.</p>',1,0,NULL,1517991385,NULL,4,4),(739,2,'Составление программы учебного предмета &quot;Чтение с листа&quot; дополнительной предпрофессиональной общеобразовательной программы в области музыкального искусства &quot;Духовые и ударные инструменты&quot;','<p>Хранится в электронном виде у заместителя директора.</p>',1,0,NULL,1518162070,NULL,4,4),(740,2,'Составление программы учебного предмета &quot;Ансамбль&quot; дополнительной предпрофессиональной общеобразовательной программы в области музыкального искусства &quot;Духовые и ударные инструменты&quot;','<p>Хранится в электронном виде у заместителя директора.</p>',1,0,NULL,1518274052,NULL,4,4),(741,1,'Добрый жук из кинофильма «Золушка» муз.А.Спадавеккиа аранжировка Д.Макушенко','',1,0,NULL,1518602615,NULL,4,4),(742,2,'Составление программы учебного предмета &quot;Оркестр&quot; дополнительной общеразвивающей общеобразовательной программы в области музыкального искусства &quot;Народные инструменты&quot;','',1,0,NULL,1518604852,NULL,4,4),(743,2,'Задания для Олимпиады по Музыкальной литературе','',1,0,NULL,1518605336,NULL,4,4),(744,1,'К. Веласкес &quot;Бесаме мучо&quot; аккомпанемент','',1,0,NULL,1518612782,NULL,4,4),(745,1,'&quot;Пошла млада по воду&quot; Русская народная песня Расшифровка','',1,0,NULL,1518767950,NULL,4,4),(746,1,'&quot;Sevdim Kalyo&quot; Болгарская народная песня Расшифровка','',1,0,NULL,1518768019,NULL,4,4),(747,2,'Разработка фонда оценочных средств по предмету &quot;Хор&quot;','<p>Файл хранится в электронном виде у заместителя директора</p>',1,0,NULL,1519111553,NULL,4,4),(748,2,'Разработка фонда оценочных средств по предмету &quot;Вокальный ансамбль&quot;','<p>В обработке.</p>',1,0,NULL,1519111640,NULL,4,4),(749,2,'Разработка фонда оценочных средств по предмету &quot;Хоровой класс&quot;','<p>В обработке.</p>',1,0,NULL,1519111699,NULL,4,4),(750,2,'Подготовка материалов по предмету &quot;Чтение с листа&quot; фонда оценочных средств','',1,0,NULL,1519111842,NULL,4,4),(751,2,'Разработка фонда оценочных средств по предмету &quot;Специальность&quot;','<p>В обработке.</p>',1,0,NULL,1519111979,NULL,4,4),(752,2,'Разработка фонда оценочных средств по предмету &quot;Ансамбль&quot;','<p>В обработке.</p>',1,0,NULL,1519112052,NULL,4,4),(753,2,'Разработка фонда оценочных средств по предмету &quot;Чтение с листа&quot;','<p>В обработке.</p>',1,0,NULL,1519112099,NULL,4,4),(754,2,'Разработка фонда оценочных средств по предмету &quot;Специальность&quot;','<p>В обработке.</p>',1,0,NULL,1519112167,NULL,4,4),(755,2,'Разработка фонда оценочных средств по предмету &quot;Чтение с листа&quot;','<p>В обработке.</p>',1,0,NULL,1519112242,NULL,4,4),(756,3,'&quot;Нормативные, технологические и содержательные подходы к организации дополнительного образования детей в городе Москве&quot;','',1,0,NULL,1519139744,NULL,4,4),(757,3,'&quot;Нормативные, технологические и содержательные подходы к организации дополнительного образования детей в городе Москве&quot;','',1,0,NULL,1519140598,NULL,4,4),(758,2,'Вокальная работа в хоре Содержание, принципы, методы и формы вокальной работы в хоре. Певческое дыхание.','',1,0,NULL,1519224534,NULL,4,4),(759,2,'Составление программы учебного предмета &quot;Музыкальный инструмент. Фортепиано&quot; дополнительной предпрофессиональной общеобразовательной программы в области музыкального искусства &quot;Музыкальный фольклор&quot;. Срок обучения - 5 лет.','<p>Хранится в электронном виде у заместителя директора.</p>',1,0,NULL,1519721658,NULL,4,4),(760,2,'Составление программы учебного предмета &quot;Музыкальный инструмент. Фортепиано&quot; дополнительной предпрофессиональной общеобразовательной программы в области музыкального искусства &quot;Музыкальный фольклор&quot;. Срок обучения - 8 лет.','<p>Хранится в электронном виде у заместителя директора.</p>',1,0,NULL,1519820188,NULL,4,4),(761,2,'Вокальная работа в хоре Содержание, принципы, методы и формы вокальной работы в хоре. Атака звука.','',1,0,NULL,1519832785,NULL,4,4),(762,2,'Конспект-сценарий 2-го Окружного концерта, посвященного 135-летию И.Ф. Стравинского «Стравинский и его окружение»','',1,0,NULL,1519833617,NULL,4,4),(763,2,'Задания для Олимпиады по Музыкальной литературе 6/7, 4/5 классы','',1,0,NULL,1519895557,NULL,4,4),(764,3,'Участие в мастер-классе &quot;Фигура в балетном костюме&quot; в рамках выставки &quot;От Петипа до Баланчина&quot;','',1,0,NULL,1519895844,NULL,4,4),(765,3,'Участие в мастер-классе &quot;Фигура в балетном костюме&quot; в рамках выставки &quot;От Петипа до Баланчина&quot;','',1,0,NULL,1519895981,NULL,4,4),(766,3,'Участие в мастер-классе &quot;Фигура в балетном костюме&quot; в рамках выставки &quot;От Петипа до Баланчина&quot;','',1,0,NULL,1519896020,NULL,4,4),(767,2,'Разработка фонда оценочных средств по предмету &quot;Специальность&quot;','<p>В обработке.</p>',1,0,NULL,1519990285,NULL,4,4),(768,2,'Разработка фонда оценочных средств по предмету &quot;Чтение с листа&quot;','<p>В обработке</p>',1,0,NULL,1519992392,NULL,4,4),(769,2,'Составление положения конкурса &quot;Быстрые пальчики&quot;','',1,0,NULL,1520240865,NULL,4,4),(770,2,'Составление программы учебного предмета &quot;Оркестровый класс&quot; дополнительной предпрофессиональной общеобразовательной программы в области музыкального искусства &quot;Духовые и ударные инструменты&quot;','<p>Хранится в электронном виде у заместителя директора.</p>',1,0,NULL,1520260465,NULL,4,4),(771,2,'Разработка фонда оценочных средств по предмету &quot;Ансамбль&quot;','<p>В обработке.</p>',1,0,NULL,1520261554,NULL,4,4),(772,2,'Разработка фонда оценочных средств по предмету &quot;Чтение с листа&quot;','<p>В обработке.</p>',1,0,NULL,1520851834,NULL,4,4),(773,2,'Разработка фонда оценочных средств по предмету &quot;Специальность&quot;','<p>В обработке.</p>',1,0,NULL,1520852432,NULL,4,4),(774,1,'В. Андреев Полонез №1 Инструментовка','',1,0,NULL,1521019875,NULL,4,4),(775,1,'Ж. Бен Жор. &quot;Дождь&quot; Аранжировка для домры и фортепиано','',1,0,NULL,1521020597,NULL,4,4),(776,2,'Динамические обозначения и музыкальные термины по предмету «Чтение с листа»  для учащихся 1 класса','',1,0,NULL,1521042275,NULL,4,4),(777,2,'Разработка фонда оценочных средств по предмету &quot;Музыкальный инструмент. Фортепиано&quot;','<p>В обработке.</p>',1,0,NULL,1521042895,NULL,4,4),(778,2,'&quot;Материалы для Стенгазеты «С.В. Рахманинов: к 145-летию со дня рождения&quot;','',1,0,NULL,1522051654,NULL,4,4),(779,3,'Участие в круглом столе на тему &quot;Дополнительное образование детей: инновационный вектор развития в 2017-2018гг.&quot;','',1,0,NULL,1522317306,NULL,4,4),(780,1,'&quot;Весну пора звать&quot; Закличка&quot;','',1,0,NULL,1523360689,NULL,4,4),(781,2,'Составление программы учебного предмета «Специальность Гармонь» Дополнительной общеобразовательной общеразвивающей программы в области музыкального искусства «Народные инструменты»','',1,0,NULL,1525355313,NULL,4,4),(782,2,'Составление программы учебного предмета «Специальность-гусли» Дополнительной общеобразовательной общеразвивающей программы в области музыкального искусства «Народные инструменты»','',1,0,NULL,1525356707,NULL,4,4),(783,2,'Разработка фонда оценочных средств по предмету &quot;Беседы об искусстве&quot;','<p>В обработке.</p>',1,0,NULL,1525770269,NULL,4,4),(784,2,'Разработка фонда оценочных средств по предметам &quot;Живопись&quot;, &quot;Рисунок&quot;, &quot;Композиция&quot;, &quot;Пленэр&quot;, &quot;Скульптура&quot;','<p>В обработке.</p>',1,0,NULL,1525770455,NULL,4,4),(785,2,'Составление фонда оценочных средств предпрофессиональной программы &quot;Фортепиано&quot; для учащихся 1 классов','<p>В обработке.</p>',1,0,NULL,1525770550,NULL,4,4),(786,3,'&quot;Общие принципы преподавания в классах медных духовых инструментов&quot;','',1,0,NULL,1526310373,NULL,4,4),(787,2,'Составление программы учебного предмета &quot;Специальность и чтение с листа&quot; дополнительной предпрофессиональной общеобразовательной программы в области музыкального искусства &quot;Инструменты эстрадного оркестра&quot;','',1,0,NULL,1526380981,NULL,4,4),(788,2,'Динамические обозначения и музыкальные термины по предмету «Чтение с листа» для учащихся 2 класса','<p>В обработке.</p>',1,0,NULL,1526381072,NULL,4,4),(789,1,'&quot;Камаринская&quot;. Инструментовка','',1,0,NULL,1526381242,NULL,4,4),(790,2,'Динамические обозначения и музыкальные термины по предмету «Чтение с листа» для учащихся 3 класса','<p>В обработке.</p>',1,0,NULL,1526381345,NULL,4,4),(791,2,'Составление программы учебного предмета &quot;Основы импровизации и сочинения&quot; дополнительной предпрофессиональной общеобразовательной программы в области музыкального искусства &quot;Инструменты эстрадного оркестра&quot;','',1,0,NULL,1526398806,NULL,4,4),(792,2,'Составление программы учебного предмета &quot;Оркестровый класс&quot; дополнительной предпрофессиональной общеобразовательной программы в области музыкального искусства &quot;Инструменты эстрадного оркестра&quot;','',1,0,NULL,1526399903,NULL,4,4),(793,2,'Подготовка материалов предпрофессиональной общеобразовательной программы в области музыкального искусства &quot;Инструменты эстрадного оркестра&quot;','',1,0,NULL,1526400165,NULL,4,4),(794,2,'Подготовка материалов предпрофессиональной общеобразовательной программы в области музыкального искусства &quot;Инструменты эстрадного оркестра&quot;','',1,0,NULL,1526400210,NULL,4,4),(795,2,'Подготовка материалов предпрофессиональной общеобразовательной программы в области музыкального искусства &quot;Инструменты эстрадного оркестра&quot;','',1,0,NULL,1526400274,NULL,4,4),(796,2,'Подготовка материалов предпрофессиональной общеобразовательной программы в области музыкального искусства &quot;Инструменты эстрадного оркестра&quot;','',1,0,NULL,1526400466,NULL,4,4),(797,3,'Участие в педагогической конференции &quot;Стилевые особенности исполнения произведений разных эпох и жанров в детском хоре: из опыта работы А.С. Пономарева и его последователей&quot;','',1,0,NULL,1526659104,NULL,4,4),(798,1,'&quot;А мы сеяли мак&quot; Московская область. Игровая песня. Аранжировка','',1,0,NULL,1526659263,NULL,4,4),(799,2,'Разработка фонда оценочных средств по предмету &quot;Хор&quot; (2кл)','<p>В обработке.</p>',1,0,NULL,1528876246,NULL,4,4),(800,2,'Составление программы учебного предмета &quot;Хор&quot; дополнительной предпрофессиональной общеобразовательной программы в области музыкального искусства &quot;Фортепиано&quot;','',1,0,NULL,1528876516,NULL,4,4),(801,3,'&quot;Методика и практика обучения в Детской школе искусств&quot;','<p>108ч.</p>',1,0,NULL,1528970548,NULL,4,4),(802,2,'Разработка фонда оценочных средств по предмету &quot;Специальность&quot; (2кл)','<p>В обработке.</p>',1,0,NULL,1528989362,NULL,4,4),(803,2,'Разработка фонда оценочных средств по предмету &quot;Специальность&quot; (3кл)','<p>В обработке.</p>',1,0,NULL,1528989422,NULL,4,4),(804,2,'Разработка фонда оценочных средств по предмету &quot;Ансамбль&quot; (2кл)','<p>В обработке.</p>',1,0,NULL,1528989490,NULL,4,4),(805,2,'Разработка фонда оценочных средств по предмету &quot;Ансамбль&quot; (3кл)','<p>В обработке.</p>',1,0,NULL,1528989552,NULL,4,4),(806,2,'Разработка фонда оценочных средств по предмету &quot;Хор&quot; (3кл)','<p>В обработке.</p>',1,0,NULL,1529306637,NULL,4,4),(807,2,'Разработка фонда оценочных средств по предмету &quot;Хор&quot; (4кл)','<p>В обработке.</p>',1,0,NULL,1529306846,NULL,4,4),(808,3,'&quot;Принципы фортепианной школы&quot;','<p>72 часа.</p>',1,0,NULL,1529407043,NULL,4,4),(809,3,'&quot;Совершенствование преподавания курса фортепиано&quot;','<p>72ч.</p>',1,0,NULL,1529925866,NULL,4,4),(810,3,'&quot;Совершенствование преподавания курса фортепиано&quot;','<p>72ч</p>',1,0,NULL,1530003857,NULL,4,4),(811,3,'Совершенствование преподавания курса фортепиано','72ч',1,1,1543104000,1530175399,1543093400,4,4),(812,3,'Участие в школе мастерства','',1,0,NULL,1535366501,NULL,4,4),(813,3,'Участие в школе мастерства','',1,0,NULL,1535366599,NULL,4,4),(814,2,'Разработка фонда оценочных средств по предмету &quot;Скульптура&quot;','',1,0,NULL,1535551094,NULL,4,4),(815,2,'Материалы для Стенгазеты  «Ко Дню города: Москва-871»','',1,0,NULL,1536060706,NULL,4,4),(816,2,'Составление программы учебного предмета &quot;Специальность&quot; дополнительной предпрофессиональной общеобразовательной программы в области музыкального искусства &quot;Фортепиано&quot;','<p>Опубликовано на официальном сайте.</p>',1,0,NULL,1536224484,NULL,4,4),(817,2,'Составление программы учебного предмета &quot;Ансамбль&quot; дополнительной предпрофессиональной общеобразовательной программы в области музыкального искусства &quot;Фортепиано&quot;','',1,0,NULL,1536224805,NULL,4,4),(818,2,'Составление программы учебного предмета &quot;Чтение с листа&quot; дополнительной общеразвивающей общеобразовательной программы в области музыкального искусства &quot;Фортепиано&quot;','',1,0,NULL,1536224989,NULL,4,4),(819,1,'А.Грибоедов. Вальс. Аранжировка','',1,0,NULL,1536225757,NULL,4,4),(820,2,'Составление целевого и организационного раздела дополнительной предпрофессиональной общеобразовательной программы в области музыкального искусства &quot;Фортепиано&quot;','',1,0,NULL,1536225951,NULL,4,4),(821,2,'Составление целевого и организационного раздела дополнительной предпрофессиональной общеобразовательной программы в области изобразительного искусства &quot;Живопись&quot;','',1,0,NULL,1536671926,NULL,4,4),(822,2,'Составление программы учебного предмета &quot;Скульптура&quot; дополнительной предпрофессиональной общеобразовательной программы в области изобразительного искусства &quot;Живопись&quot;','',1,0,NULL,1536672106,NULL,4,4),(823,2,'Составление программы учебного предмета &quot;Рисунок&quot; дополнительной предпрофессиональной общеобразовательной программы в области изобразительного искусства &quot;Живопись&quot;','',1,0,NULL,1536672171,NULL,4,4),(824,2,'Составление программы учебного предмета &quot;Живопись&quot; дополнительной предпрофессиональной общеобразовательной программы в области изобразительного искусства &quot;Живопись&quot;','',1,0,NULL,1536672320,NULL,4,4),(825,2,'Составление программы учебного предмета &quot;Композиция станковая&quot; дополнительной предпрофессиональной общеобразовательной программы в области изобразительного искусства &quot;Живопись&quot;','',1,0,NULL,1536672598,NULL,4,4),(826,2,'Составление программы учебного предмета &quot;Беседы об искусстве&quot; дополнительной предпрофессиональной общеобразовательной программы в области изобразительного искусства &quot;Живопись&quot;','',1,0,NULL,1536672664,NULL,4,4),(827,2,'Составление программы учебного предмета &quot;История изобразительного искусства&quot; дополнительной предпрофессиональной общеобразовательной программы в области изобразительного искусства &quot;Живопись&quot;','',1,0,NULL,1536672712,NULL,4,4),(828,3,'&quot;Теория и методика преподавания музыкальныйх дисциплин (по классу фольклор)','<p>Переподготовка</p>',1,0,NULL,1536740901,NULL,4,4),(829,2,'Составление программы учебного предмета &quot;Сольфеджио&quot; дополнительной предпрофессиональной общеобразовательной программы в области музыкального искусства &quot;Фортепиано&quot;','',1,0,NULL,1536757747,NULL,4,4),(830,2,'Составление программы учебного предмета «Слушание музыки» Дополнительной общеобразовательной предпрофессиональной программы в области музыкального искусства «Фортепиано»','',1,0,NULL,1536758317,NULL,4,4),(831,2,'Составление программы учебного предмета «Музыкальная литература» Дополнительной общеобразовательной предпрофессиональной программы в области музыкального искусства «Фортепиано»','',1,0,NULL,1536758429,NULL,4,4),(832,2,'Составление программы учебного предмета &quot;Специальность (медные и ударные)&quot; дополнительной общеразвивающей общеобразовательной программы в области музыкального искусства &quot;Духовые и ударные инструменты&quot;','',1,0,NULL,1536829852,NULL,4,4),(833,2,'Составление программы учебного предмета &quot;Специальность (деревянные)&quot; дополнительной общеразвивающей общеобразовательной программы в области музыкального искусства &quot;Духовые и ударные инструменты&quot;','',1,0,NULL,1536829994,NULL,4,4),(835,2,'Составление программы учебного предмета &quot;Специальность (баян аккордеон)&quot; дополнительной общеразвивающей общеобразовательной программы в области музыкального искусства &quot;Народные инструменты&quot;','',1,0,NULL,1536830634,NULL,4,4),(836,2,'Составление программы учебного предмета &quot;Специальность (балалайка)&quot; дополнительной общеразвивающей общеобразовательной программы в области музыкального искусства &quot;Народные инструменты&quot;','',1,0,NULL,1536831289,NULL,4,4),(837,2,'Составление программы учебного предмета &quot;Специальность (домра)&quot; дополнительной общеразвивающей общеобразовательной программы в области музыкального искусства &quot;Народные инструменты&quot;','',1,0,NULL,1536831667,NULL,4,4),(838,2,'Составление программы учебного предмета &quot;Чтение с листа&quot; дополнительной общеразвивающей общеобразовательной программы в области музыкального искусства &quot;Духовые и ударные инструменты&quot;','',1,0,NULL,1537179610,NULL,4,4),(839,2,'Составление программы учебного предмета &quot;Специальность (скрипка)&quot; дополнительной общеразвивающей общеобразовательной программы в области музыкального искусства &quot;Струнные инструменты&quot;','',1,0,NULL,1537179791,NULL,4,4),(840,2,'Составление целевого и организационного раздела дополнительной предпрофессиональной общеобразовательной программы в области музыкального искусства &quot;Струнные инструменты&quot;','',1,0,NULL,1537179862,NULL,4,4),(841,2,'Составление программы учебного предмета &quot;Специальность (виолончель)&quot; дополнительной общеразвивающей общеобразовательной программы в области музыкального искусства &quot;Струнные инструменты&quot;','',1,0,NULL,1537179913,NULL,4,4),(842,2,'Составление программы учебного предмета &quot;Специальность (арфа)&quot; дополнительной общеразвивающей общеобразовательной программы в области музыкального искусства &quot;Струнные инструменты&quot;','',1,0,NULL,1537179982,NULL,4,4),(843,2,'Составление программы учебного предмета &quot;Ансамбль (оркестровый класс)&quot; дополнительной общеразвивающей общеобразовательной программы в области музыкального искусства &quot;Струнные инструменты&quot;','',1,0,NULL,1537180059,NULL,4,4),(844,2,'Составление программы учебного предмета &quot;Хор&quot; дополнительной предпрофессиональной общеобразовательной программы в области музыкального искусства &quot;Хоровое пение&quot;','',1,0,NULL,1537181612,NULL,4,4),(845,2,'Составление целевого и организационного раздела дополнительной предпрофессиональной общеобразовательной программы в области музыкального искусства &quot;Хоровое пение&quot;','',1,0,NULL,1537181678,NULL,4,4),(846,2,'Составление программы учебного предмета &quot;Ритмическое сольфеджио&quot; дополнительной предпрофессиональной общеобразовательной программы в области музыкального искусства &quot;Инструменты эстрадного оркестра&quot;','',1,0,NULL,1537194470,NULL,4,4),(847,2,'Составление программы учебного предмета &quot;История эстрадной и джазовой музыки&quot; дополнительной предпрофессиональной общеобразовательной программы в области музыкального искусства &quot;Инструменты эстрадного оркестра&quot;','',1,0,NULL,1537194601,NULL,4,4),(848,2,'Участие в составлении программы учебного предмета &quot;Специальность и чтение с листа&quot; дополнительной предпрофессиональной общеобразовательной программы в области музыкального искусства &quot;Инструменты эстрадного оркестра&quot;','',1,0,NULL,1537194739,NULL,4,4),(849,2,'Участие в составлении программы учебного предмета &quot;Ансамбль (оркестровый класс)&quot; дополнительной предпрофессиональной общеобразовательной программы в области музыкального искусства &quot;Инструменты эстрадного оркестра&quot;','',1,0,NULL,1537194841,NULL,4,4),(850,2,'Участие в составлении программы учебного предмета &quot;Основы импровизации и сочинения&quot; дополнительной предпрофессиональной общеобразовательной программы в области музыкального искусства &quot;Инструменты эстрадного оркестра&quot;','',1,0,NULL,1537194915,NULL,4,4),(851,2,'Корректировка дополнительной общеразвивающей образовательной программы в области изобразительного искусства &quot;Основы дизайна&quot;','<p>Опубликовано на официальном сайте.</p>',1,0,NULL,1537517824,NULL,4,4),(852,2,'Корректировка дополнительной общеразвивающей образовательной программы в области изобразительного искусства &quot;Изобразительное искусство&quot;','<p>Опубликовано на официальном сайте.</p>',1,0,NULL,1537519680,NULL,4,4),(853,2,'Корректировка программ учебных предметов &quot;Рисунок&quot;, &quot;Живопись&quot;, &quot;Композиция&quot; дополнительной общеразвивающей образовательной программы в области изобразительного искусства &quot;Изобразительное искусство&quot;','<p>Опубликовано на официальном сайте.</p>',1,0,NULL,1537519791,NULL,4,4),(854,2,'Составление программы учебного предмета &quot;Скульптура&quot; дополнительнойобщеобразовательной общеразвивающей программы в области изобразительного искусства &quot;Изобразительное искусство&quot;','<p>Опубликовано на официальном сайте.</p>',1,0,NULL,1537519910,NULL,4,4),(855,2,'Составление программ учебных предметов «Рисунок», &quot;Живопись&quot; дополнительной общеобразовательной общеразвивающей программы в области изобразительного искусства «Изобразительное искусство»','<p>Опубликовано на официальном сайте.</p>',1,0,NULL,1537521040,NULL,4,4),(856,2,'Составление программы учебного предмета «Рисунок» дополнительной общеобразовательной общеразвивающей программы в области изобразительного искусства «Изобразительное искусство»','<p>Опубликовано на официальном сайте.</p>',1,0,NULL,1537521111,NULL,4,4),(857,2,'Составление программы учебного предмета «Основы изобразительного искусства» дополнительной общеобразовательной общеразвивающей программы в области изобразительного искусства «Изобразительное искусство» (отделение развития)','<p>Опубликовано на официальном сайте.</p>',1,0,NULL,1537521736,NULL,4,4),(858,2,'Составление программы учебного предмета «Основы изобразительного искусства» дополнительной общеобразовательной общеразвивающей программы в области изобразительного искусства «Изобразительное искусство» (отделение раннего развития)','<p>Опубликовано на официальном сайте.</p>',1,0,NULL,1537524508,NULL,4,4),(859,2,'Корректировка программы учебного предмета &quot;Ансамбль&quot; дополнительной общеразвивающей общеобразовательной программы в области музыкального искусства &quot;Духовые и ударные инструменты&quot;','<p>Опубликовано на официальном сайте.</p>',1,0,NULL,1537779103,NULL,4,4),(860,2,'Корректировка программы учебного предмета &quot;Оркестровый класс&quot; дополнительной общеразвивающей общеобразовательной программы в области музыкального искусства &quot;Духовые и ударные инструменты&quot;','<p>Опубликовано на официальном сайте.</p>',1,0,NULL,1537779305,NULL,4,4),(861,2,'&quot;Огарыш&quot; Аранжировка','',1,0,NULL,1537793936,NULL,4,4),(862,2,'Составление программы учебного предмета &quot;Хор&quot; дополнительной  общеразвивающей общеобразовательной программы в области музыкального искусства &quot;Фортепиано&quot;','<p>Опубликовано на официальном сайте.</p>',1,0,NULL,1537797595,NULL,4,4),(863,2,'Составление целевого и организационного раздела дополнительной общеразвивающей общеобразовательной программы в области музыкального искусства &quot;Фортепиано&quot;','<p>Опубликовано на официальном сайте.</p>',1,0,NULL,1537873536,NULL,4,4),(864,2,'Составление программы учебного предмета &quot;Ансамбль&quot; дополнительной общеразвивающей общеобразовательной программы в области музыкального искусства &quot;Фортепиано&quot;','<p>Опубликовано на официальном сайте.</p>',1,0,NULL,1537873884,NULL,4,4),(865,2,' Составление программы учебного предмета &quot;Специальность&quot; дополнительной общеразвивающей общеобразовательной программы в области музыкального искусства &quot;Фортепиано&quot;','<p>Опубликовано на официальном сайте.</p>',1,0,NULL,1537873969,NULL,4,4),(866,2,'Составление программы учебного предмета &quot;Хор&quot; дополнительной общеразвивающей общеобразовательной программы в области музыкального искусства &quot;Хоровое пение&quot;','<p>Опубликовано на официальном сайте.</p>',1,0,NULL,1537956032,NULL,4,4),(867,2,'Составление целевого и организационного раздела дополнительной общеразвивающей общеобразовательной программы в области музыкального искусства &quot;Хоровое пение&quot;','<p>Опубликовано на официальном сайте.</p>',1,0,NULL,1537956115,NULL,4,4),(868,2,'Составление целевого и организационного раздела дополнительной общеразвивающей общеобразовательной программы в области музыкального искусства &quot;Дошкольное отделение&quot;','<p>Опубликовано на официальном сайте.</p>',1,0,NULL,1538577192,NULL,4,4),(869,2,'Составление программы учебного предмета &quot;Ритмика&quot; дополнительной общеразвивающей общеобразовательной программы в области музыкального искусства &quot;Дошкольное отделение&quot;','<p>Опубликовано на официальном сайте.</p>',1,0,NULL,1538577267,NULL,4,4),(870,2,'Составление программы учебного предмета &quot;Сольфеджио&quot; дополнительной общеразвивающей общеобразовательной программы в области музыкального искусства &quot;Дошкольное отделение&quot;','<p>Опубликовано на официальном сайте.</p>',1,0,NULL,1538577326,NULL,4,4),(871,2,'Составление программы учебного предмета &quot;Музыкальный инструмент. Фортепиано&quot; дополнительной общеразвивающей общеобразовательной программы в области музыкального искусства &quot;Дошкольное отделение&quot;','<p>Опубликовано на официальном сайте.</p>',1,0,NULL,1538577390,NULL,4,4),(872,2,'Составление программы учебного предмета &quot;Народное творчество&quot; предпрофессиональной образовательной программы &quot;Музыкальный фольклор&quot;','<p>Опубликовано на официальном сайте.</p>',1,0,NULL,1538642299,NULL,4,4),(873,1,'С. Федоров. Этюд &quot;Сомнения&quot; аккомпанемент','',1,0,NULL,1539183090,NULL,4,4),(874,2,'Составление целевого и организационного раздела дополнительной общеразвивающей общеобразовательной программы в области музыкального искусства &quot;Народные инструменты&quot;','<p>Опубликовано на официальном сайте.</p>',1,0,NULL,1539183478,NULL,4,4),(875,1,'&quot;Подъезжали мы под село&quot; Аранжировка','',1,0,NULL,1539336401,NULL,4,4),(876,2,'&quot;Опыт постановки народной драмы в детском фольклорном ансамбле &quot;Златна капиjа&quot;','',1,0,NULL,1539336544,NULL,4,4),(877,2,'Участие в составлении положения X Российского конкурса юных пианистов &quot;Дуэт&quot;','',1,0,NULL,1539347372,NULL,4,4),(878,2,'Корректировка программы учебного предмета &quot;Музыкальный инструмент. Фортепиано&quot; дополнительной предпрофессиональной общеобразовательной программы в области музыкального искусства &quot;Музыкальный фольклор&quot;. Срок обучения - 8 лет и 5 лет.','',1,0,NULL,1539347511,NULL,4,4),(879,1,'М.Мусоргский. &quot;Гопак&quot; из оперы &quot;Сорочинская ярмарка&quot; Аранжировка','',1,0,NULL,1539682458,NULL,4,4),(880,2,'Составление целевого и организационного раздела дополнительной предпрофессиональной общеобразовательной программы в области музыкального искусства &quot;Музыкальный фольклор&quot;','',1,0,NULL,1539870457,NULL,4,4),(881,2,'Составление целевого и организационного раздела дополнительной общеразвивающей общеобразовательной программы в области музыкального искусства &quot;Музыкальный фольклор&quot;','',1,0,NULL,1539870531,NULL,4,4),(882,2,'Составление программы учебного предмета &quot;Чтение с листа&quot; дополнительной предпрофессиональной общеобразовательной программы в области музыкального искусства &quot;Народные инструменты&quot;','<p>Опубликовано на официальном сайте.</p>',1,0,1496361600,1540888349,1542375430,4,4),(883,3,'Участие в семинаре-практикуме &quot;Актуальные вопросы преподавания ритмики в контексте современного музыкального образования и культуры&quot;','',1,0,1540944000,1540985073,1543093232,4,4),(884,1,'Концертные вариации на тему старнинного романса &quot;Я встретил Вас&quot; муз. М.Рожков. Аранжировка Д.Макушенко','',1,0,1541548800,1541665574,1542314336,4,4),(885,3,'Участие в круглом столе &quot;Развитие системы дополнительного образования детей: проблемы и перспективы&quot;','',1,0,1542313477,1541672768,1542313477,4,4),(886,1,'Б.Потемкин. &quot;Сосед&quot; Аккомпанемент','',1,0,1542240000,1541690633,1542357619,4,4),(887,2,'Составление программы учебного предмета &quot;Хор&quot; дополнительной общеразвивающей общеобразовательной программы в области музыкального искусства &quot;Дошкольное отделение&quot;','<p>Опубликовано на официальном сайте.</p>',1,0,1542240000,1541760100,1542354731,4,4),(888,2,'Составление программы учебного предмета \"Сольфеджио\" дополнительной общеразвивающей общеобразовательной программы в области музыкального искусства \"Хоровое пение\"','Опубликовано на официальном сайте.',1,0,1522713600,1541760179,1543139405,4,4);
/*!40000 ALTER TABLE `creative_works` ENABLE KEYS */;
UNLOCK TABLES;

--
-- Table structure for table `creative_works_author`
--

DROP TABLE IF EXISTS `creative_works_author`;
/*!40101 SET @saved_cs_client     = @@character_set_client */;
/*!40101 SET character_set_client = utf8 */;
CREATE TABLE `creative_works_author` (
  `id` mediumint(8) unsigned NOT NULL AUTO_INCREMENT,
  `works_id` mediumint(8) unsigned NOT NULL,
  `author_id` int(11) NOT NULL,
  `timestamp_weight` int(11) DEFAULT NULL COMMENT 'Отчетный период надбавки',
  `weight` smallint(1) unsigned DEFAULT '0' COMMENT 'Надбавка',
  PRIMARY KEY (`id`),
  KEY `works_id` (`works_id`),
  KEY `user_id` (`author_id`),
  CONSTRAINT `creative_works_author_ibfk_1` FOREIGN KEY (`works_id`) REFERENCES `creative_works` (`id`),
  CONSTRAINT `creative_works_author_ibfk_2` FOREIGN KEY (`author_id`) REFERENCES `user` (`id`)
) ENGINE=InnoDB AUTO_INCREMENT=16 DEFAULT CHARSET=utf8 COMMENT='Периоды ликвидности работ';
/*!40101 SET character_set_client = @saved_cs_client */;

--
-- Dumping data for table `creative_works_author`
--

LOCK TABLES `creative_works_author` WRITE;
/*!40000 ALTER TABLE `creative_works_author` DISABLE KEYS */;
INSERT INTO `creative_works_author` VALUES (2,888,16,1427846400,20),(5,888,14,1530403200,15),(6,887,3,1538352000,20),(7,886,3,NULL,NULL),(8,885,3,NULL,NULL),(9,886,14,NULL,NULL),(10,882,16,NULL,NULL),(12,888,16,1519862400,35),(13,888,3,1517443200,45),(14,883,3,1514764800,12),(15,811,16,NULL,NULL);
/*!40000 ALTER TABLE `creative_works_author` ENABLE KEYS */;
UNLOCK TABLES;

--
-- Table structure for table `creative_works_department`
--

DROP TABLE IF EXISTS `creative_works_department`;
/*!40101 SET @saved_cs_client     = @@character_set_client */;
/*!40101 SET character_set_client = utf8 */;
CREATE TABLE `creative_works_department` (
  `id` mediumint(8) unsigned NOT NULL AUTO_INCREMENT,
  `works_id` mediumint(8) unsigned NOT NULL,
  `department_id` tinyint(2) unsigned NOT NULL,
  PRIMARY KEY (`id`),
  KEY `works_id` (`works_id`),
  KEY `user_id` (`department_id`),
  CONSTRAINT `creative_works_department_ibfk_1` FOREIGN KEY (`works_id`) REFERENCES `creative_works` (`id`),
  CONSTRAINT `creative_works_department_ibfk_2` FOREIGN KEY (`department_id`) REFERENCES `department` (`id`)
) ENGINE=InnoDB AUTO_INCREMENT=11 DEFAULT CHARSET=utf8 COMMENT='Периоды ликвидности работ';
/*!40101 SET character_set_client = @saved_cs_client */;

--
-- Dumping data for table `creative_works_department`
--

LOCK TABLES `creative_works_department` WRITE;
/*!40000 ALTER TABLE `creative_works_department` DISABLE KEYS */;
INSERT INTO `creative_works_department` VALUES (3,888,4),(5,888,11),(6,887,8),(7,885,5),(8,886,9),(9,883,4),(10,811,2);
/*!40000 ALTER TABLE `creative_works_department` ENABLE KEYS */;
UNLOCK TABLES;

--
-- Table structure for table `creative_works_revision`
--

DROP TABLE IF EXISTS `creative_works_revision`;
/*!40101 SET @saved_cs_client     = @@character_set_client */;
/*!40101 SET character_set_client = utf8 */;
CREATE TABLE `creative_works_revision` (
  `id` mediumint(8) unsigned NOT NULL AUTO_INCREMENT,
  `works_id` mediumint(8) unsigned NOT NULL,
  `user_id` int(11) NOT NULL,
  `timestamp` int(11) DEFAULT NULL,
  PRIMARY KEY (`id`),
  KEY `works_id` (`works_id`),
  KEY `user_id` (`user_id`),
  CONSTRAINT `creative_works_revision_ibfk_1` FOREIGN KEY (`works_id`) REFERENCES `creative_works` (`id`),
  CONSTRAINT `creative_works_revision_ibfk_2` FOREIGN KEY (`user_id`) REFERENCES `user` (`id`)
) ENGINE=InnoDB AUTO_INCREMENT=2 DEFAULT CHARSET=utf8 COMMENT='Счетчик просмотров работ';
/*!40101 SET character_set_client = @saved_cs_client */;

--
-- Dumping data for table `creative_works_revision`
--

LOCK TABLES `creative_works_revision` WRITE;
/*!40000 ALTER TABLE `creative_works_revision` DISABLE KEYS */;
INSERT INTO `creative_works_revision` VALUES (1,1,4,1541980800);
/*!40000 ALTER TABLE `creative_works_revision` ENABLE KEYS */;
UNLOCK TABLES;

--
-- Table structure for table `department`
--

DROP TABLE IF EXISTS `department`;
/*!40101 SET @saved_cs_client     = @@character_set_client */;
/*!40101 SET character_set_client = utf8 */;
CREATE TABLE `department` (
  `id` tinyint(2) unsigned NOT NULL AUTO_INCREMENT,
  `division_id` tinyint(2) unsigned NOT NULL,
  `name` varchar(127) DEFAULT NULL,
  `slug` varchar(32) DEFAULT NULL,
  `status` tinyint(2) unsigned NOT NULL,
  PRIMARY KEY (`id`),
  KEY `division_id` (`division_id`),
  CONSTRAINT `department_ibfk_1` FOREIGN KEY (`division_id`) REFERENCES `division` (`id`)
) ENGINE=InnoDB AUTO_INCREMENT=21 DEFAULT CHARSET=utf8;
/*!40101 SET character_set_client = @saved_cs_client */;

--
-- Dumping data for table `department`
--

LOCK TABLES `department` WRITE;
/*!40000 ALTER TABLE `department` DISABLE KEYS */;
INSERT INTO `department` VALUES (2,1,'Фортепиано','Фно',1),(3,1,'Струнные инструменты','Стр',1),(4,1,'Духовые и ударные инструменты','Дух',1),(5,1,'Народные инструменты','Нар',1),(6,1,'Теоретические дисциплины','Теор',1),(7,1,'Хоровое пение','Хор',1),(8,1,'Музыкальный фольклор','Фольк',1),(9,1,'Инструменты эстрадного оркестра','Джаз',1),(10,1,'Отдел общего фортепиано','О-фно',1),(11,1,'Концертмейстерский отдел','Конц',1),(12,2,'Художественный отдел','Худ',1),(13,1,'Отделение развития МО','ОР МО',1),(14,2,'Класс художественной керамики','Керам',1),(15,3,'Хореография','Хореография',1),(16,1,'Музыкальный театр','Театр',1),(17,2,'Архитектурное творчество','Арх.тв',1),(18,2,'Основы дизайна','Диз-н',1),(19,1,'Академический вокал','Ак.вок',1),(20,1,'Сценическое мастерство','Сцен.маст-во',1);
/*!40000 ALTER TABLE `department` ENABLE KEYS */;
UNLOCK TABLES;

--
-- Table structure for table `division`
--

DROP TABLE IF EXISTS `division`;
/*!40101 SET @saved_cs_client     = @@character_set_client */;
/*!40101 SET character_set_client = utf8 */;
CREATE TABLE `division` (
  `id` tinyint(2) unsigned NOT NULL AUTO_INCREMENT,
  `name` varchar(127) NOT NULL,
  `slug` varchar(32) NOT NULL,
  PRIMARY KEY (`id`)
) ENGINE=InnoDB AUTO_INCREMENT=4 DEFAULT CHARSET=utf8 COMMENT='Подразделения ДШИ';
/*!40101 SET character_set_client = @saved_cs_client */;

--
-- Dumping data for table `division`
--

LOCK TABLES `division` WRITE;
/*!40000 ALTER TABLE `division` DISABLE KEYS */;
INSERT INTO `division` VALUES (1,'Музыкальное отделение','МО'),(2,'Художественное отделение','ИЗО'),(3,'Отделение \"Хореография\"','ХО');
/*!40000 ALTER TABLE `division` ENABLE KEYS */;
UNLOCK TABLES;

--
-- Table structure for table `eav_attribute`
--

DROP TABLE IF EXISTS `eav_attribute`;
/*!40101 SET @saved_cs_client     = @@character_set_client */;
/*!40101 SET character_set_client = utf8 */;
CREATE TABLE `eav_attribute` (
  `id` int(11) NOT NULL AUTO_INCREMENT,
  `type_id` int(11) DEFAULT NULL,
  `name` varchar(255) NOT NULL,
  `label` varchar(255) DEFAULT NULL,
  `default_value` varchar(255) DEFAULT NULL,
  `icon` varchar(64) DEFAULT NULL,
  `description` varchar(255) DEFAULT NULL,
  `required` int(1) DEFAULT NULL,
  `visible` int(1) DEFAULT NULL,
  PRIMARY KEY (`id`),
  KEY `eav_attribute_type_id` (`type_id`),
  KEY `eav_attribute_name` (`name`),
  CONSTRAINT `fk_eav_attribute_type` FOREIGN KEY (`type_id`) REFERENCES `eav_attribute_type` (`id`) ON DELETE CASCADE ON UPDATE CASCADE
) ENGINE=InnoDB AUTO_INCREMENT=8 DEFAULT CHARSET=utf8;
/*!40101 SET character_set_client = @saved_cs_client */;

--
-- Dumping data for table `eav_attribute`
--

LOCK TABLES `eav_attribute` WRITE;
/*!40000 ALTER TABLE `eav_attribute` DISABLE KEYS */;
INSERT INTO `eav_attribute` VALUES (1,1,'field_1','Поле 1','0','','text',1,1),(2,1,'field_2','Field 2','0','','',1,1),(3,2,'position','Должность','','','',1,1),(4,2,'type_work','Вид работы','','','',1,NULL),(5,2,'level_education','Уровень образования','','','',1,NULL),(6,2,'level_specialists','Уровень специалиста','','','',1,NULL),(7,2,'advanced_degree','Ученая степень','','','',1,1);
/*!40000 ALTER TABLE `eav_attribute` ENABLE KEYS */;
UNLOCK TABLES;

--
-- Table structure for table `eav_attribute_option`
--

DROP TABLE IF EXISTS `eav_attribute_option`;
/*!40101 SET @saved_cs_client     = @@character_set_client */;
/*!40101 SET character_set_client = utf8 */;
CREATE TABLE `eav_attribute_option` (
  `id` int(11) NOT NULL AUTO_INCREMENT,
  `attribute_id` int(11) DEFAULT NULL,
  `value` varchar(255) DEFAULT NULL,
  PRIMARY KEY (`id`),
  KEY `eav_attribute_option_attribute_id` (`attribute_id`),
  CONSTRAINT `fk_eav_option_attribute` FOREIGN KEY (`attribute_id`) REFERENCES `eav_attribute` (`id`) ON DELETE CASCADE ON UPDATE CASCADE
) ENGINE=InnoDB AUTO_INCREMENT=17 DEFAULT CHARSET=utf8;
/*!40101 SET character_set_client = @saved_cs_client */;

--
-- Dumping data for table `eav_attribute_option`
--

LOCK TABLES `eav_attribute_option` WRITE;
/*!40000 ALTER TABLE `eav_attribute_option` DISABLE KEYS */;
INSERT INTO `eav_attribute_option` VALUES (1,3,'Заместитель директора'),(2,3,'Директор'),(3,3,'Руководитель отдела'),(4,3,'Заведующий секцией'),(5,3,'Преподаватель'),(6,4,'Основная'),(7,4,'По совместительству'),(8,5,'Высшее образование'),(9,5,'Высшее непроф'),(10,5,'Неполное высшее'),(11,5,'Среднее проф'),(12,6,'Специалист'),(13,6,'Молодой специалист + проезд'),(14,6,'Молодой специалист-отличник + проезд'),(15,7,'Кандидат наук'),(16,7,'Доктор наук');
/*!40000 ALTER TABLE `eav_attribute_option` ENABLE KEYS */;
UNLOCK TABLES;

--
-- Table structure for table `eav_attribute_type`
--

DROP TABLE IF EXISTS `eav_attribute_type`;
/*!40101 SET @saved_cs_client     = @@character_set_client */;
/*!40101 SET character_set_client = utf8 */;
CREATE TABLE `eav_attribute_type` (
  `id` int(11) NOT NULL AUTO_INCREMENT,
  `name` varchar(255) NOT NULL,
  `store_type` varchar(32) NOT NULL DEFAULT 'raw',
  PRIMARY KEY (`id`)
) ENGINE=InnoDB AUTO_INCREMENT=3 DEFAULT CHARSET=utf8;
/*!40101 SET character_set_client = @saved_cs_client */;

--
-- Dumping data for table `eav_attribute_type`
--

LOCK TABLES `eav_attribute_type` WRITE;
/*!40000 ALTER TABLE `eav_attribute_type` DISABLE KEYS */;
INSERT INTO `eav_attribute_type` VALUES (1,'text','raw'),(2,'select','option');
/*!40000 ALTER TABLE `eav_attribute_type` ENABLE KEYS */;
UNLOCK TABLES;

--
-- Table structure for table `eav_entity`
--

DROP TABLE IF EXISTS `eav_entity`;
/*!40101 SET @saved_cs_client     = @@character_set_client */;
/*!40101 SET character_set_client = utf8 */;
CREATE TABLE `eav_entity` (
  `id` int(11) NOT NULL AUTO_INCREMENT,
  `model_id` int(11) DEFAULT NULL,
  `category_id` int(11) DEFAULT NULL,
  PRIMARY KEY (`id`),
  KEY `eav_entity_model_id` (`model_id`),
  KEY `eav_entity_category_id` (`category_id`),
  CONSTRAINT `fk_eav_entity_model` FOREIGN KEY (`model_id`) REFERENCES `eav_entity_model` (`id`) ON DELETE CASCADE ON UPDATE CASCADE
) ENGINE=InnoDB AUTO_INCREMENT=15 DEFAULT CHARSET=utf8;
/*!40101 SET character_set_client = @saved_cs_client */;

--
-- Dumping data for table `eav_entity`
--

LOCK TABLES `eav_entity` WRITE;
/*!40000 ALTER TABLE `eav_entity` DISABLE KEYS */;
INSERT INTO `eav_entity` VALUES (4,4,1),(7,5,2),(9,4,2),(10,4,3),(11,4,4),(13,5,NULL),(14,4,NULL);
/*!40000 ALTER TABLE `eav_entity` ENABLE KEYS */;
UNLOCK TABLES;

--
-- Table structure for table `eav_entity_attribute`
--

DROP TABLE IF EXISTS `eav_entity_attribute`;
/*!40101 SET @saved_cs_client     = @@character_set_client */;
/*!40101 SET character_set_client = utf8 */;
CREATE TABLE `eav_entity_attribute` (
  `id` int(11) NOT NULL AUTO_INCREMENT,
  `entity_id` int(11) DEFAULT NULL,
  `attribute_id` int(11) DEFAULT NULL,
  `order` int(11) DEFAULT '0',
  PRIMARY KEY (`id`),
  KEY `eav_entity_attribute_entity_id` (`entity_id`),
  KEY `eav_entity_attribute_attribute_id` (`attribute_id`),
  CONSTRAINT `fk_eav_entity_attribute_attribute` FOREIGN KEY (`attribute_id`) REFERENCES `eav_attribute` (`id`) ON DELETE CASCADE ON UPDATE CASCADE,
  CONSTRAINT `fk_eav_entity_attribute_entity` FOREIGN KEY (`entity_id`) REFERENCES `eav_entity` (`id`) ON DELETE CASCADE ON UPDATE CASCADE
) ENGINE=InnoDB AUTO_INCREMENT=215 DEFAULT CHARSET=utf8;
/*!40101 SET character_set_client = @saved_cs_client */;

--
-- Dumping data for table `eav_entity_attribute`
--

LOCK TABLES `eav_entity_attribute` WRITE;
/*!40000 ALTER TABLE `eav_entity_attribute` DISABLE KEYS */;
INSERT INTO `eav_entity_attribute` VALUES (17,7,3,0),(149,10,2,0),(150,11,3,0),(180,9,3,0),(181,9,4,1),(184,13,1,0),(185,13,2,1),(207,4,3,0),(208,4,4,1),(209,4,5,2),(210,4,6,3),(211,4,7,4),(213,14,1,0),(214,14,2,1);
/*!40000 ALTER TABLE `eav_entity_attribute` ENABLE KEYS */;
UNLOCK TABLES;

--
-- Table structure for table `eav_entity_model`
--

DROP TABLE IF EXISTS `eav_entity_model`;
/*!40101 SET @saved_cs_client     = @@character_set_client */;
/*!40101 SET character_set_client = utf8 */;
CREATE TABLE `eav_entity_model` (
  `id` int(11) NOT NULL AUTO_INCREMENT,
  `entity_name` varchar(100) NOT NULL,
  `entity_model` varchar(100) NOT NULL,
  PRIMARY KEY (`id`),
  UNIQUE KEY `eav_entity_model_unique_model` (`entity_model`)
) ENGINE=InnoDB AUTO_INCREMENT=6 DEFAULT CHARSET=utf8;
/*!40101 SET character_set_client = @saved_cs_client */;

--
-- Dumping data for table `eav_entity_model`
--

LOCK TABLES `eav_entity_model` WRITE;
/*!40000 ALTER TABLE `eav_entity_model` DISABLE KEYS */;
INSERT INTO `eav_entity_model` VALUES (4,'Measure','common\\models\\Measure'),(5,'Product','backend\\models\\Product');
/*!40000 ALTER TABLE `eav_entity_model` ENABLE KEYS */;
UNLOCK TABLES;

--
-- Table structure for table `eav_value`
--

DROP TABLE IF EXISTS `eav_value`;
/*!40101 SET @saved_cs_client     = @@character_set_client */;
/*!40101 SET character_set_client = utf8 */;
CREATE TABLE `eav_value` (
  `id` int(11) NOT NULL AUTO_INCREMENT,
  `entity_id` int(11) DEFAULT NULL,
  `attribute_id` int(11) DEFAULT NULL,
  `item_id` int(11) DEFAULT NULL,
  `value` text,
  PRIMARY KEY (`id`),
  KEY `eav_value_entity_id` (`entity_id`),
  KEY `eav_value_attribute_id` (`attribute_id`),
  KEY `eav_value_item_id` (`item_id`),
  CONSTRAINT `fk_eav_value_attribute` FOREIGN KEY (`attribute_id`) REFERENCES `eav_attribute` (`id`) ON DELETE CASCADE ON UPDATE CASCADE,
  CONSTRAINT `fk_eav_value_entity` FOREIGN KEY (`entity_id`) REFERENCES `eav_entity` (`id`) ON DELETE CASCADE ON UPDATE CASCADE
) ENGINE=InnoDB AUTO_INCREMENT=6 DEFAULT CHARSET=utf8;
/*!40101 SET character_set_client = @saved_cs_client */;

--
-- Dumping data for table `eav_value`
--

LOCK TABLES `eav_value` WRITE;
/*!40000 ALTER TABLE `eav_value` DISABLE KEYS */;
INSERT INTO `eav_value` VALUES (1,4,7,1,''),(2,4,6,1,''),(3,4,5,1,'8'),(4,4,4,1,'6'),(5,4,3,1,'1');
/*!40000 ALTER TABLE `eav_value` ENABLE KEYS */;
UNLOCK TABLES;

--
-- Table structure for table `event`
--

DROP TABLE IF EXISTS `event`;
/*!40101 SET @saved_cs_client     = @@character_set_client */;
/*!40101 SET character_set_client = utf8 */;
CREATE TABLE `event` (
  `id` int(11) NOT NULL AUTO_INCREMENT,
  `title` varchar(100) NOT NULL,
  `description` text NOT NULL,
  `start_timestamp` int(11) NOT NULL,
  `end_timestamp` int(11) DEFAULT NULL,
  `all_day` tinyint(1) DEFAULT '0',
  PRIMARY KEY (`id`)
) ENGINE=InnoDB AUTO_INCREMENT=10 DEFAULT CHARSET=utf8;
/*!40101 SET character_set_client = @saved_cs_client */;

--
-- Dumping data for table `event`
--

LOCK TABLES `event` WRITE;
/*!40000 ALTER TABLE `event` DISABLE KEYS */;
INSERT INTO `event` VALUES (1,'1','',1541116800,1541116800,0),(2,'2','',1541030400,1541030400,0),(3,'3','',1541116800,1541116800,0),(4,'4','',1541116800,1541116800,0),(5,'11','',1543449600,1543603800,1),(6,'22','',1543449600,1543449600,1),(7,'111','',1543449600,1543449600,0),(8,'222','',1543658400,1543660500,0),(9,'333','',1543276800,1543276800,0);
/*!40000 ALTER TABLE `event` ENABLE KEYS */;
UNLOCK TABLES;

--
-- Table structure for table `image_manager`
--

DROP TABLE IF EXISTS `image_manager`;
/*!40101 SET @saved_cs_client     = @@character_set_client */;
/*!40101 SET character_set_client = utf8 */;
CREATE TABLE `image_manager` (
  `id` mediumint(8) NOT NULL AUTO_INCREMENT,
  `name` varchar(256) NOT NULL,
  `class` varchar(256) DEFAULT NULL,
  `item_id` mediumint(8) DEFAULT NULL,
  `alt` varchar(256) DEFAULT NULL,
  `sort` smallint(5) NOT NULL,
  `type` varchar(32) NOT NULL,
  `filetype` varchar(32) DEFAULT NULL,
  `url` varchar(256) DEFAULT NULL,
  `size` int(11) NOT NULL,
  PRIMARY KEY (`id`)
) ENGINE=InnoDB AUTO_INCREMENT=5 DEFAULT CHARSET=utf8;
/*!40101 SET character_set_client = @saved_cs_client */;

--
-- Dumping data for table `image_manager`
--

LOCK TABLES `image_manager` WRITE;
/*!40000 ALTER TABLE `image_manager` DISABLE KEYS */;
INSERT INTO `image_manager` VALUES (1,'1542748484_OKiKxY.mp4','CreativeWorks',888,NULL,0,'video','video/mp4','http://artschool.loc/uploads/images/CreativeWorks/1542748484_OKiKxY.mp4',383631),(2,'1542748484_UsZe--.png','CreativeWorks',888,NULL,1,'image','image/png','http://artschool.loc/uploads/images/CreativeWorks/1542748484_UsZe--.png',20191),(3,'1542748484_WECDGN.jpg','CreativeWorks',888,NULL,2,'image',NULL,'http://artschool.loc/uploads/images/CreativeWorks/1542748484_WECDGN.jpg',161113),(4,'1542748484_LhE2KG.pdf','CreativeWorks',888,NULL,3,'pdf',NULL,'http://artschool.loc/uploads/images/CreativeWorks/1542748484_LhE2KG.pdf',21803286);
/*!40000 ALTER TABLE `image_manager` ENABLE KEYS */;
UNLOCK TABLES;

--
-- Table structure for table `log`
--

DROP TABLE IF EXISTS `log`;
/*!40101 SET @saved_cs_client     = @@character_set_client */;
/*!40101 SET character_set_client = utf8 */;
CREATE TABLE `log` (
  `id` bigint(20) NOT NULL AUTO_INCREMENT,
  `level` int(11) DEFAULT NULL,
  `category` varchar(255) COLLATE utf8_unicode_ci DEFAULT NULL,
  `log_time` double DEFAULT NULL,
  `prefix` text COLLATE utf8_unicode_ci,
  `message` text COLLATE utf8_unicode_ci,
  PRIMARY KEY (`id`),
  KEY `idx_log_level` (`level`),
  KEY `idx_log_category` (`category`)
) ENGINE=InnoDB AUTO_INCREMENT=2794 DEFAULT CHARSET=utf8 COLLATE=utf8_unicode_ci;
/*!40101 SET character_set_client = @saved_cs_client */;

--
-- Dumping data for table `log`
--

LOCK TABLES `log` WRITE;
/*!40000 ALTER TABLE `log` DISABLE KEYS */;
INSERT INTO `log` VALUES (1,4,'my_category',1537261669.7566,'[127.0.0.1][2][-]','info in index_site_controller.'),(2,1,'my_category',1537261669.7567,'[127.0.0.1][2][-]','error in index_site_controller.'),(3,2,'my_category',1537261669.7567,'[127.0.0.1][2][-]','warning in index_site_controller.'),(4,4,'my_category',1537264092.1935,'[127.0.0.1][-][-]','info in index_site_controller.'),(5,1,'my_category',1537264092.1935,'[127.0.0.1][-][-]','error in index_site_controller.'),(6,2,'my_category',1537264092.1935,'[127.0.0.1][-][-]','warning in index_site_controller.'),(7,4,'my_category',1537268446.1379,'[127.0.0.1][-][-]','info in index_site_controller.'),(8,1,'my_category',1537268446.1379,'[127.0.0.1][-][-]','error in index_site_controller.'),(9,2,'my_category',1537268446.1379,'[127.0.0.1][-][-]','warning in index_site_controller.'),(10,4,'my_category',1537269233.345,'[127.0.0.1][-][-]','info in index_site_controller.'),(11,1,'my_category',1537269233.345,'[127.0.0.1][-][-]','error in index_site_controller.'),(12,2,'my_category',1537269233.345,'[127.0.0.1][-][-]','warning in index_site_controller.'),(13,4,'my_category',1537269238.6376,'[127.0.0.1][2][-]','info in index_site_controller.'),(14,1,'my_category',1537269238.6376,'[127.0.0.1][2][-]','error in index_site_controller.'),(15,2,'my_category',1537269238.6376,'[127.0.0.1][2][-]','warning in index_site_controller.'),(16,4,'my_category',1537269239.9036,'[127.0.0.1][-][-]','info in index_site_controller.'),(17,1,'my_category',1537269239.9036,'[127.0.0.1][-][-]','error in index_site_controller.'),(18,2,'my_category',1537269239.9036,'[127.0.0.1][-][-]','warning in index_site_controller.'),(19,4,'my_category',1537269245.8284,'[127.0.0.1][4][-]','info in index_site_controller.'),(20,1,'my_category',1537269245.8284,'[127.0.0.1][4][-]','error in index_site_controller.'),(21,2,'my_category',1537269245.8284,'[127.0.0.1][4][-]','warning in index_site_controller.'),(22,4,'my_category',1537269426.448,'[127.0.0.1][4][-]','info in index_site_controller.'),(23,1,'my_category',1537269426.448,'[127.0.0.1][4][-]','error in index_site_controller.'),(24,2,'my_category',1537269426.448,'[127.0.0.1][4][-]','warning in index_site_controller.'),(25,4,'my_category',1537270727.7225,'[127.0.0.1][4][-]','info in index_site_controller.'),(26,1,'my_category',1537270727.7225,'[127.0.0.1][4][-]','error in index_site_controller.'),(27,2,'my_category',1537270727.7225,'[127.0.0.1][4][-]','warning in index_site_controller.'),(28,4,'my_category',1537343102.1255,'[127.0.0.1][-][-]','info in index_site_controller.'),(29,1,'my_category',1537343102.1255,'[127.0.0.1][-][-]','error in index_site_controller.'),(30,2,'my_category',1537343102.1255,'[127.0.0.1][-][-]','warning in index_site_controller.'),(31,4,'my_category',1537345202.4687,'[127.0.0.1][-][-]','info in index_site_controller.'),(32,1,'my_category',1537345202.4687,'[127.0.0.1][-][-]','error in index_site_controller.'),(33,2,'my_category',1537345202.4687,'[127.0.0.1][-][-]','warning in index_site_controller.'),(34,4,'my_category',1537346450.5791,'[127.0.0.1][4][-]','info in index_site_controller.'),(35,1,'my_category',1537346450.5791,'[127.0.0.1][4][-]','error in index_site_controller.'),(36,2,'my_category',1537346450.5791,'[127.0.0.1][4][-]','warning in index_site_controller.'),(37,4,'my_category',1537426724.7297,'[127.0.0.1][13][-]','info in index_site_controller.'),(38,1,'my_category',1537426724.7298,'[127.0.0.1][13][-]','error in index_site_controller.'),(39,2,'my_category',1537426724.7298,'[127.0.0.1][13][-]','warning in index_site_controller.'),(40,4,'my_category',1537450642.5501,'[127.0.0.1][4][srqdghiv7rvcqlphj2r3eh46ohkjfqe2]','info in index_site_controller.'),(41,1,'my_category',1537450642.5501,'[127.0.0.1][4][srqdghiv7rvcqlphj2r3eh46ohkjfqe2]','error in index_site_controller.'),(42,2,'my_category',1537450642.5501,'[127.0.0.1][4][srqdghiv7rvcqlphj2r3eh46ohkjfqe2]','warning in index_site_controller.'),(43,4,'my_category',1537450651.5011,'[127.0.0.1][4][srqdghiv7rvcqlphj2r3eh46ohkjfqe2]','info in index_site_controller.'),(44,1,'my_category',1537450651.5011,'[127.0.0.1][4][srqdghiv7rvcqlphj2r3eh46ohkjfqe2]','error in index_site_controller.'),(45,2,'my_category',1537450651.5011,'[127.0.0.1][4][srqdghiv7rvcqlphj2r3eh46ohkjfqe2]','warning in index_site_controller.'),(46,4,'my_category',1537451011.0824,'[127.0.0.1][4][-]','info in index_site_controller.'),(47,1,'my_category',1537451011.0824,'[127.0.0.1][4][-]','error in index_site_controller.'),(48,2,'my_category',1537451011.0824,'[127.0.0.1][4][-]','warning in index_site_controller.'),(49,4,'my_category',1537451064.9625,'[127.0.0.1][4][-]','info in index_site_controller.'),(50,1,'my_category',1537451064.9625,'[127.0.0.1][4][-]','error in index_site_controller.'),(51,2,'my_category',1537451064.9625,'[127.0.0.1][4][-]','warning in index_site_controller.'),(52,4,'my_category',1537451164.5874,'[127.0.0.1][4][-]','info in index_site_controller.'),(53,1,'my_category',1537451164.5874,'[127.0.0.1][4][-]','error in index_site_controller.'),(54,2,'my_category',1537451164.5874,'[127.0.0.1][4][-]','warning in index_site_controller.'),(55,4,'my_category',1537451184.3783,'[127.0.0.1][4][-]','info in index_site_controller.'),(56,1,'my_category',1537451184.3783,'[127.0.0.1][4][-]','error in index_site_controller.'),(57,2,'my_category',1537451184.3783,'[127.0.0.1][4][-]','warning in index_site_controller.'),(58,4,'my_category',1537452420.2252,'[127.0.0.1][4][-]','info in index_site_controller.'),(59,1,'my_category',1537452420.2252,'[127.0.0.1][4][-]','error in index_site_controller.'),(60,2,'my_category',1537452420.2252,'[127.0.0.1][4][-]','warning in index_site_controller.'),(61,4,'my_category',1537778987.6218,'[127.0.0.1][-][-]','info in index_site_controller.'),(62,1,'my_category',1537778987.6218,'[127.0.0.1][-][-]','error in index_site_controller.'),(63,2,'my_category',1537778987.6218,'[127.0.0.1][-][-]','warning in index_site_controller.'),(64,4,'my_category',1537778991.5239,'[127.0.0.1][-][-]','info in index_site_controller.'),(65,1,'my_category',1537778991.5239,'[127.0.0.1][-][-]','error in index_site_controller.'),(66,2,'my_category',1537778991.5239,'[127.0.0.1][-][-]','warning in index_site_controller.'),(67,4,'my_category',1537778992.4473,'[127.0.0.1][-][-]','info in index_site_controller.'),(68,1,'my_category',1537778992.4473,'[127.0.0.1][-][-]','error in index_site_controller.'),(69,2,'my_category',1537778992.4473,'[127.0.0.1][-][-]','warning in index_site_controller.'),(70,4,'my_category',1537778992.755,'[127.0.0.1][-][-]','info in index_site_controller.'),(71,1,'my_category',1537778992.755,'[127.0.0.1][-][-]','error in index_site_controller.'),(72,2,'my_category',1537778992.755,'[127.0.0.1][-][-]','warning in index_site_controller.'),(73,4,'my_category',1537778994.6278,'[127.0.0.1][-][-]','info in index_site_controller.'),(74,1,'my_category',1537778994.6278,'[127.0.0.1][-][-]','error in index_site_controller.'),(75,2,'my_category',1537778994.6278,'[127.0.0.1][-][-]','warning in index_site_controller.'),(76,4,'my_category',1537778995.1383,'[127.0.0.1][-][-]','info in index_site_controller.'),(77,1,'my_category',1537778995.1383,'[127.0.0.1][-][-]','error in index_site_controller.'),(78,2,'my_category',1537778995.1383,'[127.0.0.1][-][-]','warning in index_site_controller.'),(79,4,'my_category',1537779066.2434,'[127.0.0.1][-][-]','info in index_site_controller.'),(80,1,'my_category',1537779066.2434,'[127.0.0.1][-][-]','error in index_site_controller.'),(81,2,'my_category',1537779066.2434,'[127.0.0.1][-][-]','warning in index_site_controller.'),(82,4,'my_category',1537779066.3554,'[127.0.0.1][-][-]','info in index_site_controller.'),(83,1,'my_category',1537779066.3554,'[127.0.0.1][-][-]','error in index_site_controller.'),(84,2,'my_category',1537779066.3554,'[127.0.0.1][-][-]','warning in index_site_controller.'),(85,4,'my_category',1537779725.6487,'[127.0.0.1][-][-]','info in index_site_controller.'),(86,1,'my_category',1537779725.6487,'[127.0.0.1][-][-]','error in index_site_controller.'),(87,2,'my_category',1537779725.6488,'[127.0.0.1][-][-]','warning in index_site_controller.'),(88,4,'my_category',1537779725.8738,'[127.0.0.1][-][-]','info in index_site_controller.'),(89,1,'my_category',1537779725.8738,'[127.0.0.1][-][-]','error in index_site_controller.'),(90,2,'my_category',1537779725.8738,'[127.0.0.1][-][-]','warning in index_site_controller.'),(91,4,'my_category',1537781503.0349,'[127.0.0.1][-][-]','info in index_site_controller.'),(92,1,'my_category',1537781503.0349,'[127.0.0.1][-][-]','error in index_site_controller.'),(93,2,'my_category',1537781503.0349,'[127.0.0.1][-][-]','warning in index_site_controller.'),(94,4,'my_category',1537783237.9546,'[127.0.0.1][-][-]','info in index_site_controller.'),(95,1,'my_category',1537783237.9546,'[127.0.0.1][-][-]','error in index_site_controller.'),(96,2,'my_category',1537783237.9546,'[127.0.0.1][-][-]','warning in index_site_controller.'),(97,4,'my_category',1537795565.2911,'[127.0.0.1][4][-]','info in index_site_controller.'),(98,1,'my_category',1537795565.2911,'[127.0.0.1][4][-]','error in index_site_controller.'),(99,2,'my_category',1537795565.2911,'[127.0.0.1][4][-]','warning in index_site_controller.'),(100,4,'my_category',1537795575.4848,'[127.0.0.1][4][-]','info in index_site_controller.'),(101,1,'my_category',1537795575.4848,'[127.0.0.1][4][-]','error in index_site_controller.'),(102,2,'my_category',1537795575.4848,'[127.0.0.1][4][-]','warning in index_site_controller.'),(103,4,'my_category',1537795739.1008,'[127.0.0.1][4][-]','info in index_site_controller.'),(104,1,'my_category',1537795739.1008,'[127.0.0.1][4][-]','error in index_site_controller.'),(105,2,'my_category',1537795739.1008,'[127.0.0.1][4][-]','warning in index_site_controller.'),(106,4,'my_category',1537795830.5915,'[127.0.0.1][4][-]','info in index_site_controller.'),(107,1,'my_category',1537795830.5915,'[127.0.0.1][4][-]','error in index_site_controller.'),(108,2,'my_category',1537795830.5915,'[127.0.0.1][4][-]','warning in index_site_controller.'),(109,4,'my_category',1537795835.1495,'[127.0.0.1][4][-]','info in index_site_controller.'),(110,1,'my_category',1537795835.1495,'[127.0.0.1][4][-]','error in index_site_controller.'),(111,2,'my_category',1537795835.1495,'[127.0.0.1][4][-]','warning in index_site_controller.'),(112,4,'my_category',1537795836.8058,'[127.0.0.1][4][-]','info in index_site_controller.'),(113,1,'my_category',1537795836.8058,'[127.0.0.1][4][-]','error in index_site_controller.'),(114,2,'my_category',1537795836.8058,'[127.0.0.1][4][-]','warning in index_site_controller.'),(115,4,'my_category',1537795840.1673,'[127.0.0.1][4][-]','info in index_site_controller.'),(116,1,'my_category',1537795840.1673,'[127.0.0.1][4][-]','error in index_site_controller.'),(117,2,'my_category',1537795840.1673,'[127.0.0.1][4][-]','warning in index_site_controller.'),(118,4,'my_category',1537795841.27,'[127.0.0.1][4][-]','info in index_site_controller.'),(119,1,'my_category',1537795841.27,'[127.0.0.1][4][-]','error in index_site_controller.'),(120,2,'my_category',1537795841.27,'[127.0.0.1][4][-]','warning in index_site_controller.'),(121,4,'my_category',1537795841.4302,'[127.0.0.1][4][-]','info in index_site_controller.'),(122,1,'my_category',1537795841.4302,'[127.0.0.1][4][-]','error in index_site_controller.'),(123,2,'my_category',1537795841.4302,'[127.0.0.1][4][-]','warning in index_site_controller.'),(124,4,'my_category',1537795842.3716,'[127.0.0.1][4][-]','info in index_site_controller.'),(125,1,'my_category',1537795842.3716,'[127.0.0.1][4][-]','error in index_site_controller.'),(126,2,'my_category',1537795842.3716,'[127.0.0.1][4][-]','warning in index_site_controller.'),(127,4,'my_category',1537796055.8423,'[127.0.0.1][-][-]','info in index_site_controller.'),(128,1,'my_category',1537796055.8423,'[127.0.0.1][-][-]','error in index_site_controller.'),(129,2,'my_category',1537796055.8423,'[127.0.0.1][-][-]','warning in index_site_controller.'),(130,4,'my_category',1537796062.4262,'[127.0.0.1][4][-]','info in index_site_controller.'),(131,1,'my_category',1537796062.4262,'[127.0.0.1][4][-]','error in index_site_controller.'),(132,2,'my_category',1537796062.4262,'[127.0.0.1][4][-]','warning in index_site_controller.'),(133,4,'my_category',1537796858.2771,'[127.0.0.1][4][-]','info in index_site_controller.'),(134,1,'my_category',1537796858.2771,'[127.0.0.1][4][-]','error in index_site_controller.'),(135,2,'my_category',1537796858.2771,'[127.0.0.1][4][-]','warning in index_site_controller.'),(136,4,'my_category',1537796866.6852,'[127.0.0.1][4][-]','info in index_site_controller.'),(137,1,'my_category',1537796866.6853,'[127.0.0.1][4][-]','error in index_site_controller.'),(138,2,'my_category',1537796866.6853,'[127.0.0.1][4][-]','warning in index_site_controller.'),(139,4,'my_category',1537796957.4595,'[127.0.0.1][4][-]','info in index_site_controller.'),(140,1,'my_category',1537796957.4595,'[127.0.0.1][4][-]','error in index_site_controller.'),(141,2,'my_category',1537796957.4595,'[127.0.0.1][4][-]','warning in index_site_controller.'),(142,4,'my_category',1537798182.0951,'[127.0.0.1][-][-]','info in index_site_controller.'),(143,1,'my_category',1537798182.0952,'[127.0.0.1][-][-]','error in index_site_controller.'),(144,2,'my_category',1537798182.0952,'[127.0.0.1][-][-]','warning in index_site_controller.'),(145,4,'my_category',1537798421.3848,'[127.0.0.1][-][-]','info in index_site_controller.'),(146,1,'my_category',1537798421.3848,'[127.0.0.1][-][-]','error in index_site_controller.'),(147,2,'my_category',1537798421.3848,'[127.0.0.1][-][-]','warning in index_site_controller.'),(148,4,'my_category',1537799278.9063,'[127.0.0.1][4][-]','info in index_site_controller.'),(149,1,'my_category',1537799278.9063,'[127.0.0.1][4][-]','error in index_site_controller.'),(150,2,'my_category',1537799278.9063,'[127.0.0.1][4][-]','warning in index_site_controller.'),(151,4,'my_category',1537868102.862,'[127.0.0.1][-][-]','info in index_site_controller.'),(152,1,'my_category',1537868102.862,'[127.0.0.1][-][-]','error in index_site_controller.'),(153,2,'my_category',1537868102.862,'[127.0.0.1][-][-]','warning in index_site_controller.'),(154,4,'my_category',1537868390.852,'[127.0.0.1][4][-]','info in index_site_controller.'),(155,1,'my_category',1537868390.852,'[127.0.0.1][4][-]','error in index_site_controller.'),(156,2,'my_category',1537868390.852,'[127.0.0.1][4][-]','warning in index_site_controller.'),(157,4,'my_category',1537869223.9615,'[127.0.0.1][-][-]','info in index_site_controller.'),(158,1,'my_category',1537869223.9615,'[127.0.0.1][-][-]','error in index_site_controller.'),(159,2,'my_category',1537869223.9615,'[127.0.0.1][-][-]','warning in index_site_controller.'),(160,4,'my_category',1537869249.5579,'[127.0.0.1][4][-]','info in index_site_controller.'),(161,1,'my_category',1537869249.5579,'[127.0.0.1][4][-]','error in index_site_controller.'),(162,2,'my_category',1537869249.5579,'[127.0.0.1][4][-]','warning in index_site_controller.'),(163,4,'my_category',1537869881.243,'[127.0.0.1][4][-]','info in index_site_controller.'),(164,1,'my_category',1537869881.2431,'[127.0.0.1][4][-]','error in index_site_controller.'),(165,2,'my_category',1537869881.2431,'[127.0.0.1][4][-]','warning in index_site_controller.'),(166,4,'my_category',1537869886.8199,'[127.0.0.1][4][-]','info in index_site_controller.'),(167,1,'my_category',1537869886.8199,'[127.0.0.1][4][-]','error in index_site_controller.'),(168,2,'my_category',1537869886.8199,'[127.0.0.1][4][-]','warning in index_site_controller.'),(169,4,'my_category',1537869898.6331,'[127.0.0.1][4][-]','info in index_site_controller.'),(170,1,'my_category',1537869898.6331,'[127.0.0.1][4][-]','error in index_site_controller.'),(171,2,'my_category',1537869898.6331,'[127.0.0.1][4][-]','warning in index_site_controller.'),(172,4,'my_category',1537870553.0071,'[127.0.0.1][4][-]','info in index_site_controller.'),(173,1,'my_category',1537870553.0072,'[127.0.0.1][4][-]','error in index_site_controller.'),(174,2,'my_category',1537870553.0072,'[127.0.0.1][4][-]','warning in index_site_controller.'),(175,4,'my_category',1537870557.374,'[127.0.0.1][4][-]','info in index_site_controller.'),(176,1,'my_category',1537870557.374,'[127.0.0.1][4][-]','error in index_site_controller.'),(177,2,'my_category',1537870557.374,'[127.0.0.1][4][-]','warning in index_site_controller.'),(178,4,'my_category',1537870928.4223,'[127.0.0.1][4][-]','info in index_site_controller.'),(179,1,'my_category',1537870928.4223,'[127.0.0.1][4][-]','error in index_site_controller.'),(180,2,'my_category',1537870928.4223,'[127.0.0.1][4][-]','warning in index_site_controller.'),(181,4,'my_category',1537870930.8306,'[127.0.0.1][4][-]','info in index_site_controller.'),(182,1,'my_category',1537870930.8306,'[127.0.0.1][4][-]','error in index_site_controller.'),(183,2,'my_category',1537870930.8306,'[127.0.0.1][4][-]','warning in index_site_controller.'),(184,4,'my_category',1537870931.8264,'[127.0.0.1][4][-]','info in index_site_controller.'),(185,1,'my_category',1537870931.8264,'[127.0.0.1][4][-]','error in index_site_controller.'),(186,2,'my_category',1537870931.8264,'[127.0.0.1][4][-]','warning in index_site_controller.'),(187,4,'my_category',1537871050.4745,'[127.0.0.1][4][-]','info in index_site_controller.'),(188,1,'my_category',1537871050.4746,'[127.0.0.1][4][-]','error in index_site_controller.'),(189,2,'my_category',1537871050.4746,'[127.0.0.1][4][-]','warning in index_site_controller.'),(190,4,'my_category',1537871051.6717,'[127.0.0.1][4][-]','info in index_site_controller.'),(191,1,'my_category',1537871051.6717,'[127.0.0.1][4][-]','error in index_site_controller.'),(192,2,'my_category',1537871051.6717,'[127.0.0.1][4][-]','warning in index_site_controller.'),(193,4,'my_category',1537871052.8742,'[127.0.0.1][4][-]','info in index_site_controller.'),(194,1,'my_category',1537871052.8742,'[127.0.0.1][4][-]','error in index_site_controller.'),(195,2,'my_category',1537871052.8742,'[127.0.0.1][4][-]','warning in index_site_controller.'),(196,4,'my_category',1537871053.85,'[127.0.0.1][4][-]','info in index_site_controller.'),(197,1,'my_category',1537871053.85,'[127.0.0.1][4][-]','error in index_site_controller.'),(198,2,'my_category',1537871053.85,'[127.0.0.1][4][-]','warning in index_site_controller.'),(199,4,'my_category',1537871054.6914,'[127.0.0.1][4][-]','info in index_site_controller.'),(200,1,'my_category',1537871054.6914,'[127.0.0.1][4][-]','error in index_site_controller.'),(201,2,'my_category',1537871054.6914,'[127.0.0.1][4][-]','warning in index_site_controller.'),(202,4,'my_category',1537871090.914,'[127.0.0.1][4][-]','info in index_site_controller.'),(203,1,'my_category',1537871090.9141,'[127.0.0.1][4][-]','error in index_site_controller.'),(204,2,'my_category',1537871090.9141,'[127.0.0.1][4][-]','warning in index_site_controller.'),(205,4,'my_category',1537871276.3829,'[127.0.0.1][4][h272v96295sjho1d5rjv8npbmile5laq]','info in index_site_controller.'),(206,1,'my_category',1537871276.3829,'[127.0.0.1][4][h272v96295sjho1d5rjv8npbmile5laq]','error in index_site_controller.'),(207,2,'my_category',1537871276.383,'[127.0.0.1][4][h272v96295sjho1d5rjv8npbmile5laq]','warning in index_site_controller.'),(208,4,'my_category',1537871350.7729,'[127.0.0.1][4][h272v96295sjho1d5rjv8npbmile5laq]','info in index_site_controller.'),(209,1,'my_category',1537871350.7729,'[127.0.0.1][4][h272v96295sjho1d5rjv8npbmile5laq]','error in index_site_controller.'),(210,2,'my_category',1537871350.7729,'[127.0.0.1][4][h272v96295sjho1d5rjv8npbmile5laq]','warning in index_site_controller.'),(211,4,'my_category',1537871369.3066,'[127.0.0.1][4][h272v96295sjho1d5rjv8npbmile5laq]','info in index_site_controller.'),(212,1,'my_category',1537871369.3066,'[127.0.0.1][4][h272v96295sjho1d5rjv8npbmile5laq]','error in index_site_controller.'),(213,2,'my_category',1537871369.3066,'[127.0.0.1][4][h272v96295sjho1d5rjv8npbmile5laq]','warning in index_site_controller.'),(214,4,'my_category',1537871606.2819,'[127.0.0.1][4][h272v96295sjho1d5rjv8npbmile5laq]','info in index_site_controller.'),(215,1,'my_category',1537871606.2819,'[127.0.0.1][4][h272v96295sjho1d5rjv8npbmile5laq]','error in index_site_controller.'),(216,2,'my_category',1537871606.2819,'[127.0.0.1][4][h272v96295sjho1d5rjv8npbmile5laq]','warning in index_site_controller.'),(217,4,'my_category',1537871817.648,'[127.0.0.1][4][h272v96295sjho1d5rjv8npbmile5laq]','info in index_site_controller.'),(218,1,'my_category',1537871817.6481,'[127.0.0.1][4][h272v96295sjho1d5rjv8npbmile5laq]','error in index_site_controller.'),(219,2,'my_category',1537871817.6481,'[127.0.0.1][4][h272v96295sjho1d5rjv8npbmile5laq]','warning in index_site_controller.'),(220,4,'my_category',1537872031.7492,'[127.0.0.1][4][-]','info in index_site_controller.'),(221,1,'my_category',1537872031.7492,'[127.0.0.1][4][-]','error in index_site_controller.'),(222,2,'my_category',1537872031.7492,'[127.0.0.1][4][-]','warning in index_site_controller.'),(223,4,'my_category',1537872035.9372,'[127.0.0.1][4][h272v96295sjho1d5rjv8npbmile5laq]','info in index_site_controller.'),(224,1,'my_category',1537872035.9372,'[127.0.0.1][4][h272v96295sjho1d5rjv8npbmile5laq]','error in index_site_controller.'),(225,2,'my_category',1537872035.9372,'[127.0.0.1][4][h272v96295sjho1d5rjv8npbmile5laq]','warning in index_site_controller.'),(226,4,'my_category',1537872074.6789,'[127.0.0.1][4][h272v96295sjho1d5rjv8npbmile5laq]','info in index_site_controller.'),(227,1,'my_category',1537872074.6789,'[127.0.0.1][4][h272v96295sjho1d5rjv8npbmile5laq]','error in index_site_controller.'),(228,2,'my_category',1537872074.679,'[127.0.0.1][4][h272v96295sjho1d5rjv8npbmile5laq]','warning in index_site_controller.'),(229,4,'my_category',1537872161.8381,'[127.0.0.1][4][h272v96295sjho1d5rjv8npbmile5laq]','info in index_site_controller.'),(230,1,'my_category',1537872161.8381,'[127.0.0.1][4][h272v96295sjho1d5rjv8npbmile5laq]','error in index_site_controller.'),(231,2,'my_category',1537872161.8381,'[127.0.0.1][4][h272v96295sjho1d5rjv8npbmile5laq]','warning in index_site_controller.'),(232,4,'my_category',1537872272.082,'[127.0.0.1][4][h272v96295sjho1d5rjv8npbmile5laq]','info in index_site_controller.'),(233,1,'my_category',1537872272.082,'[127.0.0.1][4][h272v96295sjho1d5rjv8npbmile5laq]','error in index_site_controller.'),(234,2,'my_category',1537872272.082,'[127.0.0.1][4][h272v96295sjho1d5rjv8npbmile5laq]','warning in index_site_controller.'),(235,4,'my_category',1537872273.8064,'[127.0.0.1][4][h272v96295sjho1d5rjv8npbmile5laq]','info in index_site_controller.'),(236,1,'my_category',1537872273.8064,'[127.0.0.1][4][h272v96295sjho1d5rjv8npbmile5laq]','error in index_site_controller.'),(237,2,'my_category',1537872273.8064,'[127.0.0.1][4][h272v96295sjho1d5rjv8npbmile5laq]','warning in index_site_controller.'),(238,4,'my_category',1537872326.2875,'[127.0.0.1][4][h272v96295sjho1d5rjv8npbmile5laq]','info in index_site_controller.'),(239,1,'my_category',1537872326.2875,'[127.0.0.1][4][h272v96295sjho1d5rjv8npbmile5laq]','error in index_site_controller.'),(240,2,'my_category',1537872326.2875,'[127.0.0.1][4][h272v96295sjho1d5rjv8npbmile5laq]','warning in index_site_controller.'),(241,4,'my_category',1537872605.5748,'[127.0.0.1][4][h272v96295sjho1d5rjv8npbmile5laq]','info in index_site_controller.'),(242,1,'my_category',1537872605.5748,'[127.0.0.1][4][h272v96295sjho1d5rjv8npbmile5laq]','error in index_site_controller.'),(243,2,'my_category',1537872605.5748,'[127.0.0.1][4][h272v96295sjho1d5rjv8npbmile5laq]','warning in index_site_controller.'),(244,4,'my_category',1537872607.8043,'[127.0.0.1][4][h272v96295sjho1d5rjv8npbmile5laq]','info in index_site_controller.'),(245,1,'my_category',1537872607.8043,'[127.0.0.1][4][h272v96295sjho1d5rjv8npbmile5laq]','error in index_site_controller.'),(246,2,'my_category',1537872607.8043,'[127.0.0.1][4][h272v96295sjho1d5rjv8npbmile5laq]','warning in index_site_controller.'),(247,4,'my_category',1537872748.3143,'[127.0.0.1][4][h272v96295sjho1d5rjv8npbmile5laq]','info in index_site_controller.'),(248,1,'my_category',1537872748.3143,'[127.0.0.1][4][h272v96295sjho1d5rjv8npbmile5laq]','error in index_site_controller.'),(249,2,'my_category',1537872748.3143,'[127.0.0.1][4][h272v96295sjho1d5rjv8npbmile5laq]','warning in index_site_controller.'),(250,4,'my_category',1537872750.0105,'[127.0.0.1][4][h272v96295sjho1d5rjv8npbmile5laq]','info in index_site_controller.'),(251,1,'my_category',1537872750.0105,'[127.0.0.1][4][h272v96295sjho1d5rjv8npbmile5laq]','error in index_site_controller.'),(252,2,'my_category',1537872750.0105,'[127.0.0.1][4][h272v96295sjho1d5rjv8npbmile5laq]','warning in index_site_controller.'),(253,4,'my_category',1537873050.1651,'[127.0.0.1][4][-]','info in index_site_controller.'),(254,1,'my_category',1537873050.1651,'[127.0.0.1][4][-]','error in index_site_controller.'),(255,2,'my_category',1537873050.1651,'[127.0.0.1][4][-]','warning in index_site_controller.'),(256,4,'my_category',1537873054.1343,'[127.0.0.1][4][h272v96295sjho1d5rjv8npbmile5laq]','info in index_site_controller.'),(257,1,'my_category',1537873054.1343,'[127.0.0.1][4][h272v96295sjho1d5rjv8npbmile5laq]','error in index_site_controller.'),(258,2,'my_category',1537873054.1343,'[127.0.0.1][4][h272v96295sjho1d5rjv8npbmile5laq]','warning in index_site_controller.'),(259,4,'my_category',1537873082.1858,'[127.0.0.1][4][h272v96295sjho1d5rjv8npbmile5laq]','info in index_site_controller.'),(260,1,'my_category',1537873082.1858,'[127.0.0.1][4][h272v96295sjho1d5rjv8npbmile5laq]','error in index_site_controller.'),(261,2,'my_category',1537873082.1858,'[127.0.0.1][4][h272v96295sjho1d5rjv8npbmile5laq]','warning in index_site_controller.'),(262,4,'my_category',1537873468.762,'[127.0.0.1][4][h272v96295sjho1d5rjv8npbmile5laq]','info in index_site_controller.'),(263,1,'my_category',1537873468.762,'[127.0.0.1][4][h272v96295sjho1d5rjv8npbmile5laq]','error in index_site_controller.'),(264,2,'my_category',1537873468.762,'[127.0.0.1][4][h272v96295sjho1d5rjv8npbmile5laq]','warning in index_site_controller.'),(265,4,'my_category',1537883913.9944,'[127.0.0.1][4][-]','info in index_site_controller.'),(266,1,'my_category',1537883913.9944,'[127.0.0.1][4][-]','error in index_site_controller.'),(267,2,'my_category',1537883913.9944,'[127.0.0.1][4][-]','warning in index_site_controller.'),(268,4,'my_category',1537883930.0444,'[127.0.0.1][-][-]','info in index_site_controller.'),(269,1,'my_category',1537883930.0444,'[127.0.0.1][-][-]','error in index_site_controller.'),(270,2,'my_category',1537883930.0444,'[127.0.0.1][-][-]','warning in index_site_controller.'),(271,4,'my_category',1537884605.3696,'[127.0.0.1][4][-]','info in index_site_controller.'),(272,1,'my_category',1537884605.3696,'[127.0.0.1][4][-]','error in index_site_controller.'),(273,2,'my_category',1537884605.3696,'[127.0.0.1][4][-]','warning in index_site_controller.'),(274,4,'my_category',1537946679.5241,'[127.0.0.1][-][-]','info in index_site_controller.'),(275,1,'my_category',1537946679.5241,'[127.0.0.1][-][-]','error in index_site_controller.'),(276,2,'my_category',1537946679.5241,'[127.0.0.1][-][-]','warning in index_site_controller.'),(277,4,'my_category',1537946699.4089,'[127.0.0.1][1][-]','info in index_site_controller.'),(278,1,'my_category',1537946699.4089,'[127.0.0.1][1][-]','error in index_site_controller.'),(279,2,'my_category',1537946699.4089,'[127.0.0.1][1][-]','warning in index_site_controller.'),(280,4,'my_category',1537946753.4087,'[127.0.0.1][-][-]','info in index_site_controller.'),(281,1,'my_category',1537946753.4087,'[127.0.0.1][-][-]','error in index_site_controller.'),(282,2,'my_category',1537946753.4087,'[127.0.0.1][-][-]','warning in index_site_controller.'),(283,4,'my_category',1537946759.7579,'[127.0.0.1][4][-]','info in index_site_controller.'),(284,1,'my_category',1537946759.7579,'[127.0.0.1][4][-]','error in index_site_controller.'),(285,2,'my_category',1537946759.7579,'[127.0.0.1][4][-]','warning in index_site_controller.'),(286,4,'my_category',1537946786.0419,'[127.0.0.1][-][-]','info in index_site_controller.'),(287,1,'my_category',1537946786.0419,'[127.0.0.1][-][-]','error in index_site_controller.'),(288,2,'my_category',1537946786.0419,'[127.0.0.1][-][-]','warning in index_site_controller.'),(289,4,'my_category',1537946796.5683,'[127.0.0.1][1][-]','info in index_site_controller.'),(290,1,'my_category',1537946796.5683,'[127.0.0.1][1][-]','error in index_site_controller.'),(291,2,'my_category',1537946796.5683,'[127.0.0.1][1][-]','warning in index_site_controller.'),(292,4,'my_category',1537947266.1853,'[127.0.0.1][-][-]','info in index_site_controller.'),(293,1,'my_category',1537947266.1853,'[127.0.0.1][-][-]','error in index_site_controller.'),(294,2,'my_category',1537947266.1853,'[127.0.0.1][-][-]','warning in index_site_controller.'),(295,4,'my_category',1537947270.5157,'[127.0.0.1][4][-]','info in index_site_controller.'),(296,1,'my_category',1537947270.5157,'[127.0.0.1][4][-]','error in index_site_controller.'),(297,2,'my_category',1537947270.5157,'[127.0.0.1][4][-]','warning in index_site_controller.'),(298,4,'my_category',1538032499.6886,'[127.0.0.1][-][-]','info in index_site_controller.'),(299,1,'my_category',1538032499.6887,'[127.0.0.1][-][-]','error in index_site_controller.'),(300,2,'my_category',1538032499.6887,'[127.0.0.1][-][-]','warning in index_site_controller.'),(301,4,'my_category',1538118557.947,'[127.0.0.1][-][-]','info in index_site_controller.'),(302,1,'my_category',1538118557.947,'[127.0.0.1][-][-]','error in index_site_controller.'),(303,2,'my_category',1538118557.947,'[127.0.0.1][-][-]','warning in index_site_controller.'),(304,4,'my_category',1538118586.7642,'[127.0.0.1][4][-]','info in index_site_controller.'),(305,1,'my_category',1538118586.7642,'[127.0.0.1][4][-]','error in index_site_controller.'),(306,2,'my_category',1538118586.7642,'[127.0.0.1][4][-]','warning in index_site_controller.'),(307,4,'my_category',1538136721.4617,'[127.0.0.1][4][-]','info in index_site_controller.'),(308,1,'my_category',1538136721.4617,'[127.0.0.1][4][-]','error in index_site_controller.'),(309,2,'my_category',1538136721.4617,'[127.0.0.1][4][-]','warning in index_site_controller.'),(310,4,'my_category',1538136724.8067,'[127.0.0.1][4][-]','info in index_site_controller.'),(311,1,'my_category',1538136724.8067,'[127.0.0.1][4][-]','error in index_site_controller.'),(312,2,'my_category',1538136724.8067,'[127.0.0.1][4][-]','warning in index_site_controller.'),(313,4,'my_category',1538138135.533,'[127.0.0.1][-][-]','info in index_site_controller.'),(314,1,'my_category',1538138135.533,'[127.0.0.1][-][-]','error in index_site_controller.'),(315,2,'my_category',1538138135.533,'[127.0.0.1][-][-]','warning in index_site_controller.'),(316,4,'my_category',1538138387.5885,'[127.0.0.1][4][-]','info in index_site_controller.'),(317,1,'my_category',1538138387.5886,'[127.0.0.1][4][-]','error in index_site_controller.'),(318,2,'my_category',1538138387.5886,'[127.0.0.1][4][-]','warning in index_site_controller.'),(319,4,'my_category',1538140985.1034,'[127.0.0.1][-][-]','info in index_site_controller.'),(320,1,'my_category',1538140985.1034,'[127.0.0.1][-][-]','error in index_site_controller.'),(321,2,'my_category',1538140985.1034,'[127.0.0.1][-][-]','warning in index_site_controller.'),(322,4,'my_category',1538141201.9145,'[127.0.0.1][4][-]','info in index_site_controller.'),(323,1,'my_category',1538141201.9145,'[127.0.0.1][4][-]','error in index_site_controller.'),(324,2,'my_category',1538141201.9145,'[127.0.0.1][4][-]','warning in index_site_controller.'),(325,4,'my_category',1538141207.4623,'[127.0.0.1][-][-]','info in index_site_controller.'),(326,1,'my_category',1538141207.4623,'[127.0.0.1][-][-]','error in index_site_controller.'),(327,2,'my_category',1538141207.4623,'[127.0.0.1][-][-]','warning in index_site_controller.'),(328,4,'my_category',1538142375.767,'[127.0.0.1][-][-]','info in index_site_controller.'),(329,1,'my_category',1538142375.767,'[127.0.0.1][-][-]','error in index_site_controller.'),(330,2,'my_category',1538142375.767,'[127.0.0.1][-][-]','warning in index_site_controller.'),(331,4,'my_category',1538144587.5303,'[127.0.0.1][4][-]','info in index_site_controller.'),(332,1,'my_category',1538144587.5303,'[127.0.0.1][4][-]','error in index_site_controller.'),(333,2,'my_category',1538144587.5303,'[127.0.0.1][4][-]','warning in index_site_controller.'),(334,4,'my_category',1538144639.5168,'[127.0.0.1][4][-]','info in index_site_controller.'),(335,1,'my_category',1538144639.5168,'[127.0.0.1][4][-]','error in index_site_controller.'),(336,2,'my_category',1538144639.5168,'[127.0.0.1][4][-]','warning in index_site_controller.'),(337,4,'my_category',1538144639.9704,'[127.0.0.1][4][-]','info in index_site_controller.'),(338,1,'my_category',1538144639.9704,'[127.0.0.1][4][-]','error in index_site_controller.'),(339,2,'my_category',1538144639.9704,'[127.0.0.1][4][-]','warning in index_site_controller.'),(340,4,'my_category',1538145317.5751,'[127.0.0.1][-][-]','info in index_site_controller.'),(341,1,'my_category',1538145317.5751,'[127.0.0.1][-][-]','error in index_site_controller.'),(342,2,'my_category',1538145317.5751,'[127.0.0.1][-][-]','warning in index_site_controller.'),(343,4,'my_category',1538146666.6114,'[127.0.0.1][-][-]','info in index_site_controller.'),(344,1,'my_category',1538146666.6114,'[127.0.0.1][-][-]','error in index_site_controller.'),(345,2,'my_category',1538146666.6114,'[127.0.0.1][-][-]','warning in index_site_controller.'),(346,4,'my_category',1538147217.1706,'[127.0.0.1][4][-]','info in index_site_controller.'),(347,1,'my_category',1538147217.1706,'[127.0.0.1][4][-]','error in index_site_controller.'),(348,2,'my_category',1538147217.1706,'[127.0.0.1][4][-]','warning in index_site_controller.'),(349,4,'my_category',1538147439.5459,'[127.0.0.1][4][-]','info in index_site_controller.'),(350,1,'my_category',1538147439.5459,'[127.0.0.1][4][-]','error in index_site_controller.'),(351,2,'my_category',1538147439.5459,'[127.0.0.1][4][-]','warning in index_site_controller.'),(352,4,'my_category',1538148221.7567,'[127.0.0.1][-][-]','info in index_site_controller.'),(353,1,'my_category',1538148221.7567,'[127.0.0.1][-][-]','error in index_site_controller.'),(354,2,'my_category',1538148221.7567,'[127.0.0.1][-][-]','warning in index_site_controller.'),(355,4,'my_category',1538377418.5363,'[127.0.0.1][-][-]','info in index_site_controller.'),(356,1,'my_category',1538377418.5364,'[127.0.0.1][-][-]','error in index_site_controller.'),(357,2,'my_category',1538377418.5364,'[127.0.0.1][-][-]','warning in index_site_controller.'),(358,4,'my_category',1538377622.6139,'[127.0.0.1][-][-]','info in index_site_controller.'),(359,1,'my_category',1538377622.6139,'[127.0.0.1][-][-]','error in index_site_controller.'),(360,2,'my_category',1538377622.6139,'[127.0.0.1][-][-]','warning in index_site_controller.'),(361,4,'my_category',1538377622.7646,'[127.0.0.1][-][-]','info in index_site_controller.'),(362,1,'my_category',1538377622.7646,'[127.0.0.1][-][-]','error in index_site_controller.'),(363,2,'my_category',1538377622.7646,'[127.0.0.1][-][-]','warning in index_site_controller.'),(364,4,'my_category',1538403573.8834,'[127.0.0.1][4][-]','info in index_site_controller.'),(365,1,'my_category',1538403573.8834,'[127.0.0.1][4][-]','error in index_site_controller.'),(366,2,'my_category',1538403573.8834,'[127.0.0.1][4][-]','warning in index_site_controller.'),(367,4,'my_category',1538467453.971,'[127.0.0.1][-][-]','info in index_site_controller.'),(368,1,'my_category',1538467453.971,'[127.0.0.1][-][-]','error in index_site_controller.'),(369,2,'my_category',1538467453.971,'[127.0.0.1][-][-]','warning in index_site_controller.'),(370,4,'my_category',1538469340.2654,'[127.0.0.1][4][hu75pck35b5lj789m43rqmkv0034ok27]','info in index_site_controller.'),(371,1,'my_category',1538469340.2654,'[127.0.0.1][4][hu75pck35b5lj789m43rqmkv0034ok27]','error in index_site_controller.'),(372,2,'my_category',1538469340.2654,'[127.0.0.1][4][hu75pck35b5lj789m43rqmkv0034ok27]','warning in index_site_controller.'),(373,4,'my_category',1538481992.3128,'[127.0.0.1][4][-]','info in index_site_controller.'),(374,1,'my_category',1538481992.3128,'[127.0.0.1][4][-]','error in index_site_controller.'),(375,2,'my_category',1538481992.3128,'[127.0.0.1][4][-]','warning in index_site_controller.'),(376,4,'my_category',1538484472.3226,'[127.0.0.1][-][-]','info in index_site_controller.'),(377,1,'my_category',1538484472.3226,'[127.0.0.1][-][-]','error in index_site_controller.'),(378,2,'my_category',1538484472.3226,'[127.0.0.1][-][-]','warning in index_site_controller.'),(379,4,'my_category',1538484475.8974,'[127.0.0.1][-][-]','info in index_site_controller.'),(380,1,'my_category',1538484475.8974,'[127.0.0.1][-][-]','error in index_site_controller.'),(381,2,'my_category',1538484475.8974,'[127.0.0.1][-][-]','warning in index_site_controller.'),(382,4,'my_category',1538484486.019,'[127.0.0.1][4][-]','info in index_site_controller.'),(383,1,'my_category',1538484486.019,'[127.0.0.1][4][-]','error in index_site_controller.'),(384,2,'my_category',1538484486.019,'[127.0.0.1][4][-]','warning in index_site_controller.'),(385,4,'my_category',1538484499.3656,'[127.0.0.1][4][-]','info in index_site_controller.'),(386,1,'my_category',1538484499.3656,'[127.0.0.1][4][-]','error in index_site_controller.'),(387,2,'my_category',1538484499.3656,'[127.0.0.1][4][-]','warning in index_site_controller.'),(388,4,'my_category',1538484600.7983,'[127.0.0.1][4][-]','info in index_site_controller.'),(389,1,'my_category',1538484600.7983,'[127.0.0.1][4][-]','error in index_site_controller.'),(390,2,'my_category',1538484600.7983,'[127.0.0.1][4][-]','warning in index_site_controller.'),(391,4,'my_category',1538484602.3976,'[127.0.0.1][4][-]','info in index_site_controller.'),(392,1,'my_category',1538484602.3976,'[127.0.0.1][4][-]','error in index_site_controller.'),(393,2,'my_category',1538484602.3976,'[127.0.0.1][4][-]','warning in index_site_controller.'),(394,4,'my_category',1538484608.8253,'[127.0.0.1][-][-]','info in index_site_controller.'),(395,1,'my_category',1538484608.8253,'[127.0.0.1][-][-]','error in index_site_controller.'),(396,2,'my_category',1538484608.8253,'[127.0.0.1][-][-]','warning in index_site_controller.'),(397,4,'my_category',1538484613.3634,'[127.0.0.1][4][-]','info in index_site_controller.'),(398,1,'my_category',1538484613.3634,'[127.0.0.1][4][-]','error in index_site_controller.'),(399,2,'my_category',1538484613.3634,'[127.0.0.1][4][-]','warning in index_site_controller.'),(400,4,'my_category',1538484614.9525,'[127.0.0.1][-][-]','info in index_site_controller.'),(401,1,'my_category',1538484614.9525,'[127.0.0.1][-][-]','error in index_site_controller.'),(402,2,'my_category',1538484614.9525,'[127.0.0.1][-][-]','warning in index_site_controller.'),(403,4,'my_category',1538485209.7391,'[127.0.0.1][-][-]','info in index_site_controller.'),(404,1,'my_category',1538485209.7391,'[127.0.0.1][-][-]','error in index_site_controller.'),(405,2,'my_category',1538485209.7391,'[127.0.0.1][-][-]','warning in index_site_controller.'),(406,4,'my_category',1538488764.3632,'[127.0.0.1][4][-]','info in index_site_controller.'),(407,1,'my_category',1538488764.3632,'[127.0.0.1][4][-]','error in index_site_controller.'),(408,2,'my_category',1538488764.3632,'[127.0.0.1][4][-]','warning in index_site_controller.'),(409,4,'my_category',1538488797.5059,'[127.0.0.1][4][-]','info in index_site_controller.'),(410,1,'my_category',1538488797.5059,'[127.0.0.1][4][-]','error in index_site_controller.'),(411,2,'my_category',1538488797.5059,'[127.0.0.1][4][-]','warning in index_site_controller.'),(412,4,'my_category',1538552318.7523,'[127.0.0.1][4][-]','info in index_site_controller.'),(413,1,'my_category',1538552318.7523,'[127.0.0.1][4][-]','error in index_site_controller.'),(414,2,'my_category',1538552318.7523,'[127.0.0.1][4][-]','warning in index_site_controller.'),(415,4,'my_category',1538553122.2278,'[127.0.0.1][-][-]','info in index_site_controller.'),(416,1,'my_category',1538553122.2278,'[127.0.0.1][-][-]','error in index_site_controller.'),(417,2,'my_category',1538553122.2278,'[127.0.0.1][-][-]','warning in index_site_controller.'),(418,4,'my_category',1538554680.6644,'[127.0.0.1][-][-]','info in index_site_controller.'),(419,1,'my_category',1538554680.6645,'[127.0.0.1][-][-]','error in index_site_controller.'),(420,2,'my_category',1538554680.6645,'[127.0.0.1][-][-]','warning in index_site_controller.'),(421,4,'my_category',1538554695.9322,'[127.0.0.1][3][-]','info in index_site_controller.'),(422,1,'my_category',1538554695.9322,'[127.0.0.1][3][-]','error in index_site_controller.'),(423,2,'my_category',1538554695.9322,'[127.0.0.1][3][-]','warning in index_site_controller.'),(424,4,'my_category',1538555161.1863,'[127.0.0.1][-][-]','info in index_site_controller.'),(425,1,'my_category',1538555161.1863,'[127.0.0.1][-][-]','error in index_site_controller.'),(426,2,'my_category',1538555161.1863,'[127.0.0.1][-][-]','warning in index_site_controller.'),(427,4,'my_category',1538555181.6909,'[127.0.0.1][4][-]','info in index_site_controller.'),(428,1,'my_category',1538555181.6909,'[127.0.0.1][4][-]','error in index_site_controller.'),(429,2,'my_category',1538555181.6909,'[127.0.0.1][4][-]','warning in index_site_controller.'),(430,4,'my_category',1538559312.5884,'[127.0.0.1][-][-]','info in index_site_controller.'),(431,1,'my_category',1538559312.5884,'[127.0.0.1][-][-]','error in index_site_controller.'),(432,2,'my_category',1538559312.5884,'[127.0.0.1][-][-]','warning in index_site_controller.'),(433,4,'my_category',1538559315.5813,'[127.0.0.1][4][-]','info in index_site_controller.'),(434,1,'my_category',1538559315.5813,'[127.0.0.1][4][-]','error in index_site_controller.'),(435,2,'my_category',1538559315.5813,'[127.0.0.1][4][-]','warning in index_site_controller.'),(436,4,'my_category',1538559757.5977,'[127.0.0.1][-][-]','info in index_site_controller.'),(437,1,'my_category',1538559757.5977,'[127.0.0.1][-][-]','error in index_site_controller.'),(438,2,'my_category',1538559757.5977,'[127.0.0.1][-][-]','warning in index_site_controller.'),(439,4,'my_category',1538559846.8891,'[127.0.0.1][3][-]','info in index_site_controller.'),(440,1,'my_category',1538559846.8891,'[127.0.0.1][3][-]','error in index_site_controller.'),(441,2,'my_category',1538559846.8891,'[127.0.0.1][3][-]','warning in index_site_controller.'),(442,4,'my_category',1538560890.7434,'[127.0.0.1][-][-]','info in index_site_controller.'),(443,1,'my_category',1538560890.7434,'[127.0.0.1][-][-]','error in index_site_controller.'),(444,2,'my_category',1538560890.7434,'[127.0.0.1][-][-]','warning in index_site_controller.'),(445,4,'my_category',1538564933.6125,'[127.0.0.1][4][-]','info in index_site_controller.'),(446,1,'my_category',1538564933.6125,'[127.0.0.1][4][-]','error in index_site_controller.'),(447,2,'my_category',1538564933.6125,'[127.0.0.1][4][-]','warning in index_site_controller.'),(448,4,'my_category',1538571390.3983,'[127.0.0.1][-][-]','info in index_site_controller.'),(449,1,'my_category',1538571390.3983,'[127.0.0.1][-][-]','error in index_site_controller.'),(450,2,'my_category',1538571390.3983,'[127.0.0.1][-][-]','warning in index_site_controller.'),(451,4,'my_category',1538571407.2753,'[127.0.0.1][4][-]','info in index_site_controller.'),(452,1,'my_category',1538571407.2753,'[127.0.0.1][4][-]','error in index_site_controller.'),(453,2,'my_category',1538571407.2753,'[127.0.0.1][4][-]','warning in index_site_controller.'),(454,4,'my_category',1538571408.8558,'[127.0.0.1][-][-]','info in index_site_controller.'),(455,1,'my_category',1538571408.8558,'[127.0.0.1][-][-]','error in index_site_controller.'),(456,2,'my_category',1538571408.8558,'[127.0.0.1][-][-]','warning in index_site_controller.'),(457,4,'my_category',1538637310.4662,'[127.0.0.1][-][-]','info in index_site_controller.'),(458,1,'my_category',1538637310.4662,'[127.0.0.1][-][-]','error in index_site_controller.'),(459,2,'my_category',1538637310.4662,'[127.0.0.1][-][-]','warning in index_site_controller.'),(460,4,'my_category',1538660424.1121,'[127.0.0.1][4][-]','info in index_site_controller.'),(461,1,'my_category',1538660424.1121,'[127.0.0.1][4][-]','error in index_site_controller.'),(462,2,'my_category',1538660424.1122,'[127.0.0.1][4][-]','warning in index_site_controller.'),(463,4,'my_category',1538660429.5081,'[127.0.0.1][4][-]','info in index_site_controller.'),(464,1,'my_category',1538660429.5081,'[127.0.0.1][4][-]','error in index_site_controller.'),(465,2,'my_category',1538660429.5081,'[127.0.0.1][4][-]','warning in index_site_controller.'),(466,4,'my_category',1538660429.7225,'[127.0.0.1][4][-]','info in index_site_controller.'),(467,1,'my_category',1538660429.7225,'[127.0.0.1][4][-]','error in index_site_controller.'),(468,2,'my_category',1538660429.7225,'[127.0.0.1][4][-]','warning in index_site_controller.'),(469,4,'my_category',1538660431.0955,'[127.0.0.1][4][-]','info in index_site_controller.'),(470,1,'my_category',1538660431.0955,'[127.0.0.1][4][-]','error in index_site_controller.'),(471,2,'my_category',1538660431.0955,'[127.0.0.1][4][-]','warning in index_site_controller.'),(472,4,'my_category',1538660432.0225,'[127.0.0.1][4][-]','info in index_site_controller.'),(473,1,'my_category',1538660432.0225,'[127.0.0.1][4][-]','error in index_site_controller.'),(474,2,'my_category',1538660432.0225,'[127.0.0.1][4][-]','warning in index_site_controller.'),(475,4,'my_category',1538660433.7117,'[127.0.0.1][4][-]','info in index_site_controller.'),(476,1,'my_category',1538660433.7117,'[127.0.0.1][4][-]','error in index_site_controller.'),(477,2,'my_category',1538660433.7117,'[127.0.0.1][4][-]','warning in index_site_controller.'),(478,4,'my_category',1538660438.4466,'[127.0.0.1][4][-]','info in index_site_controller.'),(479,1,'my_category',1538660438.4466,'[127.0.0.1][4][-]','error in index_site_controller.'),(480,2,'my_category',1538660438.4466,'[127.0.0.1][4][-]','warning in index_site_controller.'),(481,4,'my_category',1538661287.5877,'[127.0.0.1][-][-]','info in index_site_controller.'),(482,1,'my_category',1538661287.5878,'[127.0.0.1][-][-]','error in index_site_controller.'),(483,2,'my_category',1538661287.5878,'[127.0.0.1][-][-]','warning in index_site_controller.'),(484,4,'my_category',1538661301.5783,'[127.0.0.1][-][-]','info in index_site_controller.'),(485,1,'my_category',1538661301.5783,'[127.0.0.1][-][-]','error in index_site_controller.'),(486,2,'my_category',1538661301.5783,'[127.0.0.1][-][-]','warning in index_site_controller.'),(487,4,'my_category',1538661306.1798,'[127.0.0.1][-][-]','info in index_site_controller.'),(488,1,'my_category',1538661306.1798,'[127.0.0.1][-][-]','error in index_site_controller.'),(489,2,'my_category',1538661306.1798,'[127.0.0.1][-][-]','warning in index_site_controller.'),(490,4,'my_category',1538661307.3581,'[127.0.0.1][-][-]','info in index_site_controller.'),(491,1,'my_category',1538661307.3581,'[127.0.0.1][-][-]','error in index_site_controller.'),(492,2,'my_category',1538661307.3581,'[127.0.0.1][-][-]','warning in index_site_controller.'),(493,4,'my_category',1538661307.5007,'[127.0.0.1][-][-]','info in index_site_controller.'),(494,1,'my_category',1538661307.5007,'[127.0.0.1][-][-]','error in index_site_controller.'),(495,2,'my_category',1538661307.5007,'[127.0.0.1][-][-]','warning in index_site_controller.'),(496,4,'my_category',1538661308.8094,'[127.0.0.1][-][-]','info in index_site_controller.'),(497,1,'my_category',1538661308.8094,'[127.0.0.1][-][-]','error in index_site_controller.'),(498,2,'my_category',1538661308.8095,'[127.0.0.1][-][-]','warning in index_site_controller.'),(499,4,'my_category',1538661309.5901,'[127.0.0.1][-][-]','info in index_site_controller.'),(500,1,'my_category',1538661309.5901,'[127.0.0.1][-][-]','error in index_site_controller.'),(501,2,'my_category',1538661309.5901,'[127.0.0.1][-][-]','warning in index_site_controller.'),(502,4,'my_category',1538661322.0977,'[127.0.0.1][-][-]','info in index_site_controller.'),(503,1,'my_category',1538661322.0977,'[127.0.0.1][-][-]','error in index_site_controller.'),(504,2,'my_category',1538661322.0977,'[127.0.0.1][-][-]','warning in index_site_controller.'),(505,4,'my_category',1538661324.4047,'[127.0.0.1][-][-]','info in index_site_controller.'),(506,1,'my_category',1538661324.4047,'[127.0.0.1][-][-]','error in index_site_controller.'),(507,2,'my_category',1538661324.4047,'[127.0.0.1][-][-]','warning in index_site_controller.'),(508,4,'my_category',1538661347.5977,'[127.0.0.1][-][-]','info in index_site_controller.'),(509,1,'my_category',1538661347.5977,'[127.0.0.1][-][-]','error in index_site_controller.'),(510,2,'my_category',1538661347.5978,'[127.0.0.1][-][-]','warning in index_site_controller.'),(511,4,'my_category',1538661351.1481,'[127.0.0.1][-][-]','info in index_site_controller.'),(512,1,'my_category',1538661351.1481,'[127.0.0.1][-][-]','error in index_site_controller.'),(513,2,'my_category',1538661351.1481,'[127.0.0.1][-][-]','warning in index_site_controller.'),(514,4,'my_category',1538661351.836,'[127.0.0.1][-][-]','info in index_site_controller.'),(515,1,'my_category',1538661351.836,'[127.0.0.1][-][-]','error in index_site_controller.'),(516,2,'my_category',1538661351.836,'[127.0.0.1][-][-]','warning in index_site_controller.'),(517,4,'my_category',1538661451.4052,'[127.0.0.1][4][-]','info in index_site_controller.'),(518,1,'my_category',1538661451.4052,'[127.0.0.1][4][-]','error in index_site_controller.'),(519,2,'my_category',1538661451.4052,'[127.0.0.1][4][-]','warning in index_site_controller.'),(520,4,'my_category',1538664646.71,'[127.0.0.1][-][-]','info in index_site_controller.'),(521,1,'my_category',1538664646.71,'[127.0.0.1][-][-]','error in index_site_controller.'),(522,2,'my_category',1538664646.71,'[127.0.0.1][-][-]','warning in index_site_controller.'),(523,4,'my_category',1538664653.8461,'[127.0.0.1][4][-]','info in index_site_controller.'),(524,1,'my_category',1538664653.8461,'[127.0.0.1][4][-]','error in index_site_controller.'),(525,2,'my_category',1538664653.8461,'[127.0.0.1][4][-]','warning in index_site_controller.'),(526,4,'my_category',1538664700.1148,'[127.0.0.1][-][-]','info in index_site_controller.'),(527,1,'my_category',1538664700.1148,'[127.0.0.1][-][-]','error in index_site_controller.'),(528,2,'my_category',1538664700.1148,'[127.0.0.1][-][-]','warning in index_site_controller.'),(529,4,'my_category',1538664726.4391,'[127.0.0.1][-][-]','info in index_site_controller.'),(530,1,'my_category',1538664726.4391,'[127.0.0.1][-][-]','error in index_site_controller.'),(531,2,'my_category',1538664726.4391,'[127.0.0.1][-][-]','warning in index_site_controller.'),(532,4,'my_category',1538664727.5199,'[127.0.0.1][-][-]','info in index_site_controller.'),(533,1,'my_category',1538664727.5199,'[127.0.0.1][-][-]','error in index_site_controller.'),(534,2,'my_category',1538664727.5199,'[127.0.0.1][-][-]','warning in index_site_controller.'),(535,4,'my_category',1538664733.5285,'[127.0.0.1][4][-]','info in index_site_controller.'),(536,1,'my_category',1538664733.5285,'[127.0.0.1][4][-]','error in index_site_controller.'),(537,2,'my_category',1538664733.5285,'[127.0.0.1][4][-]','warning in index_site_controller.'),(538,4,'my_category',1538664953.2892,'[127.0.0.1][4][-]','info in index_site_controller.'),(539,1,'my_category',1538664953.2892,'[127.0.0.1][4][-]','error in index_site_controller.'),(540,2,'my_category',1538664953.2892,'[127.0.0.1][4][-]','warning in index_site_controller.'),(541,4,'my_category',1538664958.0382,'[127.0.0.1][4][-]','info in index_site_controller.'),(542,1,'my_category',1538664958.0382,'[127.0.0.1][4][-]','error in index_site_controller.'),(543,2,'my_category',1538664958.0382,'[127.0.0.1][4][-]','warning in index_site_controller.'),(544,4,'my_category',1538664958.9964,'[127.0.0.1][4][-]','info in index_site_controller.'),(545,1,'my_category',1538664958.9964,'[127.0.0.1][4][-]','error in index_site_controller.'),(546,2,'my_category',1538664958.9964,'[127.0.0.1][4][-]','warning in index_site_controller.'),(547,4,'my_category',1538664960.2771,'[127.0.0.1][4][-]','info in index_site_controller.'),(548,1,'my_category',1538664960.2771,'[127.0.0.1][4][-]','error in index_site_controller.'),(549,2,'my_category',1538664960.2771,'[127.0.0.1][4][-]','warning in index_site_controller.'),(550,4,'my_category',1538664960.3858,'[127.0.0.1][4][-]','info in index_site_controller.'),(551,1,'my_category',1538664960.3858,'[127.0.0.1][4][-]','error in index_site_controller.'),(552,2,'my_category',1538664960.3858,'[127.0.0.1][4][-]','warning in index_site_controller.'),(553,4,'my_category',1538664963.6765,'[127.0.0.1][4][-]','info in index_site_controller.'),(554,1,'my_category',1538664963.6765,'[127.0.0.1][4][-]','error in index_site_controller.'),(555,2,'my_category',1538664963.6765,'[127.0.0.1][4][-]','warning in index_site_controller.'),(556,4,'my_category',1538664963.7711,'[127.0.0.1][4][-]','info in index_site_controller.'),(557,1,'my_category',1538664963.7711,'[127.0.0.1][4][-]','error in index_site_controller.'),(558,2,'my_category',1538664963.7711,'[127.0.0.1][4][-]','warning in index_site_controller.'),(559,4,'my_category',1538664966.152,'[127.0.0.1][-][-]','info in index_site_controller.'),(560,1,'my_category',1538664966.152,'[127.0.0.1][-][-]','error in index_site_controller.'),(561,2,'my_category',1538664966.152,'[127.0.0.1][-][-]','warning in index_site_controller.'),(562,4,'my_category',1538664966.289,'[127.0.0.1][-][-]','info in index_site_controller.'),(563,1,'my_category',1538664966.289,'[127.0.0.1][-][-]','error in index_site_controller.'),(564,2,'my_category',1538664966.289,'[127.0.0.1][-][-]','warning in index_site_controller.'),(565,4,'my_category',1538664973.3655,'[127.0.0.1][-][-]','info in index_site_controller.'),(566,1,'my_category',1538664973.3655,'[127.0.0.1][-][-]','error in index_site_controller.'),(567,2,'my_category',1538664973.3655,'[127.0.0.1][-][-]','warning in index_site_controller.'),(568,4,'my_category',1538664980.3639,'[127.0.0.1][4][-]','info in index_site_controller.'),(569,1,'my_category',1538664980.3639,'[127.0.0.1][4][-]','error in index_site_controller.'),(570,2,'my_category',1538664980.3639,'[127.0.0.1][4][-]','warning in index_site_controller.'),(571,4,'my_category',1538664981.6249,'[127.0.0.1][4][-]','info in index_site_controller.'),(572,1,'my_category',1538664981.6249,'[127.0.0.1][4][-]','error in index_site_controller.'),(573,2,'my_category',1538664981.6249,'[127.0.0.1][4][-]','warning in index_site_controller.'),(574,4,'my_category',1538665093.8656,'[127.0.0.1][4][-]','info in index_site_controller.'),(575,1,'my_category',1538665093.8657,'[127.0.0.1][4][-]','error in index_site_controller.'),(576,2,'my_category',1538665093.8657,'[127.0.0.1][4][-]','warning in index_site_controller.'),(577,4,'my_category',1538665096.4125,'[127.0.0.1][4][-]','info in index_site_controller.'),(578,1,'my_category',1538665096.4125,'[127.0.0.1][4][-]','error in index_site_controller.'),(579,2,'my_category',1538665096.4125,'[127.0.0.1][4][-]','warning in index_site_controller.'),(580,4,'my_category',1538665108.5308,'[127.0.0.1][-][-]','info in index_site_controller.'),(581,1,'my_category',1538665108.5308,'[127.0.0.1][-][-]','error in index_site_controller.'),(582,2,'my_category',1538665108.5308,'[127.0.0.1][-][-]','warning in index_site_controller.'),(583,4,'my_category',1538665123.5242,'[127.0.0.1][4][ete30h65js2iqdf9dco4jd1gkikan171]','info in index_site_controller.'),(584,1,'my_category',1538665123.5242,'[127.0.0.1][4][ete30h65js2iqdf9dco4jd1gkikan171]','error in index_site_controller.'),(585,2,'my_category',1538665123.5242,'[127.0.0.1][4][ete30h65js2iqdf9dco4jd1gkikan171]','warning in index_site_controller.'),(586,4,'my_category',1538665184.6481,'[127.0.0.1][4][ete30h65js2iqdf9dco4jd1gkikan171]','info in index_site_controller.'),(587,1,'my_category',1538665184.6481,'[127.0.0.1][4][ete30h65js2iqdf9dco4jd1gkikan171]','error in index_site_controller.'),(588,2,'my_category',1538665184.6481,'[127.0.0.1][4][ete30h65js2iqdf9dco4jd1gkikan171]','warning in index_site_controller.'),(589,4,'my_category',1538665187.3188,'[127.0.0.1][4][-]','info in index_site_controller.'),(590,1,'my_category',1538665187.3188,'[127.0.0.1][4][-]','error in index_site_controller.'),(591,2,'my_category',1538665187.3188,'[127.0.0.1][4][-]','warning in index_site_controller.'),(592,4,'my_category',1538665188.2891,'[127.0.0.1][4][-]','info in index_site_controller.'),(593,1,'my_category',1538665188.2891,'[127.0.0.1][4][-]','error in index_site_controller.'),(594,2,'my_category',1538665188.2891,'[127.0.0.1][4][-]','warning in index_site_controller.'),(595,4,'my_category',1538665190.0095,'[127.0.0.1][4][-]','info in index_site_controller.'),(596,1,'my_category',1538665190.0095,'[127.0.0.1][4][-]','error in index_site_controller.'),(597,2,'my_category',1538665190.0095,'[127.0.0.1][4][-]','warning in index_site_controller.'),(598,4,'my_category',1538665201.0584,'[127.0.0.1][4][-]','info in index_site_controller.'),(599,1,'my_category',1538665201.0585,'[127.0.0.1][4][-]','error in index_site_controller.'),(600,2,'my_category',1538665201.0585,'[127.0.0.1][4][-]','warning in index_site_controller.'),(601,4,'my_category',1538665207.6265,'[127.0.0.1][4][-]','info in index_site_controller.'),(602,1,'my_category',1538665207.6265,'[127.0.0.1][4][-]','error in index_site_controller.'),(603,2,'my_category',1538665207.6265,'[127.0.0.1][4][-]','warning in index_site_controller.'),(604,4,'my_category',1538665212.9154,'[127.0.0.1][-][-]','info in index_site_controller.'),(605,1,'my_category',1538665212.9154,'[127.0.0.1][-][-]','error in index_site_controller.'),(606,2,'my_category',1538665212.9154,'[127.0.0.1][-][-]','warning in index_site_controller.'),(607,4,'my_category',1538665217.8434,'[127.0.0.1][-][-]','info in index_site_controller.'),(608,1,'my_category',1538665217.8434,'[127.0.0.1][-][-]','error in index_site_controller.'),(609,2,'my_category',1538665217.8434,'[127.0.0.1][-][-]','warning in index_site_controller.'),(610,4,'my_category',1538665224.3926,'[127.0.0.1][4][-]','info in index_site_controller.'),(611,1,'my_category',1538665224.3926,'[127.0.0.1][4][-]','error in index_site_controller.'),(612,2,'my_category',1538665224.3926,'[127.0.0.1][4][-]','warning in index_site_controller.'),(613,4,'my_category',1538665225.1473,'[127.0.0.1][4][-]','info in index_site_controller.'),(614,1,'my_category',1538665225.1473,'[127.0.0.1][4][-]','error in index_site_controller.'),(615,2,'my_category',1538665225.1473,'[127.0.0.1][4][-]','warning in index_site_controller.'),(616,4,'my_category',1538665226.4116,'[127.0.0.1][4][-]','info in index_site_controller.'),(617,1,'my_category',1538665226.4116,'[127.0.0.1][4][-]','error in index_site_controller.'),(618,2,'my_category',1538665226.4116,'[127.0.0.1][4][-]','warning in index_site_controller.'),(619,4,'my_category',1538665227.9239,'[127.0.0.1][4][-]','info in index_site_controller.'),(620,1,'my_category',1538665227.9239,'[127.0.0.1][4][-]','error in index_site_controller.'),(621,2,'my_category',1538665227.9239,'[127.0.0.1][4][-]','warning in index_site_controller.'),(622,4,'my_category',1538665229.7256,'[127.0.0.1][4][-]','info in index_site_controller.'),(623,1,'my_category',1538665229.7256,'[127.0.0.1][4][-]','error in index_site_controller.'),(624,2,'my_category',1538665229.7256,'[127.0.0.1][4][-]','warning in index_site_controller.'),(625,4,'my_category',1538665231.1246,'[127.0.0.1][4][-]','info in index_site_controller.'),(626,1,'my_category',1538665231.1246,'[127.0.0.1][4][-]','error in index_site_controller.'),(627,2,'my_category',1538665231.1246,'[127.0.0.1][4][-]','warning in index_site_controller.'),(628,4,'my_category',1538665232.1796,'[127.0.0.1][4][-]','info in index_site_controller.'),(629,1,'my_category',1538665232.1796,'[127.0.0.1][4][-]','error in index_site_controller.'),(630,2,'my_category',1538665232.1796,'[127.0.0.1][4][-]','warning in index_site_controller.'),(631,4,'my_category',1538665233.29,'[127.0.0.1][4][-]','info in index_site_controller.'),(632,1,'my_category',1538665233.29,'[127.0.0.1][4][-]','error in index_site_controller.'),(633,2,'my_category',1538665233.29,'[127.0.0.1][4][-]','warning in index_site_controller.'),(634,4,'my_category',1538665235.027,'[127.0.0.1][4][-]','info in index_site_controller.'),(635,1,'my_category',1538665235.027,'[127.0.0.1][4][-]','error in index_site_controller.'),(636,2,'my_category',1538665235.027,'[127.0.0.1][4][-]','warning in index_site_controller.'),(637,4,'my_category',1538665236.4734,'[127.0.0.1][4][-]','info in index_site_controller.'),(638,1,'my_category',1538665236.4735,'[127.0.0.1][4][-]','error in index_site_controller.'),(639,2,'my_category',1538665236.4735,'[127.0.0.1][4][-]','warning in index_site_controller.'),(640,4,'my_category',1538665236.9945,'[127.0.0.1][4][-]','info in index_site_controller.'),(641,1,'my_category',1538665236.9945,'[127.0.0.1][4][-]','error in index_site_controller.'),(642,2,'my_category',1538665236.9945,'[127.0.0.1][4][-]','warning in index_site_controller.'),(643,4,'my_category',1538665238.1704,'[127.0.0.1][4][-]','info in index_site_controller.'),(644,1,'my_category',1538665238.1704,'[127.0.0.1][4][-]','error in index_site_controller.'),(645,2,'my_category',1538665238.1704,'[127.0.0.1][4][-]','warning in index_site_controller.'),(646,4,'my_category',1538665238.2841,'[127.0.0.1][4][-]','info in index_site_controller.'),(647,1,'my_category',1538665238.2841,'[127.0.0.1][4][-]','error in index_site_controller.'),(648,2,'my_category',1538665238.2841,'[127.0.0.1][4][-]','warning in index_site_controller.'),(649,4,'my_category',1538665250.658,'[127.0.0.1][4][-]','info in index_site_controller.'),(650,1,'my_category',1538665250.658,'[127.0.0.1][4][-]','error in index_site_controller.'),(651,2,'my_category',1538665250.658,'[127.0.0.1][4][-]','warning in index_site_controller.'),(652,4,'my_category',1538665251.5702,'[127.0.0.1][4][-]','info in index_site_controller.'),(653,1,'my_category',1538665251.5702,'[127.0.0.1][4][-]','error in index_site_controller.'),(654,2,'my_category',1538665251.5702,'[127.0.0.1][4][-]','warning in index_site_controller.'),(655,4,'my_category',1538665253.0986,'[127.0.0.1][4][-]','info in index_site_controller.'),(656,1,'my_category',1538665253.0986,'[127.0.0.1][4][-]','error in index_site_controller.'),(657,2,'my_category',1538665253.0986,'[127.0.0.1][4][-]','warning in index_site_controller.'),(658,4,'my_category',1538665583.3669,'[127.0.0.1][4][-]','info in index_site_controller.'),(659,1,'my_category',1538665583.3669,'[127.0.0.1][4][-]','error in index_site_controller.'),(660,2,'my_category',1538665583.3669,'[127.0.0.1][4][-]','warning in index_site_controller.'),(661,4,'my_category',1538729932.2013,'[127.0.0.1][-][-]','info in index_site_controller.'),(662,1,'my_category',1538729932.2013,'[127.0.0.1][-][-]','error in index_site_controller.'),(663,2,'my_category',1538729932.2013,'[127.0.0.1][-][-]','warning in index_site_controller.'),(664,4,'my_category',1538729939.8586,'[127.0.0.1][-][-]','info in index_site_controller.'),(665,1,'my_category',1538729939.8586,'[127.0.0.1][-][-]','error in index_site_controller.'),(666,2,'my_category',1538729939.8586,'[127.0.0.1][-][-]','warning in index_site_controller.'),(667,4,'my_category',1538729941.0433,'[127.0.0.1][-][-]','info in index_site_controller.'),(668,1,'my_category',1538729941.0433,'[127.0.0.1][-][-]','error in index_site_controller.'),(669,2,'my_category',1538729941.0433,'[127.0.0.1][-][-]','warning in index_site_controller.'),(670,4,'my_category',1538729941.7373,'[127.0.0.1][-][-]','info in index_site_controller.'),(671,1,'my_category',1538729941.7373,'[127.0.0.1][-][-]','error in index_site_controller.'),(672,2,'my_category',1538729941.7373,'[127.0.0.1][-][-]','warning in index_site_controller.'),(673,4,'my_category',1538729941.8405,'[127.0.0.1][-][-]','info in index_site_controller.'),(674,1,'my_category',1538729941.8405,'[127.0.0.1][-][-]','error in index_site_controller.'),(675,2,'my_category',1538729941.8405,'[127.0.0.1][-][-]','warning in index_site_controller.'),(676,4,'my_category',1538729943.1207,'[127.0.0.1][-][-]','info in index_site_controller.'),(677,1,'my_category',1538729943.1207,'[127.0.0.1][-][-]','error in index_site_controller.'),(678,2,'my_category',1538729943.1207,'[127.0.0.1][-][-]','warning in index_site_controller.'),(679,4,'my_category',1538729947.5907,'[127.0.0.1][4][-]','info in index_site_controller.'),(680,1,'my_category',1538729947.5907,'[127.0.0.1][4][-]','error in index_site_controller.'),(681,2,'my_category',1538729947.5907,'[127.0.0.1][4][-]','warning in index_site_controller.'),(682,4,'my_category',1538730009.6801,'[127.0.0.1][4][-]','info in index_site_controller.'),(683,1,'my_category',1538730009.6802,'[127.0.0.1][4][-]','error in index_site_controller.'),(684,2,'my_category',1538730009.6802,'[127.0.0.1][4][-]','warning in index_site_controller.'),(685,4,'my_category',1538730287.4969,'[127.0.0.1][4][-]','info in index_site_controller.'),(686,1,'my_category',1538730287.4969,'[127.0.0.1][4][-]','error in index_site_controller.'),(687,2,'my_category',1538730287.497,'[127.0.0.1][4][-]','warning in index_site_controller.'),(688,4,'my_category',1538730352.8562,'[127.0.0.1][4][-]','info in index_site_controller.'),(689,1,'my_category',1538730352.8562,'[127.0.0.1][4][-]','error in index_site_controller.'),(690,2,'my_category',1538730352.8562,'[127.0.0.1][4][-]','warning in index_site_controller.'),(691,4,'my_category',1538730355.5288,'[127.0.0.1][4][-]','info in index_site_controller.'),(692,1,'my_category',1538730355.5288,'[127.0.0.1][4][-]','error in index_site_controller.'),(693,2,'my_category',1538730355.5288,'[127.0.0.1][4][-]','warning in index_site_controller.'),(694,4,'my_category',1538730376.9765,'[127.0.0.1][4][-]','info in index_site_controller.'),(695,1,'my_category',1538730376.9765,'[127.0.0.1][4][-]','error in index_site_controller.'),(696,2,'my_category',1538730376.9765,'[127.0.0.1][4][-]','warning in index_site_controller.'),(697,4,'my_category',1538730390.8557,'[127.0.0.1][4][-]','info in index_site_controller.'),(698,1,'my_category',1538730390.8557,'[127.0.0.1][4][-]','error in index_site_controller.'),(699,2,'my_category',1538730390.8557,'[127.0.0.1][4][-]','warning in index_site_controller.'),(700,4,'my_category',1538730392.3788,'[127.0.0.1][4][-]','info in index_site_controller.'),(701,1,'my_category',1538730392.3788,'[127.0.0.1][4][-]','error in index_site_controller.'),(702,2,'my_category',1538730392.3788,'[127.0.0.1][4][-]','warning in index_site_controller.'),(703,4,'my_category',1538730492.5458,'[127.0.0.1][-][-]','info in index_site_controller.'),(704,1,'my_category',1538730492.5458,'[127.0.0.1][-][-]','error in index_site_controller.'),(705,2,'my_category',1538730492.5458,'[127.0.0.1][-][-]','warning in index_site_controller.'),(706,4,'my_category',1538730500.0976,'[127.0.0.1][-][-]','info in index_site_controller.'),(707,1,'my_category',1538730500.0976,'[127.0.0.1][-][-]','error in index_site_controller.'),(708,2,'my_category',1538730500.0976,'[127.0.0.1][-][-]','warning in index_site_controller.'),(709,4,'my_category',1538730513.8682,'[127.0.0.1][-][-]','info in index_site_controller.'),(710,1,'my_category',1538730513.8682,'[127.0.0.1][-][-]','error in index_site_controller.'),(711,2,'my_category',1538730513.8682,'[127.0.0.1][-][-]','warning in index_site_controller.'),(712,4,'my_category',1538730537.0377,'[127.0.0.1][-][-]','info in index_site_controller.'),(713,1,'my_category',1538730537.0377,'[127.0.0.1][-][-]','error in index_site_controller.'),(714,2,'my_category',1538730537.0377,'[127.0.0.1][-][-]','warning in index_site_controller.'),(715,4,'my_category',1538730538.3546,'[127.0.0.1][-][-]','info in index_site_controller.'),(716,1,'my_category',1538730538.3546,'[127.0.0.1][-][-]','error in index_site_controller.'),(717,2,'my_category',1538730538.3546,'[127.0.0.1][-][-]','warning in index_site_controller.'),(718,4,'my_category',1538730540.8099,'[127.0.0.1][-][-]','info in index_site_controller.'),(719,1,'my_category',1538730540.8099,'[127.0.0.1][-][-]','error in index_site_controller.'),(720,2,'my_category',1538730540.8099,'[127.0.0.1][-][-]','warning in index_site_controller.'),(721,4,'my_category',1538730543.4569,'[127.0.0.1][-][-]','info in index_site_controller.'),(722,1,'my_category',1538730543.4569,'[127.0.0.1][-][-]','error in index_site_controller.'),(723,2,'my_category',1538730543.4569,'[127.0.0.1][-][-]','warning in index_site_controller.'),(724,4,'my_category',1538730567.7969,'[127.0.0.1][4][-]','info in index_site_controller.'),(725,1,'my_category',1538730567.7969,'[127.0.0.1][4][-]','error in index_site_controller.'),(726,2,'my_category',1538730567.7969,'[127.0.0.1][4][-]','warning in index_site_controller.'),(727,4,'my_category',1538730583.1426,'[127.0.0.1][4][-]','info in index_site_controller.'),(728,1,'my_category',1538730583.1426,'[127.0.0.1][4][-]','error in index_site_controller.'),(729,2,'my_category',1538730583.1426,'[127.0.0.1][4][-]','warning in index_site_controller.'),(730,4,'my_category',1538730609.649,'[127.0.0.1][4][-]','info in index_site_controller.'),(731,1,'my_category',1538730609.649,'[127.0.0.1][4][-]','error in index_site_controller.'),(732,2,'my_category',1538730609.649,'[127.0.0.1][4][-]','warning in index_site_controller.'),(733,4,'my_category',1538730614.7895,'[127.0.0.1][4][-]','info in index_site_controller.'),(734,1,'my_category',1538730614.7895,'[127.0.0.1][4][-]','error in index_site_controller.'),(735,2,'my_category',1538730614.7895,'[127.0.0.1][4][-]','warning in index_site_controller.'),(736,4,'my_category',1538730636.3388,'[127.0.0.1][4][-]','info in index_site_controller.'),(737,1,'my_category',1538730636.3388,'[127.0.0.1][4][-]','error in index_site_controller.'),(738,2,'my_category',1538730636.3388,'[127.0.0.1][4][-]','warning in index_site_controller.'),(739,4,'my_category',1538730663.0241,'[127.0.0.1][4][-]','info in index_site_controller.'),(740,1,'my_category',1538730663.0241,'[127.0.0.1][4][-]','error in index_site_controller.'),(741,2,'my_category',1538730663.0241,'[127.0.0.1][4][-]','warning in index_site_controller.'),(742,4,'my_category',1538730681.9288,'[127.0.0.1][4][-]','info in index_site_controller.'),(743,1,'my_category',1538730681.9288,'[127.0.0.1][4][-]','error in index_site_controller.'),(744,2,'my_category',1538730681.9288,'[127.0.0.1][4][-]','warning in index_site_controller.'),(745,4,'my_category',1538730696.9425,'[127.0.0.1][4][-]','info in index_site_controller.'),(746,1,'my_category',1538730696.9425,'[127.0.0.1][4][-]','error in index_site_controller.'),(747,2,'my_category',1538730696.9425,'[127.0.0.1][4][-]','warning in index_site_controller.'),(748,4,'my_category',1538730697.156,'[127.0.0.1][4][-]','info in index_site_controller.'),(749,1,'my_category',1538730697.156,'[127.0.0.1][4][-]','error in index_site_controller.'),(750,2,'my_category',1538730697.156,'[127.0.0.1][4][-]','warning in index_site_controller.'),(751,4,'my_category',1538750595.2424,'[127.0.0.1][-][-]','info in index_site_controller.'),(752,1,'my_category',1538750595.2424,'[127.0.0.1][-][-]','error in index_site_controller.'),(753,2,'my_category',1538750595.2424,'[127.0.0.1][-][-]','warning in index_site_controller.'),(754,4,'my_category',1538921682.84,'[::1][4][-]','info in index_site_controller.'),(755,1,'my_category',1538921682.84,'[::1][4][-]','error in index_site_controller.'),(756,2,'my_category',1538921682.84,'[::1][4][-]','warning in index_site_controller.'),(757,4,'my_category',1538921698.01,'[::1][4][-]','info in index_site_controller.'),(758,1,'my_category',1538921698.01,'[::1][4][-]','error in index_site_controller.'),(759,2,'my_category',1538921698.01,'[::1][4][-]','warning in index_site_controller.'),(760,4,'my_category',1538921700.82,'[::1][4][-]','info in index_site_controller.'),(761,1,'my_category',1538921700.82,'[::1][4][-]','error in index_site_controller.'),(762,2,'my_category',1538921700.82,'[::1][4][-]','warning in index_site_controller.'),(763,4,'my_category',1538928456.12,'[::1][-][-]','info in index_site_controller.'),(764,1,'my_category',1538928456.12,'[::1][-][-]','error in index_site_controller.'),(765,2,'my_category',1538928456.12,'[::1][-][-]','warning in index_site_controller.'),(766,4,'my_category',1538928458.29,'[::1][-][-]','info in index_site_controller.'),(767,1,'my_category',1538928458.29,'[::1][-][-]','error in index_site_controller.'),(768,2,'my_category',1538928458.29,'[::1][-][-]','warning in index_site_controller.'),(769,4,'my_category',1538928461.83,'[::1][-][-]','info in index_site_controller.'),(770,1,'my_category',1538928461.83,'[::1][-][-]','error in index_site_controller.'),(771,2,'my_category',1538928461.83,'[::1][-][-]','warning in index_site_controller.'),(772,4,'my_category',1538928461.97,'[::1][-][-]','info in index_site_controller.'),(773,1,'my_category',1538928461.97,'[::1][-][-]','error in index_site_controller.'),(774,2,'my_category',1538928461.97,'[::1][-][-]','warning in index_site_controller.'),(775,4,'my_category',1538928487.5,'[::1][4][-]','info in index_site_controller.'),(776,1,'my_category',1538928487.5,'[::1][4][-]','error in index_site_controller.'),(777,2,'my_category',1538928487.5,'[::1][4][-]','warning in index_site_controller.'),(778,4,'my_category',1538928524.21,'[::1][4][-]','info in index_site_controller.'),(779,1,'my_category',1538928524.21,'[::1][4][-]','error in index_site_controller.'),(780,2,'my_category',1538928524.21,'[::1][4][-]','warning in index_site_controller.'),(781,4,'my_category',1538928537.58,'[::1][4][-]','info in index_site_controller.'),(782,1,'my_category',1538928537.58,'[::1][4][-]','error in index_site_controller.'),(783,2,'my_category',1538928537.58,'[::1][4][-]','warning in index_site_controller.'),(784,4,'my_category',1538928539.21,'[::1][4][-]','info in index_site_controller.'),(785,1,'my_category',1538928539.21,'[::1][4][-]','error in index_site_controller.'),(786,2,'my_category',1538928539.21,'[::1][4][-]','warning in index_site_controller.'),(787,4,'my_category',1538930356.85,'[::1][4][-]','info in index_site_controller.'),(788,1,'my_category',1538930356.85,'[::1][4][-]','error in index_site_controller.'),(789,2,'my_category',1538930356.85,'[::1][4][-]','warning in index_site_controller.'),(790,4,'my_category',1538930359.98,'[::1][4][-]','info in index_site_controller.'),(791,1,'my_category',1538930359.98,'[::1][4][-]','error in index_site_controller.'),(792,2,'my_category',1538930359.98,'[::1][4][-]','warning in index_site_controller.'),(793,4,'my_category',1538932142.69,'[::1][4][-]','info in index_site_controller.'),(794,1,'my_category',1538932142.69,'[::1][4][-]','error in index_site_controller.'),(795,2,'my_category',1538932142.69,'[::1][4][-]','warning in index_site_controller.'),(796,4,'my_category',1538934640.96,'[127.0.0.1][-][-]','info in index_site_controller.'),(797,1,'my_category',1538934640.96,'[127.0.0.1][-][-]','error in index_site_controller.'),(798,2,'my_category',1538934640.96,'[127.0.0.1][-][-]','warning in index_site_controller.'),(799,4,'my_category',1538934648.89,'[127.0.0.1][-][-]','info in index_site_controller.'),(800,1,'my_category',1538934648.89,'[127.0.0.1][-][-]','error in index_site_controller.'),(801,2,'my_category',1538934648.89,'[127.0.0.1][-][-]','warning in index_site_controller.'),(802,4,'my_category',1538942076.39,'[::1][4][-]','info in index_site_controller.'),(803,1,'my_category',1538942076.39,'[::1][4][-]','error in index_site_controller.'),(804,2,'my_category',1538942076.39,'[::1][4][-]','warning in index_site_controller.'),(805,4,'my_category',1538947287.63,'[::1][4][-]','info in index_site_controller.'),(806,1,'my_category',1538947287.63,'[::1][4][-]','error in index_site_controller.'),(807,2,'my_category',1538947287.63,'[::1][4][-]','warning in index_site_controller.'),(808,4,'my_category',1538947287.73,'[::1][4][-]','info in index_site_controller.'),(809,1,'my_category',1538947287.73,'[::1][4][-]','error in index_site_controller.'),(810,2,'my_category',1538947287.73,'[::1][4][-]','warning in index_site_controller.'),(811,4,'my_category',1538947315.75,'[::1][4][-]','info in index_site_controller.'),(812,1,'my_category',1538947315.75,'[::1][4][-]','error in index_site_controller.'),(813,2,'my_category',1538947315.75,'[::1][4][-]','warning in index_site_controller.'),(814,4,'my_category',1538947403.93,'[::1][4][-]','info in index_site_controller.'),(815,1,'my_category',1538947403.93,'[::1][4][-]','error in index_site_controller.'),(816,2,'my_category',1538947403.93,'[::1][4][-]','warning in index_site_controller.'),(817,4,'my_category',1538947408.08,'[::1][4][-]','info in index_site_controller.'),(818,1,'my_category',1538947408.08,'[::1][4][-]','error in index_site_controller.'),(819,2,'my_category',1538947408.08,'[::1][4][-]','warning in index_site_controller.'),(820,4,'my_category',1539015637.65,'[::1][4][-]','info in index_site_controller.'),(821,1,'my_category',1539015637.65,'[::1][4][-]','error in index_site_controller.'),(822,2,'my_category',1539015637.65,'[::1][4][-]','warning in index_site_controller.'),(823,4,'my_category',1539015809.62,'[::1][4][b9be513ab6b1377206a22e40befc4b58]','info in index_site_controller.'),(824,1,'my_category',1539015809.62,'[::1][4][b9be513ab6b1377206a22e40befc4b58]','error in index_site_controller.'),(825,2,'my_category',1539015809.62,'[::1][4][b9be513ab6b1377206a22e40befc4b58]','warning in index_site_controller.'),(826,4,'my_category',1539015814.47,'[::1][4][-]','info in index_site_controller.'),(827,1,'my_category',1539015814.47,'[::1][4][-]','error in index_site_controller.'),(828,2,'my_category',1539015814.47,'[::1][4][-]','warning in index_site_controller.'),(829,4,'my_category',1539016012.48,'[::1][4][b9be513ab6b1377206a22e40befc4b58]','info in index_site_controller.'),(830,1,'my_category',1539016012.48,'[::1][4][b9be513ab6b1377206a22e40befc4b58]','error in index_site_controller.'),(831,2,'my_category',1539016012.48,'[::1][4][b9be513ab6b1377206a22e40befc4b58]','warning in index_site_controller.'),(832,4,'my_category',1539016015.11,'[::1][4][b9be513ab6b1377206a22e40befc4b58]','info in index_site_controller.'),(833,1,'my_category',1539016015.11,'[::1][4][b9be513ab6b1377206a22e40befc4b58]','error in index_site_controller.'),(834,2,'my_category',1539016015.11,'[::1][4][b9be513ab6b1377206a22e40befc4b58]','warning in index_site_controller.'),(835,4,'my_category',1539016016.54,'[::1][4][b9be513ab6b1377206a22e40befc4b58]','info in index_site_controller.'),(836,1,'my_category',1539016016.54,'[::1][4][b9be513ab6b1377206a22e40befc4b58]','error in index_site_controller.'),(837,2,'my_category',1539016016.54,'[::1][4][b9be513ab6b1377206a22e40befc4b58]','warning in index_site_controller.'),(838,4,'my_category',1539016029.15,'[::1][4][-]','info in index_site_controller.'),(839,1,'my_category',1539016029.15,'[::1][4][-]','error in index_site_controller.'),(840,2,'my_category',1539016029.15,'[::1][4][-]','warning in index_site_controller.'),(841,4,'my_category',1539016040.69,'[::1][4][-]','info in index_site_controller.'),(842,1,'my_category',1539016040.69,'[::1][4][-]','error in index_site_controller.'),(843,2,'my_category',1539016040.69,'[::1][4][-]','warning in index_site_controller.'),(844,4,'my_category',1539016042.73,'[::1][4][b9be513ab6b1377206a22e40befc4b58]','info in index_site_controller.'),(845,1,'my_category',1539016042.73,'[::1][4][b9be513ab6b1377206a22e40befc4b58]','error in index_site_controller.'),(846,2,'my_category',1539016042.73,'[::1][4][b9be513ab6b1377206a22e40befc4b58]','warning in index_site_controller.'),(847,4,'my_category',1539016180.04,'[::1][4][b9be513ab6b1377206a22e40befc4b58]','info in index_site_controller.'),(848,1,'my_category',1539016180.04,'[::1][4][b9be513ab6b1377206a22e40befc4b58]','error in index_site_controller.'),(849,2,'my_category',1539016180.04,'[::1][4][b9be513ab6b1377206a22e40befc4b58]','warning in index_site_controller.'),(850,4,'my_category',1539016181.05,'[::1][4][b9be513ab6b1377206a22e40befc4b58]','info in index_site_controller.'),(851,1,'my_category',1539016181.05,'[::1][4][b9be513ab6b1377206a22e40befc4b58]','error in index_site_controller.'),(852,2,'my_category',1539016181.05,'[::1][4][b9be513ab6b1377206a22e40befc4b58]','warning in index_site_controller.'),(853,4,'my_category',1539016181.84,'[::1][4][b9be513ab6b1377206a22e40befc4b58]','info in index_site_controller.'),(854,1,'my_category',1539016181.84,'[::1][4][b9be513ab6b1377206a22e40befc4b58]','error in index_site_controller.'),(855,2,'my_category',1539016181.84,'[::1][4][b9be513ab6b1377206a22e40befc4b58]','warning in index_site_controller.'),(856,4,'my_category',1539016391.31,'[::1][-][-]','info in index_site_controller.'),(857,1,'my_category',1539016391.31,'[::1][-][-]','error in index_site_controller.'),(858,2,'my_category',1539016391.31,'[::1][-][-]','warning in index_site_controller.'),(859,4,'my_category',1539016393.05,'[::1][-][-]','info in index_site_controller.'),(860,1,'my_category',1539016393.05,'[::1][-][-]','error in index_site_controller.'),(861,2,'my_category',1539016393.05,'[::1][-][-]','warning in index_site_controller.'),(862,4,'my_category',1539016531.16,'[::1][-][-]','info in index_site_controller.'),(863,1,'my_category',1539016531.16,'[::1][-][-]','error in index_site_controller.'),(864,2,'my_category',1539016531.16,'[::1][-][-]','warning in index_site_controller.'),(865,4,'my_category',1539016677.91,'[::1][-][4383be8d05c564cc8789992daf4018d1]','info in index_site_controller.'),(866,1,'my_category',1539016677.91,'[::1][-][4383be8d05c564cc8789992daf4018d1]','error in index_site_controller.'),(867,2,'my_category',1539016677.91,'[::1][-][4383be8d05c564cc8789992daf4018d1]','warning in index_site_controller.'),(868,4,'my_category',1539016971.33,'[::1][-][-]','info in index_site_controller.'),(869,1,'my_category',1539016971.33,'[::1][-][-]','error in index_site_controller.'),(870,2,'my_category',1539016971.33,'[::1][-][-]','warning in index_site_controller.'),(871,4,'my_category',1539016978.79,'[::1][4][-]','info in index_site_controller.'),(872,1,'my_category',1539016978.79,'[::1][4][-]','error in index_site_controller.'),(873,2,'my_category',1539016978.79,'[::1][4][-]','warning in index_site_controller.'),(874,4,'my_category',1539016980.41,'[::1][4][0db5a7c85ffda93c51486e54a9b69c6c]','info in index_site_controller.'),(875,1,'my_category',1539016980.41,'[::1][4][0db5a7c85ffda93c51486e54a9b69c6c]','error in index_site_controller.'),(876,2,'my_category',1539016980.41,'[::1][4][0db5a7c85ffda93c51486e54a9b69c6c]','warning in index_site_controller.'),(877,4,'my_category',1539016985.29,'[::1][4][-]','info in index_site_controller.'),(878,1,'my_category',1539016985.29,'[::1][4][-]','error in index_site_controller.'),(879,2,'my_category',1539016985.29,'[::1][4][-]','warning in index_site_controller.'),(880,4,'my_category',1539016992.67,'[::1][4][0db5a7c85ffda93c51486e54a9b69c6c]','info in index_site_controller.'),(881,1,'my_category',1539016992.67,'[::1][4][0db5a7c85ffda93c51486e54a9b69c6c]','error in index_site_controller.'),(882,2,'my_category',1539016992.67,'[::1][4][0db5a7c85ffda93c51486e54a9b69c6c]','warning in index_site_controller.'),(883,4,'my_category',1539017636.96,'[::1][4][-]','info in index_site_controller.'),(884,1,'my_category',1539017636.96,'[::1][4][-]','error in index_site_controller.'),(885,2,'my_category',1539017636.96,'[::1][4][-]','warning in index_site_controller.'),(886,4,'my_category',1539017700.46,'[::1][4][-]','info in index_site_controller.'),(887,1,'my_category',1539017700.46,'[::1][4][-]','error in index_site_controller.'),(888,2,'my_category',1539017700.46,'[::1][4][-]','warning in index_site_controller.'),(889,4,'my_category',1539017716.68,'[::1][4][-]','info in index_site_controller.'),(890,1,'my_category',1539017716.68,'[::1][4][-]','error in index_site_controller.'),(891,2,'my_category',1539017716.68,'[::1][4][-]','warning in index_site_controller.'),(892,4,'my_category',1539017718.16,'[::1][4][-]','info in index_site_controller.'),(893,1,'my_category',1539017718.16,'[::1][4][-]','error in index_site_controller.'),(894,2,'my_category',1539017718.16,'[::1][4][-]','warning in index_site_controller.'),(895,4,'my_category',1539017720.08,'[::1][4][-]','info in index_site_controller.'),(896,1,'my_category',1539017720.08,'[::1][4][-]','error in index_site_controller.'),(897,2,'my_category',1539017720.08,'[::1][4][-]','warning in index_site_controller.'),(898,4,'my_category',1539017816.36,'[::1][4][-]','info in index_site_controller.'),(899,1,'my_category',1539017816.36,'[::1][4][-]','error in index_site_controller.'),(900,2,'my_category',1539017816.36,'[::1][4][-]','warning in index_site_controller.'),(901,4,'my_category',1539017845.6,'[::1][4][-]','info in index_site_controller.'),(902,1,'my_category',1539017845.6,'[::1][4][-]','error in index_site_controller.'),(903,2,'my_category',1539017845.6,'[::1][4][-]','warning in index_site_controller.'),(904,4,'my_category',1539017865.46,'[::1][4][-]','info in index_site_controller.'),(905,1,'my_category',1539017865.46,'[::1][4][-]','error in index_site_controller.'),(906,2,'my_category',1539017865.46,'[::1][4][-]','warning in index_site_controller.'),(907,4,'my_category',1539018025.07,'[::1][4][-]','info in index_site_controller.'),(908,1,'my_category',1539018025.07,'[::1][4][-]','error in index_site_controller.'),(909,2,'my_category',1539018025.07,'[::1][4][-]','warning in index_site_controller.'),(910,4,'my_category',1539018066,'[::1][4][-]','info in index_site_controller.'),(911,1,'my_category',1539018066,'[::1][4][-]','error in index_site_controller.'),(912,2,'my_category',1539018066,'[::1][4][-]','warning in index_site_controller.'),(913,4,'my_category',1539018174.48,'[::1][4][-]','info in index_site_controller.'),(914,1,'my_category',1539018174.48,'[::1][4][-]','error in index_site_controller.'),(915,2,'my_category',1539018174.48,'[::1][4][-]','warning in index_site_controller.'),(916,4,'my_category',1539018216.71,'[::1][4][-]','info in index_site_controller.'),(917,1,'my_category',1539018216.71,'[::1][4][-]','error in index_site_controller.'),(918,2,'my_category',1539018216.71,'[::1][4][-]','warning in index_site_controller.'),(919,4,'my_category',1539018295.14,'[::1][4][-]','info in index_site_controller.'),(920,1,'my_category',1539018295.14,'[::1][4][-]','error in index_site_controller.'),(921,2,'my_category',1539018295.14,'[::1][4][-]','warning in index_site_controller.'),(922,4,'my_category',1539018322.59,'[::1][4][-]','info in index_site_controller.'),(923,1,'my_category',1539018322.59,'[::1][4][-]','error in index_site_controller.'),(924,2,'my_category',1539018322.59,'[::1][4][-]','warning in index_site_controller.'),(925,4,'my_category',1539018438.39,'[::1][4][-]','info in index_site_controller.'),(926,1,'my_category',1539018438.39,'[::1][4][-]','error in index_site_controller.'),(927,2,'my_category',1539018438.39,'[::1][4][-]','warning in index_site_controller.'),(928,4,'my_category',1539018459.39,'[::1][4][-]','info in index_site_controller.'),(929,1,'my_category',1539018459.39,'[::1][4][-]','error in index_site_controller.'),(930,2,'my_category',1539018459.39,'[::1][4][-]','warning in index_site_controller.'),(931,4,'my_category',1539018533.78,'[::1][4][-]','info in index_site_controller.'),(932,1,'my_category',1539018533.78,'[::1][4][-]','error in index_site_controller.'),(933,2,'my_category',1539018533.78,'[::1][4][-]','warning in index_site_controller.'),(934,4,'my_category',1539018537.03,'[::1][4][-]','info in index_site_controller.'),(935,1,'my_category',1539018537.03,'[::1][4][-]','error in index_site_controller.'),(936,2,'my_category',1539018537.03,'[::1][4][-]','warning in index_site_controller.'),(937,4,'my_category',1539018559.42,'[::1][4][-]','info in index_site_controller.'),(938,1,'my_category',1539018559.42,'[::1][4][-]','error in index_site_controller.'),(939,2,'my_category',1539018559.42,'[::1][4][-]','warning in index_site_controller.'),(940,4,'my_category',1539018562.74,'[::1][4][-]','info in index_site_controller.'),(941,1,'my_category',1539018562.74,'[::1][4][-]','error in index_site_controller.'),(942,2,'my_category',1539018562.74,'[::1][4][-]','warning in index_site_controller.'),(943,4,'my_category',1539018564.69,'[::1][4][-]','info in index_site_controller.'),(944,1,'my_category',1539018564.69,'[::1][4][-]','error in index_site_controller.'),(945,2,'my_category',1539018564.69,'[::1][4][-]','warning in index_site_controller.'),(946,4,'my_category',1539018567.78,'[::1][4][-]','info in index_site_controller.'),(947,1,'my_category',1539018567.78,'[::1][4][-]','error in index_site_controller.'),(948,2,'my_category',1539018567.78,'[::1][4][-]','warning in index_site_controller.'),(949,4,'my_category',1539018570,'[::1][4][-]','info in index_site_controller.'),(950,1,'my_category',1539018570,'[::1][4][-]','error in index_site_controller.'),(951,2,'my_category',1539018570,'[::1][4][-]','warning in index_site_controller.'),(952,4,'my_category',1539018788.68,'[::1][4][-]','info in index_site_controller.'),(953,1,'my_category',1539018788.68,'[::1][4][-]','error in index_site_controller.'),(954,2,'my_category',1539018788.68,'[::1][4][-]','warning in index_site_controller.'),(955,4,'my_category',1539018798.61,'[::1][4][-]','info in index_site_controller.'),(956,1,'my_category',1539018798.61,'[::1][4][-]','error in index_site_controller.'),(957,2,'my_category',1539018798.61,'[::1][4][-]','warning in index_site_controller.'),(958,4,'my_category',1539018823.73,'[::1][4][-]','info in index_site_controller.'),(959,1,'my_category',1539018823.73,'[::1][4][-]','error in index_site_controller.'),(960,2,'my_category',1539018823.73,'[::1][4][-]','warning in index_site_controller.'),(961,4,'my_category',1539018840.07,'[::1][4][-]','info in index_site_controller.'),(962,1,'my_category',1539018840.07,'[::1][4][-]','error in index_site_controller.'),(963,2,'my_category',1539018840.07,'[::1][4][-]','warning in index_site_controller.'),(964,4,'my_category',1539018876.8,'[::1][4][-]','info in index_site_controller.'),(965,1,'my_category',1539018876.8,'[::1][4][-]','error in index_site_controller.'),(966,2,'my_category',1539018876.8,'[::1][4][-]','warning in index_site_controller.'),(967,4,'my_category',1539018886.5,'[::1][4][-]','info in index_site_controller.'),(968,1,'my_category',1539018886.5,'[::1][4][-]','error in index_site_controller.'),(969,2,'my_category',1539018886.5,'[::1][4][-]','warning in index_site_controller.'),(970,4,'my_category',1539019093.95,'[::1][4][-]','info in index_site_controller.'),(971,1,'my_category',1539019093.95,'[::1][4][-]','error in index_site_controller.'),(972,2,'my_category',1539019093.95,'[::1][4][-]','warning in index_site_controller.'),(973,4,'my_category',1539019104.74,'[::1][4][-]','info in index_site_controller.'),(974,1,'my_category',1539019104.74,'[::1][4][-]','error in index_site_controller.'),(975,2,'my_category',1539019104.74,'[::1][4][-]','warning in index_site_controller.'),(976,4,'my_category',1539019108.32,'[::1][4][-]','info in index_site_controller.'),(977,1,'my_category',1539019108.32,'[::1][4][-]','error in index_site_controller.'),(978,2,'my_category',1539019108.32,'[::1][4][-]','warning in index_site_controller.'),(979,4,'my_category',1539019112.3,'[::1][4][-]','info in index_site_controller.'),(980,1,'my_category',1539019112.3,'[::1][4][-]','error in index_site_controller.'),(981,2,'my_category',1539019112.3,'[::1][4][-]','warning in index_site_controller.'),(982,4,'my_category',1539019115.78,'[::1][4][-]','info in index_site_controller.'),(983,1,'my_category',1539019115.78,'[::1][4][-]','error in index_site_controller.'),(984,2,'my_category',1539019115.78,'[::1][4][-]','warning in index_site_controller.'),(985,4,'my_category',1539019119.1,'[::1][4][-]','info in index_site_controller.'),(986,1,'my_category',1539019119.1,'[::1][4][-]','error in index_site_controller.'),(987,2,'my_category',1539019119.1,'[::1][4][-]','warning in index_site_controller.'),(988,4,'my_category',1539019123.17,'[::1][4][-]','info in index_site_controller.'),(989,1,'my_category',1539019123.17,'[::1][4][-]','error in index_site_controller.'),(990,2,'my_category',1539019123.17,'[::1][4][-]','warning in index_site_controller.'),(991,4,'my_category',1539019127.02,'[::1][4][-]','info in index_site_controller.'),(992,1,'my_category',1539019127.02,'[::1][4][-]','error in index_site_controller.'),(993,2,'my_category',1539019127.02,'[::1][4][-]','warning in index_site_controller.'),(994,4,'my_category',1539019136.49,'[::1][4][-]','info in index_site_controller.'),(995,1,'my_category',1539019136.49,'[::1][4][-]','error in index_site_controller.'),(996,2,'my_category',1539019136.49,'[::1][4][-]','warning in index_site_controller.'),(997,4,'my_category',1539019164.68,'[::1][-][-]','info in index_site_controller.'),(998,1,'my_category',1539019164.68,'[::1][-][-]','error in index_site_controller.'),(999,2,'my_category',1539019164.68,'[::1][-][-]','warning in index_site_controller.'),(1000,4,'my_category',1539019384.43,'[::1][-][-]','info in index_site_controller.'),(1001,1,'my_category',1539019384.43,'[::1][-][-]','error in index_site_controller.'),(1002,2,'my_category',1539019384.43,'[::1][-][-]','warning in index_site_controller.'),(1003,4,'my_category',1539019456.85,'[::1][-][-]','info in index_site_controller.'),(1004,1,'my_category',1539019456.85,'[::1][-][-]','error in index_site_controller.'),(1005,2,'my_category',1539019456.85,'[::1][-][-]','warning in index_site_controller.'),(1006,4,'my_category',1539019486.94,'[::1][-][-]','info in index_site_controller.'),(1007,1,'my_category',1539019486.94,'[::1][-][-]','error in index_site_controller.'),(1008,2,'my_category',1539019486.94,'[::1][-][-]','warning in index_site_controller.'),(1009,4,'my_category',1539019603.54,'[::1][-][-]','info in index_site_controller.'),(1010,1,'my_category',1539019603.54,'[::1][-][-]','error in index_site_controller.'),(1011,2,'my_category',1539019603.54,'[::1][-][-]','warning in index_site_controller.'),(1012,4,'my_category',1539019642.69,'[::1][-][-]','info in index_site_controller.'),(1013,1,'my_category',1539019642.69,'[::1][-][-]','error in index_site_controller.'),(1014,2,'my_category',1539019642.69,'[::1][-][-]','warning in index_site_controller.'),(1015,4,'my_category',1539019723.99,'[::1][-][-]','info in index_site_controller.'),(1016,1,'my_category',1539019723.99,'[::1][-][-]','error in index_site_controller.'),(1017,2,'my_category',1539019723.99,'[::1][-][-]','warning in index_site_controller.'),(1018,4,'my_category',1539021351.71,'[::1][-][-]','info in index_site_controller.'),(1019,1,'my_category',1539021351.71,'[::1][-][-]','error in index_site_controller.'),(1020,2,'my_category',1539021351.71,'[::1][-][-]','warning in index_site_controller.'),(1021,4,'my_category',1539021719.87,'[::1][-][-]','info in index_site_controller.'),(1022,1,'my_category',1539021719.87,'[::1][-][-]','error in index_site_controller.'),(1023,2,'my_category',1539021719.87,'[::1][-][-]','warning in index_site_controller.'),(1024,4,'my_category',1539021725.75,'[::1][-][-]','info in index_site_controller.'),(1025,1,'my_category',1539021725.75,'[::1][-][-]','error in index_site_controller.'),(1026,2,'my_category',1539021725.75,'[::1][-][-]','warning in index_site_controller.'),(1027,4,'my_category',1539021727.23,'[::1][-][-]','info in index_site_controller.'),(1028,1,'my_category',1539021727.23,'[::1][-][-]','error in index_site_controller.'),(1029,2,'my_category',1539021727.23,'[::1][-][-]','warning in index_site_controller.'),(1030,4,'my_category',1539021729.05,'[::1][-][-]','info in index_site_controller.'),(1031,1,'my_category',1539021729.05,'[::1][-][-]','error in index_site_controller.'),(1032,2,'my_category',1539021729.05,'[::1][-][-]','warning in index_site_controller.'),(1033,4,'my_category',1539021732.22,'[::1][-][-]','info in index_site_controller.'),(1034,1,'my_category',1539021732.22,'[::1][-][-]','error in index_site_controller.'),(1035,2,'my_category',1539021732.22,'[::1][-][-]','warning in index_site_controller.'),(1036,4,'my_category',1539021735.05,'[::1][-][-]','info in index_site_controller.'),(1037,1,'my_category',1539021735.05,'[::1][-][-]','error in index_site_controller.'),(1038,2,'my_category',1539021735.05,'[::1][-][-]','warning in index_site_controller.'),(1039,4,'my_category',1539022052.72,'[::1][4][-]','info in index_site_controller.'),(1040,1,'my_category',1539022052.72,'[::1][4][-]','error in index_site_controller.'),(1041,2,'my_category',1539022052.72,'[::1][4][-]','warning in index_site_controller.'),(1042,4,'my_category',1539022060.62,'[::1][4][-]','info in index_site_controller.'),(1043,1,'my_category',1539022060.62,'[::1][4][-]','error in index_site_controller.'),(1044,2,'my_category',1539022060.62,'[::1][4][-]','warning in index_site_controller.'),(1045,4,'my_category',1539022061.56,'[::1][4][-]','info in index_site_controller.'),(1046,1,'my_category',1539022061.56,'[::1][4][-]','error in index_site_controller.'),(1047,2,'my_category',1539022061.56,'[::1][4][-]','warning in index_site_controller.'),(1048,4,'my_category',1539022461.54,'[::1][4][-]','info in index_site_controller.'),(1049,1,'my_category',1539022461.54,'[::1][4][-]','error in index_site_controller.'),(1050,2,'my_category',1539022461.54,'[::1][4][-]','warning in index_site_controller.'),(1051,4,'my_category',1539022487.97,'[::1][4][-]','info in index_site_controller.'),(1052,1,'my_category',1539022487.97,'[::1][4][-]','error in index_site_controller.'),(1053,2,'my_category',1539022487.97,'[::1][4][-]','warning in index_site_controller.'),(1054,4,'my_category',1539022719.7,'[::1][4][-]','info in index_site_controller.'),(1055,1,'my_category',1539022719.7,'[::1][4][-]','error in index_site_controller.'),(1056,2,'my_category',1539022719.7,'[::1][4][-]','warning in index_site_controller.'),(1057,4,'my_category',1539023058.24,'[::1][4][-]','info in index_site_controller.'),(1058,1,'my_category',1539023058.24,'[::1][4][-]','error in index_site_controller.'),(1059,2,'my_category',1539023058.24,'[::1][4][-]','warning in index_site_controller.'),(1060,4,'my_category',1539023097.04,'[::1][4][-]','info in index_site_controller.'),(1061,1,'my_category',1539023097.04,'[::1][4][-]','error in index_site_controller.'),(1062,2,'my_category',1539023097.04,'[::1][4][-]','warning in index_site_controller.'),(1063,4,'my_category',1539023102.11,'[::1][4][-]','info in index_site_controller.'),(1064,1,'my_category',1539023102.11,'[::1][4][-]','error in index_site_controller.'),(1065,2,'my_category',1539023102.11,'[::1][4][-]','warning in index_site_controller.'),(1066,4,'my_category',1539023109.88,'[::1][4][-]','info in index_site_controller.'),(1067,1,'my_category',1539023109.88,'[::1][4][-]','error in index_site_controller.'),(1068,2,'my_category',1539023109.88,'[::1][4][-]','warning in index_site_controller.'),(1069,4,'my_category',1539023114.73,'[::1][4][-]','info in index_site_controller.'),(1070,1,'my_category',1539023114.73,'[::1][4][-]','error in index_site_controller.'),(1071,2,'my_category',1539023114.73,'[::1][4][-]','warning in index_site_controller.'),(1072,4,'my_category',1539024046.08,'[::1][4][-]','info in index_site_controller.'),(1073,1,'my_category',1539024046.08,'[::1][4][-]','error in index_site_controller.'),(1074,2,'my_category',1539024046.08,'[::1][4][-]','warning in index_site_controller.'),(1075,4,'my_category',1539024061.76,'[::1][-][-]','info in index_site_controller.'),(1076,1,'my_category',1539024061.76,'[::1][-][-]','error in index_site_controller.'),(1077,2,'my_category',1539024061.76,'[::1][-][-]','warning in index_site_controller.'),(1078,4,'my_category',1539024065.24,'[::1][-][-]','info in index_site_controller.'),(1079,1,'my_category',1539024065.24,'[::1][-][-]','error in index_site_controller.'),(1080,2,'my_category',1539024065.24,'[::1][-][-]','warning in index_site_controller.'),(1081,4,'my_category',1539024111.04,'[::1][-][-]','info in index_site_controller.'),(1082,1,'my_category',1539024111.04,'[::1][-][-]','error in index_site_controller.'),(1083,2,'my_category',1539024111.04,'[::1][-][-]','warning in index_site_controller.'),(1084,4,'my_category',1539024125.83,'[::1][-][-]','info in index_site_controller.'),(1085,1,'my_category',1539024125.83,'[::1][-][-]','error in index_site_controller.'),(1086,2,'my_category',1539024125.83,'[::1][-][-]','warning in index_site_controller.'),(1087,4,'my_category',1539024238.08,'[::1][4][-]','info in index_site_controller.'),(1088,1,'my_category',1539024238.08,'[::1][4][-]','error in index_site_controller.'),(1089,2,'my_category',1539024238.08,'[::1][4][-]','warning in index_site_controller.'),(1090,4,'my_category',1539024243.34,'[::1][4][-]','info in index_site_controller.'),(1091,1,'my_category',1539024243.34,'[::1][4][-]','error in index_site_controller.'),(1092,2,'my_category',1539024243.34,'[::1][4][-]','warning in index_site_controller.'),(1093,4,'my_category',1539024299.16,'[::1][4][-]','info in index_site_controller.'),(1094,1,'my_category',1539024299.16,'[::1][4][-]','error in index_site_controller.'),(1095,2,'my_category',1539024299.16,'[::1][4][-]','warning in index_site_controller.'),(1096,4,'my_category',1539024309.67,'[::1][4][-]','info in index_site_controller.'),(1097,1,'my_category',1539024309.67,'[::1][4][-]','error in index_site_controller.'),(1098,2,'my_category',1539024309.67,'[::1][4][-]','warning in index_site_controller.'),(1099,4,'my_category',1539024331.54,'[::1][4][-]','info in index_site_controller.'),(1100,1,'my_category',1539024331.54,'[::1][4][-]','error in index_site_controller.'),(1101,2,'my_category',1539024331.54,'[::1][4][-]','warning in index_site_controller.'),(1102,4,'my_category',1539024333.28,'[::1][4][-]','info in index_site_controller.'),(1103,1,'my_category',1539024333.28,'[::1][4][-]','error in index_site_controller.'),(1104,2,'my_category',1539024333.28,'[::1][4][-]','warning in index_site_controller.'),(1105,4,'my_category',1539024409.17,'[::1][4][-]','info in index_site_controller.'),(1106,1,'my_category',1539024409.17,'[::1][4][-]','error in index_site_controller.'),(1107,2,'my_category',1539024409.17,'[::1][4][-]','warning in index_site_controller.'),(1108,4,'my_category',1539024412.5,'[::1][4][-]','info in index_site_controller.'),(1109,1,'my_category',1539024412.5,'[::1][4][-]','error in index_site_controller.'),(1110,2,'my_category',1539024412.5,'[::1][4][-]','warning in index_site_controller.'),(1111,4,'my_category',1539024449.4,'[::1][4][-]','info in index_site_controller.'),(1112,1,'my_category',1539024449.4,'[::1][4][-]','error in index_site_controller.'),(1113,2,'my_category',1539024449.4,'[::1][4][-]','warning in index_site_controller.'),(1114,4,'my_category',1539024451.54,'[::1][4][-]','info in index_site_controller.'),(1115,1,'my_category',1539024451.54,'[::1][4][-]','error in index_site_controller.'),(1116,2,'my_category',1539024451.54,'[::1][4][-]','warning in index_site_controller.'),(1117,4,'my_category',1539024453.49,'[::1][4][-]','info in index_site_controller.'),(1118,1,'my_category',1539024453.49,'[::1][4][-]','error in index_site_controller.'),(1119,2,'my_category',1539024453.49,'[::1][4][-]','warning in index_site_controller.'),(1120,4,'my_category',1539024454.28,'[::1][4][-]','info in index_site_controller.'),(1121,1,'my_category',1539024454.28,'[::1][4][-]','error in index_site_controller.'),(1122,2,'my_category',1539024454.28,'[::1][4][-]','warning in index_site_controller.'),(1123,4,'my_category',1539024891.28,'[::1][4][-]','info in index_site_controller.'),(1124,1,'my_category',1539024891.28,'[::1][4][-]','error in index_site_controller.'),(1125,2,'my_category',1539024891.28,'[::1][4][-]','warning in index_site_controller.'),(1126,4,'my_category',1539024958.35,'[::1][4][-]','info in index_site_controller.'),(1127,1,'my_category',1539024958.35,'[::1][4][-]','error in index_site_controller.'),(1128,2,'my_category',1539024958.35,'[::1][4][-]','warning in index_site_controller.'),(1129,4,'my_category',1539025219.11,'[::1][4][-]','info in index_site_controller.'),(1130,1,'my_category',1539025219.11,'[::1][4][-]','error in index_site_controller.'),(1131,2,'my_category',1539025219.11,'[::1][4][-]','warning in index_site_controller.'),(1132,4,'my_category',1539025232.2,'[::1][4][-]','info in index_site_controller.'),(1133,1,'my_category',1539025232.2,'[::1][4][-]','error in index_site_controller.'),(1134,2,'my_category',1539025232.2,'[::1][4][-]','warning in index_site_controller.'),(1135,4,'my_category',1539025270.94,'[::1][4][-]','info in index_site_controller.'),(1136,1,'my_category',1539025270.94,'[::1][4][-]','error in index_site_controller.'),(1137,2,'my_category',1539025270.94,'[::1][4][-]','warning in index_site_controller.'),(1138,4,'my_category',1539025339.26,'[::1][4][-]','info in index_site_controller.'),(1139,1,'my_category',1539025339.26,'[::1][4][-]','error in index_site_controller.'),(1140,2,'my_category',1539025339.26,'[::1][4][-]','warning in index_site_controller.'),(1141,4,'my_category',1539025364.52,'[::1][4][-]','info in index_site_controller.'),(1142,1,'my_category',1539025364.52,'[::1][4][-]','error in index_site_controller.'),(1143,2,'my_category',1539025364.52,'[::1][4][-]','warning in index_site_controller.'),(1144,4,'my_category',1539025386.96,'[::1][4][-]','info in index_site_controller.'),(1145,1,'my_category',1539025386.96,'[::1][4][-]','error in index_site_controller.'),(1146,2,'my_category',1539025386.96,'[::1][4][-]','warning in index_site_controller.'),(1147,4,'my_category',1539025404.98,'[::1][4][-]','info in index_site_controller.'),(1148,1,'my_category',1539025404.98,'[::1][4][-]','error in index_site_controller.'),(1149,2,'my_category',1539025404.98,'[::1][4][-]','warning in index_site_controller.'),(1150,4,'my_category',1539025439.74,'[::1][4][-]','info in index_site_controller.'),(1151,1,'my_category',1539025439.74,'[::1][4][-]','error in index_site_controller.'),(1152,2,'my_category',1539025439.74,'[::1][4][-]','warning in index_site_controller.'),(1153,4,'my_category',1539025461.2,'[::1][4][-]','info in index_site_controller.'),(1154,1,'my_category',1539025461.2,'[::1][4][-]','error in index_site_controller.'),(1155,2,'my_category',1539025461.2,'[::1][4][-]','warning in index_site_controller.'),(1156,4,'my_category',1539025474.4,'[::1][4][-]','info in index_site_controller.'),(1157,1,'my_category',1539025474.4,'[::1][4][-]','error in index_site_controller.'),(1158,2,'my_category',1539025474.4,'[::1][4][-]','warning in index_site_controller.'),(1159,4,'my_category',1539025484.68,'[::1][4][-]','info in index_site_controller.'),(1160,1,'my_category',1539025484.68,'[::1][4][-]','error in index_site_controller.'),(1161,2,'my_category',1539025484.68,'[::1][4][-]','warning in index_site_controller.'),(1162,4,'my_category',1539025505.46,'[::1][4][-]','info in index_site_controller.'),(1163,1,'my_category',1539025505.46,'[::1][4][-]','error in index_site_controller.'),(1164,2,'my_category',1539025505.46,'[::1][4][-]','warning in index_site_controller.'),(1165,4,'my_category',1539025509.05,'[::1][4][-]','info in index_site_controller.'),(1166,1,'my_category',1539025509.05,'[::1][4][-]','error in index_site_controller.'),(1167,2,'my_category',1539025509.05,'[::1][4][-]','warning in index_site_controller.'),(1168,4,'my_category',1539025524.05,'[::1][4][-]','info in index_site_controller.'),(1169,1,'my_category',1539025524.05,'[::1][4][-]','error in index_site_controller.'),(1170,2,'my_category',1539025524.05,'[::1][4][-]','warning in index_site_controller.'),(1171,4,'my_category',1539025525.28,'[::1][4][-]','info in index_site_controller.'),(1172,1,'my_category',1539025525.28,'[::1][4][-]','error in index_site_controller.'),(1173,2,'my_category',1539025525.28,'[::1][4][-]','warning in index_site_controller.'),(1174,4,'my_category',1539025527.89,'[::1][4][-]','info in index_site_controller.'),(1175,1,'my_category',1539025527.89,'[::1][4][-]','error in index_site_controller.'),(1176,2,'my_category',1539025527.89,'[::1][4][-]','warning in index_site_controller.'),(1177,4,'my_category',1539025530.03,'[::1][4][-]','info in index_site_controller.'),(1178,1,'my_category',1539025530.03,'[::1][4][-]','error in index_site_controller.'),(1179,2,'my_category',1539025530.03,'[::1][4][-]','warning in index_site_controller.'),(1180,4,'my_category',1539025532.22,'[::1][4][-]','info in index_site_controller.'),(1181,1,'my_category',1539025532.22,'[::1][4][-]','error in index_site_controller.'),(1182,2,'my_category',1539025532.22,'[::1][4][-]','warning in index_site_controller.'),(1183,4,'my_category',1539025533.89,'[::1][4][-]','info in index_site_controller.'),(1184,1,'my_category',1539025533.89,'[::1][4][-]','error in index_site_controller.'),(1185,2,'my_category',1539025533.89,'[::1][4][-]','warning in index_site_controller.'),(1186,4,'my_category',1539025535.7,'[::1][4][-]','info in index_site_controller.'),(1187,1,'my_category',1539025535.7,'[::1][4][-]','error in index_site_controller.'),(1188,2,'my_category',1539025535.7,'[::1][4][-]','warning in index_site_controller.'),(1189,4,'my_category',1539025537.11,'[::1][4][-]','info in index_site_controller.'),(1190,1,'my_category',1539025537.11,'[::1][4][-]','error in index_site_controller.'),(1191,2,'my_category',1539025537.11,'[::1][4][-]','warning in index_site_controller.'),(1192,4,'my_category',1539025540.75,'[::1][4][-]','info in index_site_controller.'),(1193,1,'my_category',1539025540.75,'[::1][4][-]','error in index_site_controller.'),(1194,2,'my_category',1539025540.75,'[::1][4][-]','warning in index_site_controller.'),(1195,4,'my_category',1539025600.13,'[::1][4][-]','info in index_site_controller.'),(1196,1,'my_category',1539025600.13,'[::1][4][-]','error in index_site_controller.'),(1197,2,'my_category',1539025600.13,'[::1][4][-]','warning in index_site_controller.'),(1198,4,'my_category',1539025601.95,'[::1][4][-]','info in index_site_controller.'),(1199,1,'my_category',1539025601.95,'[::1][4][-]','error in index_site_controller.'),(1200,2,'my_category',1539025601.95,'[::1][4][-]','warning in index_site_controller.'),(1201,4,'my_category',1539025604.03,'[::1][4][-]','info in index_site_controller.'),(1202,1,'my_category',1539025604.03,'[::1][4][-]','error in index_site_controller.'),(1203,2,'my_category',1539025604.03,'[::1][4][-]','warning in index_site_controller.'),(1204,4,'my_category',1539025619.15,'[::1][4][-]','info in index_site_controller.'),(1205,1,'my_category',1539025619.15,'[::1][4][-]','error in index_site_controller.'),(1206,2,'my_category',1539025619.15,'[::1][4][-]','warning in index_site_controller.'),(1207,4,'my_category',1539025908.13,'[::1][4][-]','info in index_site_controller.'),(1208,1,'my_category',1539025908.13,'[::1][4][-]','error in index_site_controller.'),(1209,2,'my_category',1539025908.13,'[::1][4][-]','warning in index_site_controller.'),(1210,4,'my_category',1539025912.24,'[::1][4][-]','info in index_site_controller.'),(1211,1,'my_category',1539025912.24,'[::1][4][-]','error in index_site_controller.'),(1212,2,'my_category',1539025912.24,'[::1][4][-]','warning in index_site_controller.'),(1213,4,'my_category',1539025918.3,'[::1][4][-]','info in index_site_controller.'),(1214,1,'my_category',1539025918.3,'[::1][4][-]','error in index_site_controller.'),(1215,2,'my_category',1539025918.3,'[::1][4][-]','warning in index_site_controller.'),(1216,4,'my_category',1539025936.06,'[::1][4][-]','info in index_site_controller.'),(1217,1,'my_category',1539025936.06,'[::1][4][-]','error in index_site_controller.'),(1218,2,'my_category',1539025936.06,'[::1][4][-]','warning in index_site_controller.'),(1219,4,'my_category',1539025938.81,'[::1][4][-]','info in index_site_controller.'),(1220,1,'my_category',1539025938.81,'[::1][4][-]','error in index_site_controller.'),(1221,2,'my_category',1539025938.81,'[::1][4][-]','warning in index_site_controller.'),(1222,4,'my_category',1539025940.03,'[::1][4][-]','info in index_site_controller.'),(1223,1,'my_category',1539025940.03,'[::1][4][-]','error in index_site_controller.'),(1224,2,'my_category',1539025940.03,'[::1][4][-]','warning in index_site_controller.'),(1225,4,'my_category',1539025952.54,'[::1][4][-]','info in index_site_controller.'),(1226,1,'my_category',1539025952.54,'[::1][4][-]','error in index_site_controller.'),(1227,2,'my_category',1539025952.54,'[::1][4][-]','warning in index_site_controller.'),(1228,4,'my_category',1539025955.06,'[::1][4][-]','info in index_site_controller.'),(1229,1,'my_category',1539025955.06,'[::1][4][-]','error in index_site_controller.'),(1230,2,'my_category',1539025955.06,'[::1][4][-]','warning in index_site_controller.'),(1231,4,'my_category',1539025982.84,'[::1][4][-]','info in index_site_controller.'),(1232,1,'my_category',1539025982.84,'[::1][4][-]','error in index_site_controller.'),(1233,2,'my_category',1539025982.84,'[::1][4][-]','warning in index_site_controller.'),(1234,4,'my_category',1539025996.4,'[::1][4][-]','info in index_site_controller.'),(1235,1,'my_category',1539025996.4,'[::1][4][-]','error in index_site_controller.'),(1236,2,'my_category',1539025996.4,'[::1][4][-]','warning in index_site_controller.'),(1237,4,'my_category',1539026010.36,'[::1][4][-]','info in index_site_controller.'),(1238,1,'my_category',1539026010.36,'[::1][4][-]','error in index_site_controller.'),(1239,2,'my_category',1539026010.36,'[::1][4][-]','warning in index_site_controller.'),(1240,4,'my_category',1539026021.12,'[::1][4][-]','info in index_site_controller.'),(1241,1,'my_category',1539026021.12,'[::1][4][-]','error in index_site_controller.'),(1242,2,'my_category',1539026021.12,'[::1][4][-]','warning in index_site_controller.'),(1243,4,'my_category',1539026027.7,'[::1][4][-]','info in index_site_controller.'),(1244,1,'my_category',1539026027.7,'[::1][4][-]','error in index_site_controller.'),(1245,2,'my_category',1539026027.7,'[::1][4][-]','warning in index_site_controller.'),(1246,4,'my_category',1539026029.3,'[::1][4][-]','info in index_site_controller.'),(1247,1,'my_category',1539026029.3,'[::1][4][-]','error in index_site_controller.'),(1248,2,'my_category',1539026029.3,'[::1][4][-]','warning in index_site_controller.'),(1249,4,'my_category',1539026031.63,'[::1][4][-]','info in index_site_controller.'),(1250,1,'my_category',1539026031.63,'[::1][4][-]','error in index_site_controller.'),(1251,2,'my_category',1539026031.63,'[::1][4][-]','warning in index_site_controller.'),(1252,4,'my_category',1539026033.74,'[::1][4][-]','info in index_site_controller.'),(1253,1,'my_category',1539026033.74,'[::1][4][-]','error in index_site_controller.'),(1254,2,'my_category',1539026033.74,'[::1][4][-]','warning in index_site_controller.'),(1255,4,'my_category',1539026038.12,'[::1][4][-]','info in index_site_controller.'),(1256,1,'my_category',1539026038.12,'[::1][4][-]','error in index_site_controller.'),(1257,2,'my_category',1539026038.12,'[::1][4][-]','warning in index_site_controller.'),(1258,4,'my_category',1539026044.05,'[::1][4][-]','info in index_site_controller.'),(1259,1,'my_category',1539026044.05,'[::1][4][-]','error in index_site_controller.'),(1260,2,'my_category',1539026044.05,'[::1][4][-]','warning in index_site_controller.'),(1261,4,'my_category',1539026045.23,'[::1][4][-]','info in index_site_controller.'),(1262,1,'my_category',1539026045.23,'[::1][4][-]','error in index_site_controller.'),(1263,2,'my_category',1539026045.23,'[::1][4][-]','warning in index_site_controller.'),(1264,4,'my_category',1539026052.71,'[::1][4][-]','info in index_site_controller.'),(1265,1,'my_category',1539026052.71,'[::1][4][-]','error in index_site_controller.'),(1266,2,'my_category',1539026052.71,'[::1][4][-]','warning in index_site_controller.'),(1267,4,'my_category',1539026055.48,'[::1][4][-]','info in index_site_controller.'),(1268,1,'my_category',1539026055.48,'[::1][4][-]','error in index_site_controller.'),(1269,2,'my_category',1539026055.48,'[::1][4][-]','warning in index_site_controller.'),(1270,4,'my_category',1539026062.47,'[::1][4][-]','info in index_site_controller.'),(1271,1,'my_category',1539026062.47,'[::1][4][-]','error in index_site_controller.'),(1272,2,'my_category',1539026062.47,'[::1][4][-]','warning in index_site_controller.'),(1273,4,'my_category',1539026065.28,'[::1][4][-]','info in index_site_controller.'),(1274,1,'my_category',1539026065.28,'[::1][4][-]','error in index_site_controller.'),(1275,2,'my_category',1539026065.28,'[::1][4][-]','warning in index_site_controller.'),(1276,4,'my_category',1539026072.51,'[::1][4][-]','info in index_site_controller.'),(1277,1,'my_category',1539026072.51,'[::1][4][-]','error in index_site_controller.'),(1278,2,'my_category',1539026072.51,'[::1][4][-]','warning in index_site_controller.'),(1279,4,'my_category',1539026075.11,'[::1][4][-]','info in index_site_controller.'),(1280,1,'my_category',1539026075.11,'[::1][4][-]','error in index_site_controller.'),(1281,2,'my_category',1539026075.11,'[::1][4][-]','warning in index_site_controller.'),(1282,4,'my_category',1539026079.17,'[::1][4][-]','info in index_site_controller.'),(1283,1,'my_category',1539026079.17,'[::1][4][-]','error in index_site_controller.'),(1284,2,'my_category',1539026079.17,'[::1][4][-]','warning in index_site_controller.'),(1285,4,'my_category',1539026619.48,'[::1][4][-]','info in index_site_controller.'),(1286,1,'my_category',1539026619.48,'[::1][4][-]','error in index_site_controller.'),(1287,2,'my_category',1539026619.48,'[::1][4][-]','warning in index_site_controller.'),(1288,4,'my_category',1539026621.95,'[::1][4][-]','info in index_site_controller.'),(1289,1,'my_category',1539026621.95,'[::1][4][-]','error in index_site_controller.'),(1290,2,'my_category',1539026621.95,'[::1][4][-]','warning in index_site_controller.'),(1291,4,'my_category',1539026623.36,'[::1][4][-]','info in index_site_controller.'),(1292,1,'my_category',1539026623.36,'[::1][4][-]','error in index_site_controller.'),(1293,2,'my_category',1539026623.36,'[::1][4][-]','warning in index_site_controller.'),(1294,4,'my_category',1539026625.33,'[::1][4][-]','info in index_site_controller.'),(1295,1,'my_category',1539026625.33,'[::1][4][-]','error in index_site_controller.'),(1296,2,'my_category',1539026625.33,'[::1][4][-]','warning in index_site_controller.'),(1297,4,'my_category',1539026635,'[::1][-][-]','info in index_site_controller.'),(1298,1,'my_category',1539026635,'[::1][-][-]','error in index_site_controller.'),(1299,2,'my_category',1539026635,'[::1][-][-]','warning in index_site_controller.'),(1300,4,'my_category',1539026637.13,'[::1][-][-]','info in index_site_controller.'),(1301,1,'my_category',1539026637.13,'[::1][-][-]','error in index_site_controller.'),(1302,2,'my_category',1539026637.13,'[::1][-][-]','warning in index_site_controller.'),(1303,4,'my_category',1539026641.72,'[::1][-][-]','info in index_site_controller.'),(1304,1,'my_category',1539026641.72,'[::1][-][-]','error in index_site_controller.'),(1305,2,'my_category',1539026641.72,'[::1][-][-]','warning in index_site_controller.'),(1306,4,'my_category',1539026645.88,'[::1][-][-]','info in index_site_controller.'),(1307,1,'my_category',1539026645.88,'[::1][-][-]','error in index_site_controller.'),(1308,2,'my_category',1539026645.88,'[::1][-][-]','warning in index_site_controller.'),(1309,4,'my_category',1539032132.85,'[::1][-][-]','info in index_site_controller.'),(1310,1,'my_category',1539032132.85,'[::1][-][-]','error in index_site_controller.'),(1311,2,'my_category',1539032132.85,'[::1][-][-]','warning in index_site_controller.'),(1312,4,'my_category',1539032135.66,'[::1][-][-]','info in index_site_controller.'),(1313,1,'my_category',1539032135.66,'[::1][-][-]','error in index_site_controller.'),(1314,2,'my_category',1539032135.66,'[::1][-][-]','warning in index_site_controller.'),(1315,4,'my_category',1539032141.52,'[::1][-][-]','info in index_site_controller.'),(1316,1,'my_category',1539032141.52,'[::1][-][-]','error in index_site_controller.'),(1317,2,'my_category',1539032141.52,'[::1][-][-]','warning in index_site_controller.'),(1318,4,'my_category',1539032321.15,'[::1][-][-]','info in index_site_controller.'),(1319,1,'my_category',1539032321.15,'[::1][-][-]','error in index_site_controller.'),(1320,2,'my_category',1539032321.15,'[::1][-][-]','warning in index_site_controller.'),(1321,4,'my_category',1539032331.42,'[::1][-][-]','info in index_site_controller.'),(1322,1,'my_category',1539032331.42,'[::1][-][-]','error in index_site_controller.'),(1323,2,'my_category',1539032331.42,'[::1][-][-]','warning in index_site_controller.'),(1324,4,'my_category',1539032336.95,'[::1][-][-]','info in index_site_controller.'),(1325,1,'my_category',1539032336.95,'[::1][-][-]','error in index_site_controller.'),(1326,2,'my_category',1539032336.95,'[::1][-][-]','warning in index_site_controller.'),(1327,4,'my_category',1539032341.27,'[::1][-][-]','info in index_site_controller.'),(1328,1,'my_category',1539032341.27,'[::1][-][-]','error in index_site_controller.'),(1329,2,'my_category',1539032341.27,'[::1][-][-]','warning in index_site_controller.'),(1330,4,'my_category',1539032349.96,'[::1][4][-]','info in index_site_controller.'),(1331,1,'my_category',1539032349.96,'[::1][4][-]','error in index_site_controller.'),(1332,2,'my_category',1539032349.96,'[::1][4][-]','warning in index_site_controller.'),(1333,4,'my_category',1539032356.25,'[::1][4][-]','info in index_site_controller.'),(1334,1,'my_category',1539032356.25,'[::1][4][-]','error in index_site_controller.'),(1335,2,'my_category',1539032356.25,'[::1][4][-]','warning in index_site_controller.'),(1336,4,'my_category',1539032358.55,'[::1][4][-]','info in index_site_controller.'),(1337,1,'my_category',1539032358.55,'[::1][4][-]','error in index_site_controller.'),(1338,2,'my_category',1539032358.55,'[::1][4][-]','warning in index_site_controller.'),(1339,4,'my_category',1539032406.01,'[::1][4][-]','info in index_site_controller.'),(1340,1,'my_category',1539032406.01,'[::1][4][-]','error in index_site_controller.'),(1341,2,'my_category',1539032406.01,'[::1][4][-]','warning in index_site_controller.'),(1342,4,'my_category',1539032407.93,'[::1][4][-]','info in index_site_controller.'),(1343,1,'my_category',1539032407.93,'[::1][4][-]','error in index_site_controller.'),(1344,2,'my_category',1539032407.93,'[::1][4][-]','warning in index_site_controller.'),(1345,4,'my_category',1539032409.77,'[::1][4][-]','info in index_site_controller.'),(1346,1,'my_category',1539032409.77,'[::1][4][-]','error in index_site_controller.'),(1347,2,'my_category',1539032409.77,'[::1][4][-]','warning in index_site_controller.'),(1348,4,'my_category',1539032412.78,'[::1][4][-]','info in index_site_controller.'),(1349,1,'my_category',1539032412.78,'[::1][4][-]','error in index_site_controller.'),(1350,2,'my_category',1539032412.78,'[::1][4][-]','warning in index_site_controller.'),(1351,4,'my_category',1539032718.54,'[::1][4][-]','info in index_site_controller.'),(1352,1,'my_category',1539032718.54,'[::1][4][-]','error in index_site_controller.'),(1353,2,'my_category',1539032718.54,'[::1][4][-]','warning in index_site_controller.'),(1354,4,'my_category',1539032791.77,'[::1][-][-]','info in index_site_controller.'),(1355,1,'my_category',1539032791.77,'[::1][-][-]','error in index_site_controller.'),(1356,2,'my_category',1539032791.77,'[::1][-][-]','warning in index_site_controller.'),(1357,4,'my_category',1539032798.73,'[::1][-][-]','info in index_site_controller.'),(1358,1,'my_category',1539032798.73,'[::1][-][-]','error in index_site_controller.'),(1359,2,'my_category',1539032798.73,'[::1][-][-]','warning in index_site_controller.'),(1360,4,'my_category',1539032802.73,'[::1][-][-]','info in index_site_controller.'),(1361,1,'my_category',1539032802.73,'[::1][-][-]','error in index_site_controller.'),(1362,2,'my_category',1539032802.73,'[::1][-][-]','warning in index_site_controller.'),(1363,4,'my_category',1539032816.41,'[::1][-][-]','info in index_site_controller.'),(1364,1,'my_category',1539032816.41,'[::1][-][-]','error in index_site_controller.'),(1365,2,'my_category',1539032816.41,'[::1][-][-]','warning in index_site_controller.'),(1366,4,'my_category',1539032825.03,'[::1][-][-]','info in index_site_controller.'),(1367,1,'my_category',1539032825.03,'[::1][-][-]','error in index_site_controller.'),(1368,2,'my_category',1539032825.03,'[::1][-][-]','warning in index_site_controller.'),(1369,4,'my_category',1539032829.41,'[::1][4][-]','info in index_site_controller.'),(1370,1,'my_category',1539032829.41,'[::1][4][-]','error in index_site_controller.'),(1371,2,'my_category',1539032829.41,'[::1][4][-]','warning in index_site_controller.'),(1372,4,'my_category',1539032830.92,'[::1][4][-]','info in index_site_controller.'),(1373,1,'my_category',1539032830.92,'[::1][4][-]','error in index_site_controller.'),(1374,2,'my_category',1539032830.92,'[::1][4][-]','warning in index_site_controller.'),(1375,4,'my_category',1539032852.54,'[::1][4][-]','info in index_site_controller.'),(1376,1,'my_category',1539032852.54,'[::1][4][-]','error in index_site_controller.'),(1377,2,'my_category',1539032852.54,'[::1][4][-]','warning in index_site_controller.'),(1378,4,'my_category',1539032863.29,'[::1][4][-]','info in index_site_controller.'),(1379,1,'my_category',1539032863.29,'[::1][4][-]','error in index_site_controller.'),(1380,2,'my_category',1539032863.3,'[::1][4][-]','warning in index_site_controller.'),(1381,4,'my_category',1539032876.9,'[::1][4][-]','info in index_site_controller.'),(1382,1,'my_category',1539032876.9,'[::1][4][-]','error in index_site_controller.'),(1383,2,'my_category',1539032876.9,'[::1][4][-]','warning in index_site_controller.'),(1384,4,'my_category',1539032896.6,'[::1][4][-]','info in index_site_controller.'),(1385,1,'my_category',1539032896.6,'[::1][4][-]','error in index_site_controller.'),(1386,2,'my_category',1539032896.6,'[::1][4][-]','warning in index_site_controller.'),(1387,4,'my_category',1539032917.86,'[::1][4][-]','info in index_site_controller.'),(1388,1,'my_category',1539032917.86,'[::1][4][-]','error in index_site_controller.'),(1389,2,'my_category',1539032917.86,'[::1][4][-]','warning in index_site_controller.'),(1390,4,'my_category',1539032923.31,'[::1][4][-]','info in index_site_controller.'),(1391,1,'my_category',1539032923.31,'[::1][4][-]','error in index_site_controller.'),(1392,2,'my_category',1539032923.31,'[::1][4][-]','warning in index_site_controller.'),(1393,4,'my_category',1539032933.93,'[::1][4][-]','info in index_site_controller.'),(1394,1,'my_category',1539032933.93,'[::1][4][-]','error in index_site_controller.'),(1395,2,'my_category',1539032933.93,'[::1][4][-]','warning in index_site_controller.'),(1396,4,'my_category',1539032951.24,'[::1][4][-]','info in index_site_controller.'),(1397,1,'my_category',1539032951.24,'[::1][4][-]','error in index_site_controller.'),(1398,2,'my_category',1539032951.24,'[::1][4][-]','warning in index_site_controller.'),(1399,4,'my_category',1539032953.49,'[::1][4][-]','info in index_site_controller.'),(1400,1,'my_category',1539032953.49,'[::1][4][-]','error in index_site_controller.'),(1401,2,'my_category',1539032953.49,'[::1][4][-]','warning in index_site_controller.'),(1402,4,'my_category',1539032962.09,'[::1][-][-]','info in index_site_controller.'),(1403,1,'my_category',1539032962.09,'[::1][-][-]','error in index_site_controller.'),(1404,2,'my_category',1539032962.09,'[::1][-][-]','warning in index_site_controller.'),(1405,4,'my_category',1539032970.91,'[::1][-][-]','info in index_site_controller.'),(1406,1,'my_category',1539032970.91,'[::1][-][-]','error in index_site_controller.'),(1407,2,'my_category',1539032970.91,'[::1][-][-]','warning in index_site_controller.'),(1408,4,'my_category',1539032976.9,'[::1][-][-]','info in index_site_controller.'),(1409,1,'my_category',1539032976.9,'[::1][-][-]','error in index_site_controller.'),(1410,2,'my_category',1539032976.9,'[::1][-][-]','warning in index_site_controller.'),(1411,4,'my_category',1539032995.43,'[::1][-][-]','info in index_site_controller.'),(1412,1,'my_category',1539032995.43,'[::1][-][-]','error in index_site_controller.'),(1413,2,'my_category',1539032995.43,'[::1][-][-]','warning in index_site_controller.'),(1414,4,'my_category',1539071460.3337,'[127.0.0.1][4][-]','info in index_site_controller.'),(1415,1,'my_category',1539071460.3337,'[127.0.0.1][4][-]','error in index_site_controller.'),(1416,2,'my_category',1539071460.3337,'[127.0.0.1][4][-]','warning in index_site_controller.'),(1417,4,'my_category',1539328513.2678,'[127.0.0.1][-][-]','info in index_site_controller.'),(1418,1,'my_category',1539328513.2678,'[127.0.0.1][-][-]','error in index_site_controller.'),(1419,2,'my_category',1539328513.2678,'[127.0.0.1][-][-]','warning in index_site_controller.'),(1420,4,'my_category',1539589644.7609,'[127.0.0.1][4][-]','info in index_site_controller.'),(1421,1,'my_category',1539589644.7609,'[127.0.0.1][4][-]','error in index_site_controller.'),(1422,2,'my_category',1539589644.7609,'[127.0.0.1][4][-]','warning in index_site_controller.'),(1423,4,'my_category',1539679264.1957,'[127.0.0.1][-][-]','info in index_site_controller.'),(1424,1,'my_category',1539679264.1957,'[127.0.0.1][-][-]','error in index_site_controller.'),(1425,2,'my_category',1539679264.1957,'[127.0.0.1][-][-]','warning in index_site_controller.'),(1426,4,'my_category',1539723805.52,'[::1][4][-]','info in index_site_controller.'),(1427,1,'my_category',1539723805.52,'[::1][4][-]','error in index_site_controller.'),(1428,2,'my_category',1539723805.52,'[::1][4][-]','warning in index_site_controller.'),(1429,4,'my_category',1539762480.8515,'[127.0.0.1][4][-]','info in index_site_controller.'),(1430,1,'my_category',1539762480.8515,'[127.0.0.1][4][-]','error in index_site_controller.'),(1431,2,'my_category',1539762480.8515,'[127.0.0.1][4][-]','warning in index_site_controller.'),(1432,4,'my_category',1539762494.9432,'[127.0.0.1][4][krv4c7q6dukieos9c5v8ij60oqkk4h01]','info in index_site_controller.'),(1433,1,'my_category',1539762494.9433,'[127.0.0.1][4][krv4c7q6dukieos9c5v8ij60oqkk4h01]','error in index_site_controller.'),(1434,2,'my_category',1539762494.9433,'[127.0.0.1][4][krv4c7q6dukieos9c5v8ij60oqkk4h01]','warning in index_site_controller.'),(1435,4,'my_category',1539847468.0084,'[127.0.0.1][-][-]','info in index_site_controller.'),(1436,1,'my_category',1539847468.0085,'[127.0.0.1][-][-]','error in index_site_controller.'),(1437,2,'my_category',1539847468.0085,'[127.0.0.1][-][-]','warning in index_site_controller.'),(1438,4,'my_category',1539848351.9335,'[127.0.0.1][4][-]','info in index_site_controller.'),(1439,1,'my_category',1539848351.9335,'[127.0.0.1][4][-]','error in index_site_controller.'),(1440,2,'my_category',1539848351.9335,'[127.0.0.1][4][-]','warning in index_site_controller.'),(1441,4,'my_category',1539848366.1488,'[127.0.0.1][-][-]','info in index_site_controller.'),(1442,1,'my_category',1539848366.1488,'[127.0.0.1][-][-]','error in index_site_controller.'),(1443,2,'my_category',1539848366.1488,'[127.0.0.1][-][-]','warning in index_site_controller.'),(1444,4,'my_category',1539848372.3771,'[127.0.0.1][-][-]','info in index_site_controller.'),(1445,1,'my_category',1539848372.3771,'[127.0.0.1][-][-]','error in index_site_controller.'),(1446,2,'my_category',1539848372.3771,'[127.0.0.1][-][-]','warning in index_site_controller.'),(1447,4,'my_category',1539849885.2642,'[127.0.0.1][4][-]','info in index_site_controller.'),(1448,1,'my_category',1539849885.2642,'[127.0.0.1][4][-]','error in index_site_controller.'),(1449,2,'my_category',1539849885.2642,'[127.0.0.1][4][-]','warning in index_site_controller.'),(1450,4,'my_category',1539849886.5325,'[127.0.0.1][4][-]','info in index_site_controller.'),(1451,1,'my_category',1539849886.5325,'[127.0.0.1][4][-]','error in index_site_controller.'),(1452,2,'my_category',1539849886.5325,'[127.0.0.1][4][-]','warning in index_site_controller.'),(1453,4,'my_category',1539860752.0992,'[127.0.0.1][-][-]','info in index_site_controller.'),(1454,1,'my_category',1539860752.0992,'[127.0.0.1][-][-]','error in index_site_controller.'),(1455,2,'my_category',1539860752.0992,'[127.0.0.1][-][-]','warning in index_site_controller.'),(1456,4,'my_category',1539860816.1982,'[127.0.0.1][4][-]','info in index_site_controller.'),(1457,1,'my_category',1539860816.1982,'[127.0.0.1][4][-]','error in index_site_controller.'),(1458,2,'my_category',1539860816.1982,'[127.0.0.1][4][-]','warning in index_site_controller.'),(1459,4,'my_category',1539934742.5707,'[127.0.0.1][-][-]','info in index_site_controller.'),(1460,1,'my_category',1539934742.5708,'[127.0.0.1][-][-]','error in index_site_controller.'),(1461,2,'my_category',1539934742.5708,'[127.0.0.1][-][-]','warning in index_site_controller.'),(1462,4,'my_category',1540112172.24,'[::1][4][-]','info in index_site_controller.'),(1463,1,'my_category',1540112172.24,'[::1][4][-]','error in index_site_controller.'),(1464,2,'my_category',1540112172.24,'[::1][4][-]','warning in index_site_controller.'),(1465,4,'my_category',1540193219.1414,'[127.0.0.1][-][-]','info in index_site_controller.'),(1466,1,'my_category',1540193219.1414,'[127.0.0.1][-][-]','error in index_site_controller.'),(1467,2,'my_category',1540193219.1414,'[127.0.0.1][-][-]','warning in index_site_controller.'),(1468,4,'my_category',1540386783.7997,'[127.0.0.1][4][-]','info in index_site_controller.'),(1469,1,'my_category',1540386783.7998,'[127.0.0.1][4][-]','error in index_site_controller.'),(1470,2,'my_category',1540386783.7998,'[127.0.0.1][4][-]','warning in index_site_controller.'),(1471,4,'my_category',1540454731.4681,'[127.0.0.1][-][-]','info in index_site_controller.'),(1472,1,'my_category',1540454731.4681,'[127.0.0.1][-][-]','error in index_site_controller.'),(1473,2,'my_category',1540454731.4681,'[127.0.0.1][-][-]','warning in index_site_controller.'),(1474,4,'my_category',1540454967.4761,'[127.0.0.1][-][-]','info in index_site_controller.'),(1475,1,'my_category',1540454967.4761,'[127.0.0.1][-][-]','error in index_site_controller.'),(1476,2,'my_category',1540454967.4761,'[127.0.0.1][-][-]','warning in index_site_controller.'),(1477,4,'my_category',1540454969.9677,'[127.0.0.1][-][-]','info in index_site_controller.'),(1478,1,'my_category',1540454969.9677,'[127.0.0.1][-][-]','error in index_site_controller.'),(1479,2,'my_category',1540454969.9677,'[127.0.0.1][-][-]','warning in index_site_controller.'),(1480,4,'my_category',1540537932.7286,'[127.0.0.1][-][-]','info in index_site_controller.'),(1481,1,'my_category',1540537932.7286,'[127.0.0.1][-][-]','error in index_site_controller.'),(1482,2,'my_category',1540537932.7286,'[127.0.0.1][-][-]','warning in index_site_controller.'),(1483,4,'my_category',1540932709.78,'[::1][4][-]','info in index_site_controller.'),(1484,1,'my_category',1540932709.78,'[::1][4][-]','error in index_site_controller.'),(1485,2,'my_category',1540932709.78,'[::1][4][-]','warning in index_site_controller.'),(1486,4,'my_category',1540932731.86,'[::1][4][-]','info in index_site_controller.'),(1487,1,'my_category',1540932731.86,'[::1][4][-]','error in index_site_controller.'),(1488,2,'my_category',1540932731.86,'[::1][4][-]','warning in index_site_controller.'),(1489,4,'my_category',1540932734.12,'[::1][4][-]','info in index_site_controller.'),(1490,1,'my_category',1540932734.12,'[::1][4][-]','error in index_site_controller.'),(1491,2,'my_category',1540932734.12,'[::1][4][-]','warning in index_site_controller.'),(1492,4,'my_category',1540933698.71,'[::1][-][6284c60ffc65afe40de1fc1fe79e1e49]','info in index_site_controller.'),(1493,1,'my_category',1540933698.71,'[::1][-][6284c60ffc65afe40de1fc1fe79e1e49]','error in index_site_controller.'),(1494,2,'my_category',1540933698.71,'[::1][-][6284c60ffc65afe40de1fc1fe79e1e49]','warning in index_site_controller.'),(1495,4,'my_category',1540933722.06,'[::1][-][-]','info in index_site_controller.'),(1496,1,'my_category',1540933722.06,'[::1][-][-]','error in index_site_controller.'),(1497,2,'my_category',1540933722.06,'[::1][-][-]','warning in index_site_controller.'),(1498,4,'my_category',1540933739.16,'[::1][-][-]','info in index_site_controller.'),(1499,1,'my_category',1540933739.16,'[::1][-][-]','error in index_site_controller.'),(1500,2,'my_category',1540933739.16,'[::1][-][-]','warning in index_site_controller.'),(1501,4,'my_category',1540933742.97,'[::1][-][-]','info in index_site_controller.'),(1502,1,'my_category',1540933742.97,'[::1][-][-]','error in index_site_controller.'),(1503,2,'my_category',1540933742.97,'[::1][-][-]','warning in index_site_controller.'),(1504,4,'my_category',1540933746.17,'[::1][-][-]','info in index_site_controller.'),(1505,1,'my_category',1540933746.17,'[::1][-][-]','error in index_site_controller.'),(1506,2,'my_category',1540933746.17,'[::1][-][-]','warning in index_site_controller.'),(1507,4,'my_category',1540933749.14,'[::1][-][-]','info in index_site_controller.'),(1508,1,'my_category',1540933749.14,'[::1][-][-]','error in index_site_controller.'),(1509,2,'my_category',1540933749.14,'[::1][-][-]','warning in index_site_controller.'),(1510,4,'my_category',1540933813.01,'[::1][-][-]','info in index_site_controller.'),(1511,1,'my_category',1540933813.01,'[::1][-][-]','error in index_site_controller.'),(1512,2,'my_category',1540933813.01,'[::1][-][-]','warning in index_site_controller.'),(1513,4,'my_category',1540933813.96,'[::1][-][-]','info in index_site_controller.'),(1514,1,'my_category',1540933813.96,'[::1][-][-]','error in index_site_controller.'),(1515,2,'my_category',1540933813.96,'[::1][-][-]','warning in index_site_controller.'),(1516,4,'my_category',1540933976.43,'[::1][-][-]','info in index_site_controller.'),(1517,1,'my_category',1540933976.43,'[::1][-][-]','error in index_site_controller.'),(1518,2,'my_category',1540933976.43,'[::1][-][-]','warning in index_site_controller.'),(1519,4,'my_category',1540934126.78,'[::1][-][-]','info in index_site_controller.'),(1520,1,'my_category',1540934126.78,'[::1][-][-]','error in index_site_controller.'),(1521,2,'my_category',1540934126.78,'[::1][-][-]','warning in index_site_controller.'),(1522,4,'my_category',1540934206.59,'[::1][-][-]','info in index_site_controller.'),(1523,1,'my_category',1540934206.59,'[::1][-][-]','error in index_site_controller.'),(1524,2,'my_category',1540934206.59,'[::1][-][-]','warning in index_site_controller.'),(1525,4,'my_category',1540934249.32,'[::1][-][-]','info in index_site_controller.'),(1526,1,'my_category',1540934249.32,'[::1][-][-]','error in index_site_controller.'),(1527,2,'my_category',1540934249.32,'[::1][-][-]','warning in index_site_controller.'),(1528,4,'my_category',1540934293.94,'[::1][-][-]','info in index_site_controller.'),(1529,1,'my_category',1540934293.94,'[::1][-][-]','error in index_site_controller.'),(1530,2,'my_category',1540934293.94,'[::1][-][-]','warning in index_site_controller.'),(1531,4,'my_category',1540934345.48,'[::1][-][-]','info in index_site_controller.'),(1532,1,'my_category',1540934345.48,'[::1][-][-]','error in index_site_controller.'),(1533,2,'my_category',1540934345.48,'[::1][-][-]','warning in index_site_controller.'),(1534,4,'my_category',1540934397.05,'[::1][-][-]','info in index_site_controller.'),(1535,1,'my_category',1540934397.05,'[::1][-][-]','error in index_site_controller.'),(1536,2,'my_category',1540934397.05,'[::1][-][-]','warning in index_site_controller.'),(1537,4,'my_category',1540934613.23,'[::1][-][-]','info in index_site_controller.'),(1538,1,'my_category',1540934613.23,'[::1][-][-]','error in index_site_controller.'),(1539,2,'my_category',1540934613.23,'[::1][-][-]','warning in index_site_controller.'),(1540,4,'my_category',1540934619,'[::1][-][-]','info in index_site_controller.'),(1541,1,'my_category',1540934619,'[::1][-][-]','error in index_site_controller.'),(1542,2,'my_category',1540934619,'[::1][-][-]','warning in index_site_controller.'),(1543,4,'my_category',1540934625.22,'[::1][-][-]','info in index_site_controller.'),(1544,1,'my_category',1540934625.22,'[::1][-][-]','error in index_site_controller.'),(1545,2,'my_category',1540934625.22,'[::1][-][-]','warning in index_site_controller.'),(1546,4,'my_category',1540934626.79,'[::1][-][-]','info in index_site_controller.'),(1547,1,'my_category',1540934626.79,'[::1][-][-]','error in index_site_controller.'),(1548,2,'my_category',1540934626.79,'[::1][-][-]','warning in index_site_controller.'),(1549,4,'my_category',1540934632.9,'[::1][4][-]','info in index_site_controller.'),(1550,1,'my_category',1540934632.9,'[::1][4][-]','error in index_site_controller.'),(1551,2,'my_category',1540934632.9,'[::1][4][-]','warning in index_site_controller.'),(1552,4,'my_category',1540934635.2,'[::1][4][-]','info in index_site_controller.'),(1553,1,'my_category',1540934635.2,'[::1][4][-]','error in index_site_controller.'),(1554,2,'my_category',1540934635.2,'[::1][4][-]','warning in index_site_controller.'),(1555,4,'my_category',1540934674.61,'[::1][-][-]','info in index_site_controller.'),(1556,1,'my_category',1540934674.61,'[::1][-][-]','error in index_site_controller.'),(1557,2,'my_category',1540934674.61,'[::1][-][-]','warning in index_site_controller.'),(1558,4,'my_category',1540934685.1,'[::1][-][-]','info in index_site_controller.'),(1559,1,'my_category',1540934685.1,'[::1][-][-]','error in index_site_controller.'),(1560,2,'my_category',1540934685.1,'[::1][-][-]','warning in index_site_controller.'),(1561,4,'my_category',1540934730.84,'[::1][-][-]','info in index_site_controller.'),(1562,1,'my_category',1540934730.84,'[::1][-][-]','error in index_site_controller.'),(1563,2,'my_category',1540934730.84,'[::1][-][-]','warning in index_site_controller.'),(1564,4,'my_category',1540934969.23,'[::1][-][-]','info in index_site_controller.'),(1565,1,'my_category',1540934969.23,'[::1][-][-]','error in index_site_controller.'),(1566,2,'my_category',1540934969.23,'[::1][-][-]','warning in index_site_controller.'),(1567,4,'my_category',1540934976.25,'[::1][-][-]','info in index_site_controller.'),(1568,1,'my_category',1540934976.25,'[::1][-][-]','error in index_site_controller.'),(1569,2,'my_category',1540934976.25,'[::1][-][-]','warning in index_site_controller.'),(1570,4,'my_category',1540935026.3,'[::1][4][-]','info in index_site_controller.'),(1571,1,'my_category',1540935026.3,'[::1][4][-]','error in index_site_controller.'),(1572,2,'my_category',1540935026.3,'[::1][4][-]','warning in index_site_controller.'),(1573,4,'my_category',1540935121.06,'[::1][4][-]','info in index_site_controller.'),(1574,1,'my_category',1540935121.06,'[::1][4][-]','error in index_site_controller.'),(1575,2,'my_category',1540935121.06,'[::1][4][-]','warning in index_site_controller.'),(1576,4,'my_category',1540935122.62,'[::1][-][-]','info in index_site_controller.'),(1577,1,'my_category',1540935122.62,'[::1][-][-]','error in index_site_controller.'),(1578,2,'my_category',1540935122.62,'[::1][-][-]','warning in index_site_controller.'),(1579,4,'my_category',1540935131.32,'[::1][-][-]','info in index_site_controller.'),(1580,1,'my_category',1540935131.32,'[::1][-][-]','error in index_site_controller.'),(1581,2,'my_category',1540935131.32,'[::1][-][-]','warning in index_site_controller.'),(1582,4,'my_category',1540935152,'[::1][4][-]','info in index_site_controller.'),(1583,1,'my_category',1540935152,'[::1][4][-]','error in index_site_controller.'),(1584,2,'my_category',1540935152,'[::1][4][-]','warning in index_site_controller.'),(1585,4,'my_category',1540935260.25,'[::1][4][-]','info in index_site_controller.'),(1586,1,'my_category',1540935260.25,'[::1][4][-]','error in index_site_controller.'),(1587,2,'my_category',1540935260.25,'[::1][4][-]','warning in index_site_controller.'),(1588,4,'my_category',1540935268.62,'[::1][4][-]','info in index_site_controller.'),(1589,1,'my_category',1540935268.62,'[::1][4][-]','error in index_site_controller.'),(1590,2,'my_category',1540935268.62,'[::1][4][-]','warning in index_site_controller.'),(1591,4,'my_category',1540935270.74,'[::1][4][d8ddb0541f6194bfdcbedf80f8d704e7]','info in index_site_controller.'),(1592,1,'my_category',1540935270.74,'[::1][4][d8ddb0541f6194bfdcbedf80f8d704e7]','error in index_site_controller.'),(1593,2,'my_category',1540935270.74,'[::1][4][d8ddb0541f6194bfdcbedf80f8d704e7]','warning in index_site_controller.'),(1594,4,'my_category',1540935273.18,'[::1][4][d8ddb0541f6194bfdcbedf80f8d704e7]','info in index_site_controller.'),(1595,1,'my_category',1540935273.19,'[::1][4][d8ddb0541f6194bfdcbedf80f8d704e7]','error in index_site_controller.'),(1596,2,'my_category',1540935273.19,'[::1][4][d8ddb0541f6194bfdcbedf80f8d704e7]','warning in index_site_controller.'),(1597,4,'my_category',1540935276.99,'[::1][-][-]','info in index_site_controller.'),(1598,1,'my_category',1540935276.99,'[::1][-][-]','error in index_site_controller.'),(1599,2,'my_category',1540935276.99,'[::1][-][-]','warning in index_site_controller.'),(1600,4,'my_category',1540935600.78,'[::1][-][-]','info in index_site_controller.'),(1601,1,'my_category',1540935600.78,'[::1][-][-]','error in index_site_controller.'),(1602,2,'my_category',1540935600.78,'[::1][-][-]','warning in index_site_controller.'),(1603,4,'my_category',1540971212.5499,'[127.0.0.1][4][2qm9fs4o59d7lio8npighvkk4kpeb1g4]','info in index_site_controller.'),(1604,1,'my_category',1540971212.5499,'[127.0.0.1][4][2qm9fs4o59d7lio8npighvkk4kpeb1g4]','error in index_site_controller.'),(1605,2,'my_category',1540971212.5499,'[127.0.0.1][4][2qm9fs4o59d7lio8npighvkk4kpeb1g4]','warning in index_site_controller.'),(1606,4,'my_category',1540971215.3905,'[127.0.0.1][4][-]','info in index_site_controller.'),(1607,1,'my_category',1540971215.3905,'[127.0.0.1][4][-]','error in index_site_controller.'),(1608,2,'my_category',1540971215.3905,'[127.0.0.1][4][-]','warning in index_site_controller.'),(1609,4,'my_category',1540971217.1007,'[127.0.0.1][-][-]','info in index_site_controller.'),(1610,1,'my_category',1540971217.1007,'[127.0.0.1][-][-]','error in index_site_controller.'),(1611,2,'my_category',1540971217.1007,'[127.0.0.1][-][-]','warning in index_site_controller.'),(1612,4,'my_category',1540971723.2925,'[127.0.0.1][-][-]','info in index_site_controller.'),(1613,1,'my_category',1540971723.2925,'[127.0.0.1][-][-]','error in index_site_controller.'),(1614,2,'my_category',1540971723.2925,'[127.0.0.1][-][-]','warning in index_site_controller.'),(1615,4,'my_category',1540971969.325,'[127.0.0.1][-][-]','info in index_site_controller.'),(1616,1,'my_category',1540971969.325,'[127.0.0.1][-][-]','error in index_site_controller.'),(1617,2,'my_category',1540971969.325,'[127.0.0.1][-][-]','warning in index_site_controller.'),(1618,4,'my_category',1540972008.6303,'[127.0.0.1][-][-]','info in index_site_controller.'),(1619,1,'my_category',1540972008.6303,'[127.0.0.1][-][-]','error in index_site_controller.'),(1620,2,'my_category',1540972008.6303,'[127.0.0.1][-][-]','warning in index_site_controller.'),(1621,4,'my_category',1540972009.835,'[127.0.0.1][-][-]','info in index_site_controller.'),(1622,1,'my_category',1540972009.835,'[127.0.0.1][-][-]','error in index_site_controller.'),(1623,2,'my_category',1540972009.835,'[127.0.0.1][-][-]','warning in index_site_controller.'),(1624,4,'my_category',1540972048.2512,'[127.0.0.1][-][-]','info in index_site_controller.'),(1625,1,'my_category',1540972048.2512,'[127.0.0.1][-][-]','error in index_site_controller.'),(1626,2,'my_category',1540972048.2512,'[127.0.0.1][-][-]','warning in index_site_controller.'),(1627,4,'my_category',1540972535.1656,'[127.0.0.1][-][-]','info in index_site_controller.'),(1628,1,'my_category',1540972535.1656,'[127.0.0.1][-][-]','error in index_site_controller.'),(1629,2,'my_category',1540972535.1656,'[127.0.0.1][-][-]','warning in index_site_controller.'),(1630,4,'my_category',1540972535.8456,'[127.0.0.1][-][-]','info in index_site_controller.'),(1631,1,'my_category',1540972535.8456,'[127.0.0.1][-][-]','error in index_site_controller.'),(1632,2,'my_category',1540972535.8456,'[127.0.0.1][-][-]','warning in index_site_controller.'),(1633,4,'my_category',1540972570.8607,'[127.0.0.1][-][-]','info in index_site_controller.'),(1634,1,'my_category',1540972570.8607,'[127.0.0.1][-][-]','error in index_site_controller.'),(1635,2,'my_category',1540972570.8607,'[127.0.0.1][-][-]','warning in index_site_controller.'),(1636,4,'my_category',1540972571.9964,'[127.0.0.1][-][-]','info in index_site_controller.'),(1637,1,'my_category',1540972571.9964,'[127.0.0.1][-][-]','error in index_site_controller.'),(1638,2,'my_category',1540972571.9964,'[127.0.0.1][-][-]','warning in index_site_controller.'),(1639,4,'my_category',1540972598.2739,'[127.0.0.1][-][-]','info in index_site_controller.'),(1640,1,'my_category',1540972598.2739,'[127.0.0.1][-][-]','error in index_site_controller.'),(1641,2,'my_category',1540972598.2739,'[127.0.0.1][-][-]','warning in index_site_controller.'),(1642,4,'my_category',1540972629.598,'[127.0.0.1][-][-]','info in index_site_controller.'),(1643,1,'my_category',1540972629.598,'[127.0.0.1][-][-]','error in index_site_controller.'),(1644,2,'my_category',1540972629.598,'[127.0.0.1][-][-]','warning in index_site_controller.'),(1645,4,'my_category',1540972679.6356,'[127.0.0.1][-][-]','info in index_site_controller.'),(1646,1,'my_category',1540972679.6356,'[127.0.0.1][-][-]','error in index_site_controller.'),(1647,2,'my_category',1540972679.6356,'[127.0.0.1][-][-]','warning in index_site_controller.'),(1648,4,'my_category',1540972831.1993,'[127.0.0.1][-][-]','info in index_site_controller.'),(1649,1,'my_category',1540972831.1993,'[127.0.0.1][-][-]','error in index_site_controller.'),(1650,2,'my_category',1540972831.1993,'[127.0.0.1][-][-]','warning in index_site_controller.'),(1651,4,'my_category',1540973052.9057,'[127.0.0.1][-][-]','info in index_site_controller.'),(1652,1,'my_category',1540973052.9057,'[127.0.0.1][-][-]','error in index_site_controller.'),(1653,2,'my_category',1540973052.9057,'[127.0.0.1][-][-]','warning in index_site_controller.'),(1654,4,'my_category',1540974829.9971,'[127.0.0.1][-][-]','info in index_site_controller.'),(1655,1,'my_category',1540974829.9971,'[127.0.0.1][-][-]','error in index_site_controller.'),(1656,2,'my_category',1540974829.9971,'[127.0.0.1][-][-]','warning in index_site_controller.'),(1657,4,'my_category',1540978198.5613,'[127.0.0.1][4][-]','info in index_site_controller.'),(1658,1,'my_category',1540978198.5613,'[127.0.0.1][4][-]','error in index_site_controller.'),(1659,2,'my_category',1540978198.5613,'[127.0.0.1][4][-]','warning in index_site_controller.'),(1660,4,'my_category',1540978201.4185,'[127.0.0.1][-][-]','info in index_site_controller.'),(1661,1,'my_category',1540978201.4186,'[127.0.0.1][-][-]','error in index_site_controller.'),(1662,2,'my_category',1540978201.4186,'[127.0.0.1][-][-]','warning in index_site_controller.'),(1663,4,'my_category',1540978441.6892,'[127.0.0.1][-][-]','info in index_site_controller.'),(1664,1,'my_category',1540978441.6892,'[127.0.0.1][-][-]','error in index_site_controller.'),(1665,2,'my_category',1540978441.6892,'[127.0.0.1][-][-]','warning in index_site_controller.'),(1666,4,'my_category',1540978523.1608,'[127.0.0.1][-][-]','info in index_site_controller.'),(1667,1,'my_category',1540978523.1608,'[127.0.0.1][-][-]','error in index_site_controller.'),(1668,2,'my_category',1540978523.1608,'[127.0.0.1][-][-]','warning in index_site_controller.'),(1669,4,'my_category',1540987681.4255,'[127.0.0.1][4][-]','info in index_site_controller.'),(1670,1,'my_category',1540987681.4255,'[127.0.0.1][4][-]','error in index_site_controller.'),(1671,2,'my_category',1540987681.4255,'[127.0.0.1][4][-]','warning in index_site_controller.'),(1672,4,'my_category',1540988130.0234,'[127.0.0.1][4][d1lgaqgqfdq76u53ktaniahui88sl70j]','info in index_site_controller.'),(1673,1,'my_category',1540988130.0234,'[127.0.0.1][4][d1lgaqgqfdq76u53ktaniahui88sl70j]','error in index_site_controller.'),(1674,2,'my_category',1540988130.0234,'[127.0.0.1][4][d1lgaqgqfdq76u53ktaniahui88sl70j]','warning in index_site_controller.'),(1675,4,'my_category',1540988388.5426,'[127.0.0.1][4][-]','info in index_site_controller.'),(1676,1,'my_category',1540988388.5426,'[127.0.0.1][4][-]','error in index_site_controller.'),(1677,2,'my_category',1540988388.5426,'[127.0.0.1][4][-]','warning in index_site_controller.'),(1678,4,'my_category',1540988400.8325,'[127.0.0.1][4][d1lgaqgqfdq76u53ktaniahui88sl70j]','info in index_site_controller.'),(1679,1,'my_category',1540988400.8325,'[127.0.0.1][4][d1lgaqgqfdq76u53ktaniahui88sl70j]','error in index_site_controller.'),(1680,2,'my_category',1540988400.8325,'[127.0.0.1][4][d1lgaqgqfdq76u53ktaniahui88sl70j]','warning in index_site_controller.'),(1681,4,'my_category',1540992598.2226,'[127.0.0.1][-][-]','info in index_site_controller.'),(1682,1,'my_category',1540992598.2226,'[127.0.0.1][-][-]','error in index_site_controller.'),(1683,2,'my_category',1540992598.2226,'[127.0.0.1][-][-]','warning in index_site_controller.'),(1684,4,'my_category',1540993250.3966,'[127.0.0.1][4][-]','info in index_site_controller.'),(1685,1,'my_category',1540993250.3966,'[127.0.0.1][4][-]','error in index_site_controller.'),(1686,2,'my_category',1540993250.3966,'[127.0.0.1][4][-]','warning in index_site_controller.'),(1687,4,'my_category',1540995882.1959,'[127.0.0.1][4][-]','info in index_site_controller.'),(1688,1,'my_category',1540995882.1959,'[127.0.0.1][4][-]','error in index_site_controller.'),(1689,2,'my_category',1540995882.1959,'[127.0.0.1][4][-]','warning in index_site_controller.'),(1690,4,'my_category',1540995956.1793,'[127.0.0.1][4][7d68conmmen9a9ucagclg1rm3r1r8gm8]','info in index_site_controller.'),(1691,1,'my_category',1540995956.1793,'[127.0.0.1][4][7d68conmmen9a9ucagclg1rm3r1r8gm8]','error in index_site_controller.'),(1692,2,'my_category',1540995956.1793,'[127.0.0.1][4][7d68conmmen9a9ucagclg1rm3r1r8gm8]','warning in index_site_controller.'),(1693,4,'my_category',1540996227.215,'[127.0.0.1][-][-]','info in index_site_controller.'),(1694,1,'my_category',1540996227.215,'[127.0.0.1][-][-]','error in index_site_controller.'),(1695,2,'my_category',1540996227.215,'[127.0.0.1][-][-]','warning in index_site_controller.'),(1696,4,'my_category',1540996410.0947,'[127.0.0.1][4][-]','info in index_site_controller.'),(1697,1,'my_category',1540996410.0947,'[127.0.0.1][4][-]','error in index_site_controller.'),(1698,2,'my_category',1540996410.0947,'[127.0.0.1][4][-]','warning in index_site_controller.'),(1699,4,'my_category',1540996695.9216,'[127.0.0.1][-][-]','info in index_site_controller.'),(1700,1,'my_category',1540996695.9216,'[127.0.0.1][-][-]','error in index_site_controller.'),(1701,2,'my_category',1540996695.9216,'[127.0.0.1][-][-]','warning in index_site_controller.'),(1702,4,'my_category',1540996713.5413,'[127.0.0.1][4][-]','info in index_site_controller.'),(1703,1,'my_category',1540996713.5413,'[127.0.0.1][4][-]','error in index_site_controller.'),(1704,2,'my_category',1540996713.5413,'[127.0.0.1][4][-]','warning in index_site_controller.'),(1705,4,'my_category',1540996727.9587,'[127.0.0.1][4][-]','info in index_site_controller.'),(1706,1,'my_category',1540996727.9587,'[127.0.0.1][4][-]','error in index_site_controller.'),(1707,2,'my_category',1540996727.9587,'[127.0.0.1][4][-]','warning in index_site_controller.'),(1708,4,'my_category',1540996761.602,'[127.0.0.1][4][-]','info in index_site_controller.'),(1709,1,'my_category',1540996761.602,'[127.0.0.1][4][-]','error in index_site_controller.'),(1710,2,'my_category',1540996761.6021,'[127.0.0.1][4][-]','warning in index_site_controller.'),(1711,4,'my_category',1540996765.826,'[127.0.0.1][4][-]','info in index_site_controller.'),(1712,1,'my_category',1540996765.826,'[127.0.0.1][4][-]','error in index_site_controller.'),(1713,2,'my_category',1540996765.826,'[127.0.0.1][4][-]','warning in index_site_controller.'),(1714,4,'my_category',1541012163.44,'[::1][4][-]','info in index_site_controller.'),(1715,1,'my_category',1541012163.44,'[::1][4][-]','error in index_site_controller.'),(1716,2,'my_category',1541012163.44,'[::1][4][-]','warning in index_site_controller.'),(1717,4,'my_category',1541012196.53,'[::1][4][-]','info in index_site_controller.'),(1718,1,'my_category',1541012196.53,'[::1][4][-]','error in index_site_controller.'),(1719,2,'my_category',1541012196.53,'[::1][4][-]','warning in index_site_controller.'),(1720,4,'my_category',1541013644.25,'[::1][4][-]','info in index_site_controller.'),(1721,1,'my_category',1541013644.25,'[::1][4][-]','error in index_site_controller.'),(1722,2,'my_category',1541013644.25,'[::1][4][-]','warning in index_site_controller.'),(1723,4,'my_category',1541093432.3,'[::1][4][-]','info in index_site_controller.'),(1724,1,'my_category',1541093432.3,'[::1][4][-]','error in index_site_controller.'),(1725,2,'my_category',1541093432.3,'[::1][4][-]','warning in index_site_controller.'),(1726,4,'my_category',1541093889.46,'[::1][-][-]','info in index_site_controller.'),(1727,1,'my_category',1541093889.46,'[::1][-][-]','error in index_site_controller.'),(1728,2,'my_category',1541093889.46,'[::1][-][-]','warning in index_site_controller.'),(1729,4,'my_category',1541096656.06,'[::1][4][-]','info in index_site_controller.'),(1730,1,'my_category',1541096656.06,'[::1][4][-]','error in index_site_controller.'),(1731,2,'my_category',1541096656.06,'[::1][4][-]','warning in index_site_controller.'),(1732,4,'my_category',1541096672.44,'[::1][4][-]','info in index_site_controller.'),(1733,1,'my_category',1541096672.44,'[::1][4][-]','error in index_site_controller.'),(1734,2,'my_category',1541096672.44,'[::1][4][-]','warning in index_site_controller.'),(1735,4,'my_category',1541098036.45,'[::1][4][-]','info in index_site_controller.'),(1736,1,'my_category',1541098036.45,'[::1][4][-]','error in index_site_controller.'),(1737,2,'my_category',1541098036.45,'[::1][4][-]','warning in index_site_controller.'),(1738,4,'my_category',1541098038.67,'[::1][-][-]','info in index_site_controller.'),(1739,1,'my_category',1541098038.67,'[::1][-][-]','error in index_site_controller.'),(1740,2,'my_category',1541098038.67,'[::1][-][-]','warning in index_site_controller.'),(1741,4,'my_category',1541098049.5,'[::1][-][97f2531ed786d154bd0ec40867230373]','info in index_site_controller.'),(1742,1,'my_category',1541098049.5,'[::1][-][97f2531ed786d154bd0ec40867230373]','error in index_site_controller.'),(1743,2,'my_category',1541098049.5,'[::1][-][97f2531ed786d154bd0ec40867230373]','warning in index_site_controller.'),(1744,4,'my_category',1541098052.1,'[::1][-][97f2531ed786d154bd0ec40867230373]','info in index_site_controller.'),(1745,1,'my_category',1541098052.1,'[::1][-][97f2531ed786d154bd0ec40867230373]','error in index_site_controller.'),(1746,2,'my_category',1541098052.1,'[::1][-][97f2531ed786d154bd0ec40867230373]','warning in index_site_controller.'),(1747,4,'my_category',1541098062.24,'[::1][-][97f2531ed786d154bd0ec40867230373]','info in index_site_controller.'),(1748,1,'my_category',1541098062.24,'[::1][-][97f2531ed786d154bd0ec40867230373]','error in index_site_controller.'),(1749,2,'my_category',1541098062.24,'[::1][-][97f2531ed786d154bd0ec40867230373]','warning in index_site_controller.'),(1750,4,'my_category',1541098065.66,'[::1][-][97f2531ed786d154bd0ec40867230373]','info in index_site_controller.'),(1751,1,'my_category',1541098065.66,'[::1][-][97f2531ed786d154bd0ec40867230373]','error in index_site_controller.'),(1752,2,'my_category',1541098065.66,'[::1][-][97f2531ed786d154bd0ec40867230373]','warning in index_site_controller.'),(1753,4,'my_category',1541098070.3,'[::1][-][97f2531ed786d154bd0ec40867230373]','info in index_site_controller.'),(1754,1,'my_category',1541098070.3,'[::1][-][97f2531ed786d154bd0ec40867230373]','error in index_site_controller.'),(1755,2,'my_category',1541098070.3,'[::1][-][97f2531ed786d154bd0ec40867230373]','warning in index_site_controller.'),(1756,4,'my_category',1541098074.35,'[::1][-][97f2531ed786d154bd0ec40867230373]','info in index_site_controller.'),(1757,1,'my_category',1541098074.35,'[::1][-][97f2531ed786d154bd0ec40867230373]','error in index_site_controller.'),(1758,2,'my_category',1541098074.35,'[::1][-][97f2531ed786d154bd0ec40867230373]','warning in index_site_controller.'),(1759,4,'my_category',1541098082.11,'[::1][-][97f2531ed786d154bd0ec40867230373]','info in index_site_controller.'),(1760,1,'my_category',1541098082.11,'[::1][-][97f2531ed786d154bd0ec40867230373]','error in index_site_controller.'),(1761,2,'my_category',1541098082.11,'[::1][-][97f2531ed786d154bd0ec40867230373]','warning in index_site_controller.'),(1762,4,'my_category',1541098088.82,'[::1][-][97f2531ed786d154bd0ec40867230373]','info in index_site_controller.'),(1763,1,'my_category',1541098088.82,'[::1][-][97f2531ed786d154bd0ec40867230373]','error in index_site_controller.'),(1764,2,'my_category',1541098088.82,'[::1][-][97f2531ed786d154bd0ec40867230373]','warning in index_site_controller.'),(1765,4,'my_category',1541098098.37,'[::1][-][97f2531ed786d154bd0ec40867230373]','info in index_site_controller.'),(1766,1,'my_category',1541098098.37,'[::1][-][97f2531ed786d154bd0ec40867230373]','error in index_site_controller.'),(1767,2,'my_category',1541098098.37,'[::1][-][97f2531ed786d154bd0ec40867230373]','warning in index_site_controller.'),(1768,4,'my_category',1541098102.05,'[::1][-][97f2531ed786d154bd0ec40867230373]','info in index_site_controller.'),(1769,1,'my_category',1541098102.05,'[::1][-][97f2531ed786d154bd0ec40867230373]','error in index_site_controller.'),(1770,2,'my_category',1541098102.05,'[::1][-][97f2531ed786d154bd0ec40867230373]','warning in index_site_controller.'),(1771,4,'my_category',1541098106.43,'[::1][-][97f2531ed786d154bd0ec40867230373]','info in index_site_controller.'),(1772,1,'my_category',1541098106.43,'[::1][-][97f2531ed786d154bd0ec40867230373]','error in index_site_controller.'),(1773,2,'my_category',1541098106.43,'[::1][-][97f2531ed786d154bd0ec40867230373]','warning in index_site_controller.'),(1774,4,'my_category',1541098108.32,'[::1][-][97f2531ed786d154bd0ec40867230373]','info in index_site_controller.'),(1775,1,'my_category',1541098108.32,'[::1][-][97f2531ed786d154bd0ec40867230373]','error in index_site_controller.'),(1776,2,'my_category',1541098108.32,'[::1][-][97f2531ed786d154bd0ec40867230373]','warning in index_site_controller.'),(1777,4,'my_category',1541098109.48,'[::1][-][97f2531ed786d154bd0ec40867230373]','info in index_site_controller.'),(1778,1,'my_category',1541098109.48,'[::1][-][97f2531ed786d154bd0ec40867230373]','error in index_site_controller.'),(1779,2,'my_category',1541098109.48,'[::1][-][97f2531ed786d154bd0ec40867230373]','warning in index_site_controller.'),(1780,4,'my_category',1541098112.99,'[::1][-][-]','info in index_site_controller.'),(1781,1,'my_category',1541098112.99,'[::1][-][-]','error in index_site_controller.'),(1782,2,'my_category',1541098112.99,'[::1][-][-]','warning in index_site_controller.'),(1783,4,'my_category',1541098116.76,'[::1][-][97f2531ed786d154bd0ec40867230373]','info in index_site_controller.'),(1784,1,'my_category',1541098116.76,'[::1][-][97f2531ed786d154bd0ec40867230373]','error in index_site_controller.'),(1785,2,'my_category',1541098116.76,'[::1][-][97f2531ed786d154bd0ec40867230373]','warning in index_site_controller.'),(1786,4,'my_category',1541098118.38,'[::1][-][97f2531ed786d154bd0ec40867230373]','info in index_site_controller.'),(1787,1,'my_category',1541098118.38,'[::1][-][97f2531ed786d154bd0ec40867230373]','error in index_site_controller.'),(1788,2,'my_category',1541098118.38,'[::1][-][97f2531ed786d154bd0ec40867230373]','warning in index_site_controller.'),(1789,4,'my_category',1541098119.61,'[::1][-][97f2531ed786d154bd0ec40867230373]','info in index_site_controller.'),(1790,1,'my_category',1541098119.61,'[::1][-][97f2531ed786d154bd0ec40867230373]','error in index_site_controller.'),(1791,2,'my_category',1541098119.61,'[::1][-][97f2531ed786d154bd0ec40867230373]','warning in index_site_controller.'),(1792,4,'my_category',1541098133.91,'[::1][-][97f2531ed786d154bd0ec40867230373]','info in index_site_controller.'),(1793,1,'my_category',1541098133.91,'[::1][-][97f2531ed786d154bd0ec40867230373]','error in index_site_controller.'),(1794,2,'my_category',1541098133.91,'[::1][-][97f2531ed786d154bd0ec40867230373]','warning in index_site_controller.'),(1795,4,'my_category',1541098135.12,'[::1][-][97f2531ed786d154bd0ec40867230373]','info in index_site_controller.'),(1796,1,'my_category',1541098135.12,'[::1][-][97f2531ed786d154bd0ec40867230373]','error in index_site_controller.'),(1797,2,'my_category',1541098135.12,'[::1][-][97f2531ed786d154bd0ec40867230373]','warning in index_site_controller.'),(1798,4,'my_category',1541098135.52,'[::1][-][97f2531ed786d154bd0ec40867230373]','info in index_site_controller.'),(1799,1,'my_category',1541098135.52,'[::1][-][97f2531ed786d154bd0ec40867230373]','error in index_site_controller.'),(1800,2,'my_category',1541098135.52,'[::1][-][97f2531ed786d154bd0ec40867230373]','warning in index_site_controller.'),(1801,4,'my_category',1541098137.24,'[::1][-][97f2531ed786d154bd0ec40867230373]','info in index_site_controller.'),(1802,1,'my_category',1541098137.24,'[::1][-][97f2531ed786d154bd0ec40867230373]','error in index_site_controller.'),(1803,2,'my_category',1541098137.24,'[::1][-][97f2531ed786d154bd0ec40867230373]','warning in index_site_controller.'),(1804,4,'my_category',1541098138.08,'[::1][-][97f2531ed786d154bd0ec40867230373]','info in index_site_controller.'),(1805,1,'my_category',1541098138.08,'[::1][-][97f2531ed786d154bd0ec40867230373]','error in index_site_controller.'),(1806,2,'my_category',1541098138.08,'[::1][-][97f2531ed786d154bd0ec40867230373]','warning in index_site_controller.'),(1807,4,'my_category',1541098146.96,'[::1][-][97f2531ed786d154bd0ec40867230373]','info in index_site_controller.'),(1808,1,'my_category',1541098146.96,'[::1][-][97f2531ed786d154bd0ec40867230373]','error in index_site_controller.'),(1809,2,'my_category',1541098146.96,'[::1][-][97f2531ed786d154bd0ec40867230373]','warning in index_site_controller.'),(1810,4,'my_category',1541098149.19,'[::1][-][97f2531ed786d154bd0ec40867230373]','info in index_site_controller.'),(1811,1,'my_category',1541098149.19,'[::1][-][97f2531ed786d154bd0ec40867230373]','error in index_site_controller.'),(1812,2,'my_category',1541098149.19,'[::1][-][97f2531ed786d154bd0ec40867230373]','warning in index_site_controller.'),(1813,4,'my_category',1541098185.09,'[::1][-][-]','info in index_site_controller.'),(1814,1,'my_category',1541098185.09,'[::1][-][-]','error in index_site_controller.'),(1815,2,'my_category',1541098185.09,'[::1][-][-]','warning in index_site_controller.'),(1816,4,'my_category',1541098193.38,'[::1][-][97f2531ed786d154bd0ec40867230373]','info in index_site_controller.'),(1817,1,'my_category',1541098193.38,'[::1][-][97f2531ed786d154bd0ec40867230373]','error in index_site_controller.'),(1818,2,'my_category',1541098193.38,'[::1][-][97f2531ed786d154bd0ec40867230373]','warning in index_site_controller.'),(1819,4,'my_category',1541098194.69,'[::1][-][97f2531ed786d154bd0ec40867230373]','info in index_site_controller.'),(1820,1,'my_category',1541098194.69,'[::1][-][97f2531ed786d154bd0ec40867230373]','error in index_site_controller.'),(1821,2,'my_category',1541098194.69,'[::1][-][97f2531ed786d154bd0ec40867230373]','warning in index_site_controller.'),(1822,4,'my_category',1541098195.58,'[::1][-][-]','info in index_site_controller.'),(1823,1,'my_category',1541098195.58,'[::1][-][-]','error in index_site_controller.'),(1824,2,'my_category',1541098195.58,'[::1][-][-]','warning in index_site_controller.'),(1825,4,'my_category',1541098196.99,'[::1][-][-]','info in index_site_controller.'),(1826,1,'my_category',1541098196.99,'[::1][-][-]','error in index_site_controller.'),(1827,2,'my_category',1541098196.99,'[::1][-][-]','warning in index_site_controller.'),(1828,4,'my_category',1541098211.08,'[::1][-][97f2531ed786d154bd0ec40867230373]','info in index_site_controller.'),(1829,1,'my_category',1541098211.08,'[::1][-][97f2531ed786d154bd0ec40867230373]','error in index_site_controller.'),(1830,2,'my_category',1541098211.08,'[::1][-][97f2531ed786d154bd0ec40867230373]','warning in index_site_controller.'),(1831,4,'my_category',1541098212.36,'[::1][-][-]','info in index_site_controller.'),(1832,1,'my_category',1541098212.36,'[::1][-][-]','error in index_site_controller.'),(1833,2,'my_category',1541098212.36,'[::1][-][-]','warning in index_site_controller.'),(1834,4,'my_category',1541098212.78,'[::1][-][-]','info in index_site_controller.'),(1835,1,'my_category',1541098212.78,'[::1][-][-]','error in index_site_controller.'),(1836,2,'my_category',1541098212.78,'[::1][-][-]','warning in index_site_controller.'),(1837,4,'my_category',1541098245.19,'[::1][4][-]','info in index_site_controller.'),(1838,1,'my_category',1541098245.19,'[::1][4][-]','error in index_site_controller.'),(1839,2,'my_category',1541098245.19,'[::1][4][-]','warning in index_site_controller.'),(1840,4,'my_category',1541102520.5,'[::1][4][eead5737cc215d4cb13b9f6cf7f4561d]','info in index_site_controller.'),(1841,1,'my_category',1541102520.5,'[::1][4][eead5737cc215d4cb13b9f6cf7f4561d]','error in index_site_controller.'),(1842,2,'my_category',1541102520.5,'[::1][4][eead5737cc215d4cb13b9f6cf7f4561d]','warning in index_site_controller.'),(1843,4,'my_category',1541104810.38,'[::1][-][-]','info in index_site_controller.'),(1844,1,'my_category',1541104810.38,'[::1][-][-]','error in index_site_controller.'),(1845,2,'my_category',1541104810.38,'[::1][-][-]','warning in index_site_controller.'),(1846,4,'my_category',1541104818.32,'[::1][-][61122f470a0c8ed1230a57deba64f156]','info in index_site_controller.'),(1847,1,'my_category',1541104818.32,'[::1][-][61122f470a0c8ed1230a57deba64f156]','error in index_site_controller.'),(1848,2,'my_category',1541104818.32,'[::1][-][61122f470a0c8ed1230a57deba64f156]','warning in index_site_controller.'),(1849,4,'my_category',1541104818.38,'[::1][-][61122f470a0c8ed1230a57deba64f156]','info in index_site_controller.'),(1850,1,'my_category',1541104818.38,'[::1][-][61122f470a0c8ed1230a57deba64f156]','error in index_site_controller.'),(1851,2,'my_category',1541104818.38,'[::1][-][61122f470a0c8ed1230a57deba64f156]','warning in index_site_controller.'),(1852,4,'my_category',1541104821.95,'[::1][-][-]','info in index_site_controller.'),(1853,1,'my_category',1541104821.95,'[::1][-][-]','error in index_site_controller.'),(1854,2,'my_category',1541104821.95,'[::1][-][-]','warning in index_site_controller.'),(1855,4,'my_category',1541104825.36,'[::1][-][-]','info in index_site_controller.'),(1856,1,'my_category',1541104825.36,'[::1][-][-]','error in index_site_controller.'),(1857,2,'my_category',1541104825.36,'[::1][-][-]','warning in index_site_controller.'),(1858,4,'my_category',1541104826.73,'[::1][-][-]','info in index_site_controller.'),(1859,1,'my_category',1541104826.73,'[::1][-][-]','error in index_site_controller.'),(1860,2,'my_category',1541104826.73,'[::1][-][-]','warning in index_site_controller.'),(1861,4,'my_category',1541104827.05,'[::1][-][-]','info in index_site_controller.'),(1862,1,'my_category',1541104827.05,'[::1][-][-]','error in index_site_controller.'),(1863,2,'my_category',1541104827.05,'[::1][-][-]','warning in index_site_controller.'),(1864,4,'my_category',1541104827.41,'[::1][-][-]','info in index_site_controller.'),(1865,1,'my_category',1541104827.41,'[::1][-][-]','error in index_site_controller.'),(1866,2,'my_category',1541104827.41,'[::1][-][-]','warning in index_site_controller.'),(1867,4,'my_category',1541104827.77,'[::1][-][-]','info in index_site_controller.'),(1868,1,'my_category',1541104827.77,'[::1][-][-]','error in index_site_controller.'),(1869,2,'my_category',1541104827.77,'[::1][-][-]','warning in index_site_controller.'),(1870,4,'my_category',1541105039.72,'[::1][-][61122f470a0c8ed1230a57deba64f156]','info in index_site_controller.'),(1871,1,'my_category',1541105039.72,'[::1][-][61122f470a0c8ed1230a57deba64f156]','error in index_site_controller.'),(1872,2,'my_category',1541105039.72,'[::1][-][61122f470a0c8ed1230a57deba64f156]','warning in index_site_controller.'),(1873,4,'my_category',1541105041.15,'[::1][-][-]','info in index_site_controller.'),(1874,1,'my_category',1541105041.15,'[::1][-][-]','error in index_site_controller.'),(1875,2,'my_category',1541105041.15,'[::1][-][-]','warning in index_site_controller.'),(1876,4,'my_category',1541105041.66,'[::1][-][-]','info in index_site_controller.'),(1877,1,'my_category',1541105041.66,'[::1][-][-]','error in index_site_controller.'),(1878,2,'my_category',1541105041.66,'[::1][-][-]','warning in index_site_controller.'),(1879,4,'my_category',1541105141.34,'[::1][-][-]','info in index_site_controller.'),(1880,1,'my_category',1541105141.34,'[::1][-][-]','error in index_site_controller.'),(1881,2,'my_category',1541105141.34,'[::1][-][-]','warning in index_site_controller.'),(1882,4,'my_category',1541105154.58,'[::1][-][-]','info in index_site_controller.'),(1883,1,'my_category',1541105154.58,'[::1][-][-]','error in index_site_controller.'),(1884,2,'my_category',1541105154.58,'[::1][-][-]','warning in index_site_controller.'),(1885,4,'my_category',1541105208.94,'[::1][-][-]','info in index_site_controller.'),(1886,1,'my_category',1541105208.94,'[::1][-][-]','error in index_site_controller.'),(1887,2,'my_category',1541105208.94,'[::1][-][-]','warning in index_site_controller.'),(1888,4,'my_category',1541105236.08,'[::1][-][61122f470a0c8ed1230a57deba64f156]','info in index_site_controller.'),(1889,1,'my_category',1541105236.08,'[::1][-][61122f470a0c8ed1230a57deba64f156]','error in index_site_controller.'),(1890,2,'my_category',1541105236.08,'[::1][-][61122f470a0c8ed1230a57deba64f156]','warning in index_site_controller.'),(1891,4,'my_category',1541105287.01,'[::1][-][-]','info in index_site_controller.'),(1892,1,'my_category',1541105287.01,'[::1][-][-]','error in index_site_controller.'),(1893,2,'my_category',1541105287.01,'[::1][-][-]','warning in index_site_controller.'),(1894,4,'my_category',1541105290.92,'[::1][-][61122f470a0c8ed1230a57deba64f156]','info in index_site_controller.'),(1895,1,'my_category',1541105290.92,'[::1][-][61122f470a0c8ed1230a57deba64f156]','error in index_site_controller.'),(1896,2,'my_category',1541105290.92,'[::1][-][61122f470a0c8ed1230a57deba64f156]','warning in index_site_controller.'),(1897,4,'my_category',1541105292.44,'[::1][-][-]','info in index_site_controller.'),(1898,1,'my_category',1541105292.44,'[::1][-][-]','error in index_site_controller.'),(1899,2,'my_category',1541105292.44,'[::1][-][-]','warning in index_site_controller.'),(1900,4,'my_category',1541105295.83,'[::1][-][-]','info in index_site_controller.'),(1901,1,'my_category',1541105295.83,'[::1][-][-]','error in index_site_controller.'),(1902,2,'my_category',1541105295.83,'[::1][-][-]','warning in index_site_controller.'),(1903,4,'my_category',1541105296.15,'[::1][-][-]','info in index_site_controller.'),(1904,1,'my_category',1541105296.15,'[::1][-][-]','error in index_site_controller.'),(1905,2,'my_category',1541105296.15,'[::1][-][-]','warning in index_site_controller.'),(1906,4,'my_category',1541105296.55,'[::1][-][-]','info in index_site_controller.'),(1907,1,'my_category',1541105296.55,'[::1][-][-]','error in index_site_controller.'),(1908,2,'my_category',1541105296.55,'[::1][-][-]','warning in index_site_controller.'),(1909,4,'my_category',1541105734.9,'[::1][-][-]','info in index_site_controller.'),(1910,1,'my_category',1541105734.9,'[::1][-][-]','error in index_site_controller.'),(1911,2,'my_category',1541105734.9,'[::1][-][-]','warning in index_site_controller.'),(1912,4,'my_category',1541105852.4,'[::1][-][-]','info in index_site_controller.'),(1913,1,'my_category',1541105852.4,'[::1][-][-]','error in index_site_controller.'),(1914,2,'my_category',1541105852.4,'[::1][-][-]','warning in index_site_controller.'),(1915,4,'my_category',1541105853.72,'[::1][-][-]','info in index_site_controller.'),(1916,1,'my_category',1541105853.72,'[::1][-][-]','error in index_site_controller.'),(1917,2,'my_category',1541105853.72,'[::1][-][-]','warning in index_site_controller.'),(1918,4,'my_category',1541105854.92,'[::1][-][-]','info in index_site_controller.'),(1919,1,'my_category',1541105854.92,'[::1][-][-]','error in index_site_controller.'),(1920,2,'my_category',1541105854.92,'[::1][-][-]','warning in index_site_controller.'),(1921,4,'my_category',1541105855.81,'[::1][-][-]','info in index_site_controller.'),(1922,1,'my_category',1541105855.81,'[::1][-][-]','error in index_site_controller.'),(1923,2,'my_category',1541105855.81,'[::1][-][-]','warning in index_site_controller.'),(1924,4,'my_category',1541106463.92,'[::1][4][-]','info in index_site_controller.'),(1925,1,'my_category',1541106463.92,'[::1][4][-]','error in index_site_controller.'),(1926,2,'my_category',1541106463.92,'[::1][4][-]','warning in index_site_controller.'),(1927,4,'my_category',1541106465.82,'[::1][-][-]','info in index_site_controller.'),(1928,1,'my_category',1541106465.82,'[::1][-][-]','error in index_site_controller.'),(1929,2,'my_category',1541106465.82,'[::1][-][-]','warning in index_site_controller.'),(1930,4,'my_category',1541106467.57,'[::1][-][-]','info in index_site_controller.'),(1931,1,'my_category',1541106467.57,'[::1][-][-]','error in index_site_controller.'),(1932,2,'my_category',1541106467.57,'[::1][-][-]','warning in index_site_controller.'),(1933,4,'my_category',1541106821.61,'[::1][-][-]','info in index_site_controller.'),(1934,1,'my_category',1541106821.61,'[::1][-][-]','error in index_site_controller.'),(1935,2,'my_category',1541106821.61,'[::1][-][-]','warning in index_site_controller.'),(1936,4,'my_category',1541106831.53,'[::1][-][-]','info in index_site_controller.'),(1937,1,'my_category',1541106831.53,'[::1][-][-]','error in index_site_controller.'),(1938,2,'my_category',1541106831.53,'[::1][-][-]','warning in index_site_controller.'),(1939,4,'my_category',1541106833.45,'[::1][-][-]','info in index_site_controller.'),(1940,1,'my_category',1541106833.45,'[::1][-][-]','error in index_site_controller.'),(1941,2,'my_category',1541106833.45,'[::1][-][-]','warning in index_site_controller.'),(1942,4,'my_category',1541106846.61,'[::1][4][-]','info in index_site_controller.'),(1943,1,'my_category',1541106846.62,'[::1][4][-]','error in index_site_controller.'),(1944,2,'my_category',1541106846.62,'[::1][4][-]','warning in index_site_controller.'),(1945,4,'my_category',1541108643.57,'[::1][-][-]','info in index_site_controller.'),(1946,1,'my_category',1541108643.57,'[::1][-][-]','error in index_site_controller.'),(1947,2,'my_category',1541108643.57,'[::1][-][-]','warning in index_site_controller.'),(1948,4,'my_category',1541108645,'[::1][-][-]','info in index_site_controller.'),(1949,1,'my_category',1541108645,'[::1][-][-]','error in index_site_controller.'),(1950,2,'my_category',1541108645,'[::1][-][-]','warning in index_site_controller.'),(1951,4,'my_category',1541108650.09,'[::1][-][-]','info in index_site_controller.'),(1952,1,'my_category',1541108650.09,'[::1][-][-]','error in index_site_controller.'),(1953,2,'my_category',1541108650.09,'[::1][-][-]','warning in index_site_controller.'),(1954,4,'my_category',1541108658.41,'[::1][4][-]','info in index_site_controller.'),(1955,1,'my_category',1541108658.41,'[::1][4][-]','error in index_site_controller.'),(1956,2,'my_category',1541108658.41,'[::1][4][-]','warning in index_site_controller.'),(1957,4,'my_category',1541108661.46,'[::1][4][-]','info in index_site_controller.'),(1958,1,'my_category',1541108661.46,'[::1][4][-]','error in index_site_controller.'),(1959,2,'my_category',1541108661.46,'[::1][4][-]','warning in index_site_controller.'),(1960,4,'my_category',1541108669.33,'[::1][4][-]','info in index_site_controller.'),(1961,1,'my_category',1541108669.33,'[::1][4][-]','error in index_site_controller.'),(1962,2,'my_category',1541108669.33,'[::1][4][-]','warning in index_site_controller.'),(1963,4,'my_category',1541150774.2201,'[127.0.0.1][-][-]','info in index_site_controller.'),(1964,1,'my_category',1541150774.2201,'[127.0.0.1][-][-]','error in index_site_controller.'),(1965,2,'my_category',1541150774.2201,'[127.0.0.1][-][-]','warning in index_site_controller.'),(1966,4,'my_category',1541150775.5095,'[127.0.0.1][-][-]','info in index_site_controller.'),(1967,1,'my_category',1541150775.5095,'[127.0.0.1][-][-]','error in index_site_controller.'),(1968,2,'my_category',1541150775.5095,'[127.0.0.1][-][-]','warning in index_site_controller.'),(1969,4,'my_category',1541150789.7647,'[127.0.0.1][-][-]','info in index_site_controller.'),(1970,1,'my_category',1541150789.7647,'[127.0.0.1][-][-]','error in index_site_controller.'),(1971,2,'my_category',1541150789.7647,'[127.0.0.1][-][-]','warning in index_site_controller.'),(1972,4,'my_category',1541150793.8904,'[127.0.0.1][4][-]','info in index_site_controller.'),(1973,1,'my_category',1541150793.8904,'[127.0.0.1][4][-]','error in index_site_controller.'),(1974,2,'my_category',1541150793.8904,'[127.0.0.1][4][-]','warning in index_site_controller.'),(1975,4,'my_category',1541487972.1857,'[127.0.0.1][-][-]','info in index_site_controller.'),(1976,1,'my_category',1541487972.1857,'[127.0.0.1][-][-]','error in index_site_controller.'),(1977,2,'my_category',1541487972.1857,'[127.0.0.1][-][-]','warning in index_site_controller.'),(1978,4,'my_category',1541842075.88,'[::1][4][-]','info in index_site_controller.'),(1979,1,'my_category',1541842075.88,'[::1][4][-]','error in index_site_controller.'),(1980,2,'my_category',1541842075.88,'[::1][4][-]','warning in index_site_controller.'),(1981,4,'my_category',1542030356.4334,'[127.0.0.1][4][-]','info in index_site_controller.'),(1982,1,'my_category',1542030356.4334,'[127.0.0.1][4][-]','error in index_site_controller.'),(1983,2,'my_category',1542030356.4334,'[127.0.0.1][4][-]','warning in index_site_controller.'),(1984,4,'my_category',1542030360.546,'[127.0.0.1][4][-]','info in index_site_controller.'),(1985,1,'my_category',1542030360.546,'[127.0.0.1][4][-]','error in index_site_controller.'),(1986,2,'my_category',1542030360.546,'[127.0.0.1][4][-]','warning in index_site_controller.'),(1987,4,'my_category',1542030474.1733,'[127.0.0.1][4][-]','info in index_site_controller.'),(1988,1,'my_category',1542030474.1733,'[127.0.0.1][4][-]','error in index_site_controller.'),(1989,2,'my_category',1542030474.1733,'[127.0.0.1][4][-]','warning in index_site_controller.'),(1990,4,'my_category',1542030483.2527,'[127.0.0.1][4][-]','info in index_site_controller.'),(1991,1,'my_category',1542030483.2527,'[127.0.0.1][4][-]','error in index_site_controller.'),(1992,2,'my_category',1542030483.2527,'[127.0.0.1][4][-]','warning in index_site_controller.'),(1993,4,'my_category',1542030499.7012,'[127.0.0.1][-][-]','info in index_site_controller.'),(1994,1,'my_category',1542030499.7012,'[127.0.0.1][-][-]','error in index_site_controller.'),(1995,2,'my_category',1542030499.7012,'[127.0.0.1][-][-]','warning in index_site_controller.'),(1996,4,'my_category',1542030524.5323,'[127.0.0.1][4][-]','info in index_site_controller.'),(1997,1,'my_category',1542030524.5323,'[127.0.0.1][4][-]','error in index_site_controller.'),(1998,2,'my_category',1542030524.5323,'[127.0.0.1][4][-]','warning in index_site_controller.'),(1999,4,'my_category',1542030531.1391,'[127.0.0.1][4][-]','info in index_site_controller.'),(2000,1,'my_category',1542030531.1391,'[127.0.0.1][4][-]','error in index_site_controller.'),(2001,2,'my_category',1542030531.1391,'[127.0.0.1][4][-]','warning in index_site_controller.'),(2002,4,'my_category',1542030534.4502,'[127.0.0.1][4][-]','info in index_site_controller.'),(2003,1,'my_category',1542030534.4502,'[127.0.0.1][4][-]','error in index_site_controller.'),(2004,2,'my_category',1542030534.4502,'[127.0.0.1][4][-]','warning in index_site_controller.'),(2005,4,'my_category',1542030544.7458,'[127.0.0.1][4][-]','info in index_site_controller.'),(2006,1,'my_category',1542030544.7458,'[127.0.0.1][4][-]','error in index_site_controller.'),(2007,2,'my_category',1542030544.7458,'[127.0.0.1][4][-]','warning in index_site_controller.'),(2008,4,'my_category',1542030554.4979,'[127.0.0.1][4][-]','info in index_site_controller.'),(2009,1,'my_category',1542030554.4979,'[127.0.0.1][4][-]','error in index_site_controller.'),(2010,2,'my_category',1542030554.4979,'[127.0.0.1][4][-]','warning in index_site_controller.'),(2011,4,'my_category',1542030817.2216,'[127.0.0.1][4][-]','info in index_site_controller.'),(2012,1,'my_category',1542030817.2217,'[127.0.0.1][4][-]','error in index_site_controller.'),(2013,2,'my_category',1542030817.2217,'[127.0.0.1][4][-]','warning in index_site_controller.'),(2014,4,'my_category',1542030818.6274,'[127.0.0.1][4][-]','info in index_site_controller.'),(2015,1,'my_category',1542030818.6274,'[127.0.0.1][4][-]','error in index_site_controller.'),(2016,2,'my_category',1542030818.6274,'[127.0.0.1][4][-]','warning in index_site_controller.'),(2017,4,'my_category',1542030831.1671,'[127.0.0.1][4][-]','info in index_site_controller.'),(2018,1,'my_category',1542030831.1671,'[127.0.0.1][4][-]','error in index_site_controller.'),(2019,2,'my_category',1542030831.1671,'[127.0.0.1][4][-]','warning in index_site_controller.'),(2020,4,'my_category',1542030862.5669,'[127.0.0.1][-][-]','info in index_site_controller.'),(2021,1,'my_category',1542030862.5669,'[127.0.0.1][-][-]','error in index_site_controller.'),(2022,2,'my_category',1542030862.567,'[127.0.0.1][-][-]','warning in index_site_controller.'),(2023,4,'my_category',1542030869.1141,'[127.0.0.1][-][-]','info in index_site_controller.'),(2024,1,'my_category',1542030869.1141,'[127.0.0.1][-][-]','error in index_site_controller.'),(2025,2,'my_category',1542030869.1141,'[127.0.0.1][-][-]','warning in index_site_controller.'),(2026,4,'my_category',1542030870.6287,'[127.0.0.1][-][-]','info in index_site_controller.'),(2027,1,'my_category',1542030870.6287,'[127.0.0.1][-][-]','error in index_site_controller.'),(2028,2,'my_category',1542030870.6287,'[127.0.0.1][-][-]','warning in index_site_controller.'),(2029,4,'my_category',1542030872.4447,'[127.0.0.1][-][-]','info in index_site_controller.'),(2030,1,'my_category',1542030872.4447,'[127.0.0.1][-][-]','error in index_site_controller.'),(2031,2,'my_category',1542030872.4447,'[127.0.0.1][-][-]','warning in index_site_controller.'),(2032,4,'my_category',1542030875.0083,'[127.0.0.1][-][-]','info in index_site_controller.'),(2033,1,'my_category',1542030875.0083,'[127.0.0.1][-][-]','error in index_site_controller.'),(2034,2,'my_category',1542030875.0083,'[127.0.0.1][-][-]','warning in index_site_controller.'),(2035,4,'my_category',1542030877.6934,'[127.0.0.1][-][-]','info in index_site_controller.'),(2036,1,'my_category',1542030877.6934,'[127.0.0.1][-][-]','error in index_site_controller.'),(2037,2,'my_category',1542030877.6934,'[127.0.0.1][-][-]','warning in index_site_controller.'),(2038,4,'my_category',1542030886.8429,'[127.0.0.1][4][-]','info in index_site_controller.'),(2039,1,'my_category',1542030886.8429,'[127.0.0.1][4][-]','error in index_site_controller.'),(2040,2,'my_category',1542030886.8429,'[127.0.0.1][4][-]','warning in index_site_controller.'),(2041,4,'my_category',1542030889.3671,'[127.0.0.1][4][-]','info in index_site_controller.'),(2042,1,'my_category',1542030889.3671,'[127.0.0.1][4][-]','error in index_site_controller.'),(2043,2,'my_category',1542030889.3671,'[127.0.0.1][4][-]','warning in index_site_controller.'),(2044,4,'my_category',1542030891.3419,'[127.0.0.1][4][-]','info in index_site_controller.'),(2045,1,'my_category',1542030891.3419,'[127.0.0.1][4][-]','error in index_site_controller.'),(2046,2,'my_category',1542030891.3419,'[127.0.0.1][4][-]','warning in index_site_controller.'),(2047,4,'my_category',1542030899.6136,'[127.0.0.1][4][-]','info in index_site_controller.'),(2048,1,'my_category',1542030899.6136,'[127.0.0.1][4][-]','error in index_site_controller.'),(2049,2,'my_category',1542030899.6136,'[127.0.0.1][4][-]','warning in index_site_controller.'),(2050,4,'my_category',1542030914.5494,'[127.0.0.1][4][-]','info in index_site_controller.'),(2051,1,'my_category',1542030914.5494,'[127.0.0.1][4][-]','error in index_site_controller.'),(2052,2,'my_category',1542030914.5494,'[127.0.0.1][4][-]','warning in index_site_controller.'),(2053,4,'my_category',1542030923.0473,'[127.0.0.1][4][-]','info in index_site_controller.'),(2054,1,'my_category',1542030923.0473,'[127.0.0.1][4][-]','error in index_site_controller.'),(2055,2,'my_category',1542030923.0473,'[127.0.0.1][4][-]','warning in index_site_controller.'),(2056,4,'my_category',1542030925.2697,'[127.0.0.1][4][-]','info in index_site_controller.'),(2057,1,'my_category',1542030925.2697,'[127.0.0.1][4][-]','error in index_site_controller.'),(2058,2,'my_category',1542030925.2697,'[127.0.0.1][4][-]','warning in index_site_controller.'),(2059,4,'my_category',1542031108.8009,'[127.0.0.1][4][-]','info in index_site_controller.'),(2060,1,'my_category',1542031108.8009,'[127.0.0.1][4][-]','error in index_site_controller.'),(2061,2,'my_category',1542031108.8009,'[127.0.0.1][4][-]','warning in index_site_controller.'),(2062,4,'my_category',1542031112.4217,'[127.0.0.1][4][-]','info in index_site_controller.'),(2063,1,'my_category',1542031112.4217,'[127.0.0.1][4][-]','error in index_site_controller.'),(2064,2,'my_category',1542031112.4217,'[127.0.0.1][4][-]','warning in index_site_controller.'),(2065,4,'my_category',1542031114.9074,'[127.0.0.1][4][-]','info in index_site_controller.'),(2066,1,'my_category',1542031114.9074,'[127.0.0.1][4][-]','error in index_site_controller.'),(2067,2,'my_category',1542031114.9074,'[127.0.0.1][4][-]','warning in index_site_controller.'),(2068,4,'my_category',1542031116.252,'[127.0.0.1][4][-]','info in index_site_controller.'),(2069,1,'my_category',1542031116.252,'[127.0.0.1][4][-]','error in index_site_controller.'),(2070,2,'my_category',1542031116.252,'[127.0.0.1][4][-]','warning in index_site_controller.'),(2071,4,'my_category',1542031119.8626,'[127.0.0.1][4][-]','info in index_site_controller.'),(2072,1,'my_category',1542031119.8626,'[127.0.0.1][4][-]','error in index_site_controller.'),(2073,2,'my_category',1542031119.8626,'[127.0.0.1][4][-]','warning in index_site_controller.'),(2074,4,'my_category',1542031122.7734,'[127.0.0.1][4][-]','info in index_site_controller.'),(2075,1,'my_category',1542031122.7734,'[127.0.0.1][4][-]','error in index_site_controller.'),(2076,2,'my_category',1542031122.7734,'[127.0.0.1][4][-]','warning in index_site_controller.'),(2077,4,'my_category',1542031937.3981,'[127.0.0.1][4][-]','info in index_site_controller.'),(2078,1,'my_category',1542031937.3981,'[127.0.0.1][4][-]','error in index_site_controller.'),(2079,2,'my_category',1542031937.3981,'[127.0.0.1][4][-]','warning in index_site_controller.'),(2080,4,'my_category',1542031955.4466,'[127.0.0.1][4][-]','info in index_site_controller.'),(2081,1,'my_category',1542031955.4466,'[127.0.0.1][4][-]','error in index_site_controller.'),(2082,2,'my_category',1542031955.4466,'[127.0.0.1][4][-]','warning in index_site_controller.'),(2083,4,'my_category',1542031990.1229,'[127.0.0.1][4][-]','info in index_site_controller.'),(2084,1,'my_category',1542031990.1229,'[127.0.0.1][4][-]','error in index_site_controller.'),(2085,2,'my_category',1542031990.1229,'[127.0.0.1][4][-]','warning in index_site_controller.'),(2086,4,'my_category',1542031991.7994,'[127.0.0.1][4][-]','info in index_site_controller.'),(2087,1,'my_category',1542031991.7994,'[127.0.0.1][4][-]','error in index_site_controller.'),(2088,2,'my_category',1542031991.7994,'[127.0.0.1][4][-]','warning in index_site_controller.'),(2089,4,'my_category',1542031994.9601,'[127.0.0.1][4][-]','info in index_site_controller.'),(2090,1,'my_category',1542031994.9602,'[127.0.0.1][4][-]','error in index_site_controller.'),(2091,2,'my_category',1542031994.9602,'[127.0.0.1][4][-]','warning in index_site_controller.'),(2092,4,'my_category',1542031997.056,'[127.0.0.1][4][-]','info in index_site_controller.'),(2093,1,'my_category',1542031997.056,'[127.0.0.1][4][-]','error in index_site_controller.'),(2094,2,'my_category',1542031997.056,'[127.0.0.1][4][-]','warning in index_site_controller.'),(2095,4,'my_category',1542031998.4983,'[127.0.0.1][4][-]','info in index_site_controller.'),(2096,1,'my_category',1542031998.4983,'[127.0.0.1][4][-]','error in index_site_controller.'),(2097,2,'my_category',1542031998.4983,'[127.0.0.1][4][-]','warning in index_site_controller.'),(2098,4,'my_category',1542032000.6837,'[127.0.0.1][4][-]','info in index_site_controller.'),(2099,1,'my_category',1542032000.6837,'[127.0.0.1][4][-]','error in index_site_controller.'),(2100,2,'my_category',1542032000.6837,'[127.0.0.1][4][-]','warning in index_site_controller.'),(2101,4,'my_category',1542032078.8451,'[127.0.0.1][4][-]','info in index_site_controller.'),(2102,1,'my_category',1542032078.8451,'[127.0.0.1][4][-]','error in index_site_controller.'),(2103,2,'my_category',1542032078.8451,'[127.0.0.1][4][-]','warning in index_site_controller.'),(2104,4,'my_category',1542032079.8634,'[127.0.0.1][4][-]','info in index_site_controller.'),(2105,1,'my_category',1542032079.8634,'[127.0.0.1][4][-]','error in index_site_controller.'),(2106,2,'my_category',1542032079.8634,'[127.0.0.1][4][-]','warning in index_site_controller.'),(2107,4,'my_category',1542032094.1653,'[127.0.0.1][4][-]','info in index_site_controller.'),(2108,1,'my_category',1542032094.1653,'[127.0.0.1][4][-]','error in index_site_controller.'),(2109,2,'my_category',1542032094.1653,'[127.0.0.1][4][-]','warning in index_site_controller.'),(2110,4,'my_category',1542032117.8465,'[127.0.0.1][4][-]','info in index_site_controller.'),(2111,1,'my_category',1542032117.8465,'[127.0.0.1][4][-]','error in index_site_controller.'),(2112,2,'my_category',1542032117.8465,'[127.0.0.1][4][-]','warning in index_site_controller.'),(2113,4,'my_category',1542032121.7566,'[127.0.0.1][4][-]','info in index_site_controller.'),(2114,1,'my_category',1542032121.7566,'[127.0.0.1][4][-]','error in index_site_controller.'),(2115,2,'my_category',1542032121.7566,'[127.0.0.1][4][-]','warning in index_site_controller.'),(2116,4,'my_category',1542032127.0729,'[127.0.0.1][4][-]','info in index_site_controller.'),(2117,1,'my_category',1542032127.0729,'[127.0.0.1][4][-]','error in index_site_controller.'),(2118,2,'my_category',1542032127.0729,'[127.0.0.1][4][-]','warning in index_site_controller.'),(2119,4,'my_category',1542032132.3822,'[127.0.0.1][4][-]','info in index_site_controller.'),(2120,1,'my_category',1542032132.3822,'[127.0.0.1][4][-]','error in index_site_controller.'),(2121,2,'my_category',1542032132.3822,'[127.0.0.1][4][-]','warning in index_site_controller.'),(2122,4,'my_category',1542032135.4397,'[127.0.0.1][4][-]','info in index_site_controller.'),(2123,1,'my_category',1542032135.4397,'[127.0.0.1][4][-]','error in index_site_controller.'),(2124,2,'my_category',1542032135.4397,'[127.0.0.1][4][-]','warning in index_site_controller.'),(2125,4,'my_category',1542032141.6937,'[127.0.0.1][4][-]','info in index_site_controller.'),(2126,1,'my_category',1542032141.6937,'[127.0.0.1][4][-]','error in index_site_controller.'),(2127,2,'my_category',1542032141.6937,'[127.0.0.1][4][-]','warning in index_site_controller.'),(2128,4,'my_category',1542032153.8256,'[127.0.0.1][4][-]','info in index_site_controller.'),(2129,1,'my_category',1542032153.8256,'[127.0.0.1][4][-]','error in index_site_controller.'),(2130,2,'my_category',1542032153.8256,'[127.0.0.1][4][-]','warning in index_site_controller.'),(2131,4,'my_category',1542032159.7703,'[127.0.0.1][4][-]','info in index_site_controller.'),(2132,1,'my_category',1542032159.7703,'[127.0.0.1][4][-]','error in index_site_controller.'),(2133,2,'my_category',1542032159.7703,'[127.0.0.1][4][-]','warning in index_site_controller.'),(2134,4,'my_category',1542032286.9724,'[127.0.0.1][4][-]','info in index_site_controller.'),(2135,1,'my_category',1542032286.9724,'[127.0.0.1][4][-]','error in index_site_controller.'),(2136,2,'my_category',1542032286.9724,'[127.0.0.1][4][-]','warning in index_site_controller.'),(2137,4,'my_category',1542032300.3101,'[127.0.0.1][4][-]','info in index_site_controller.'),(2138,1,'my_category',1542032300.3101,'[127.0.0.1][4][-]','error in index_site_controller.'),(2139,2,'my_category',1542032300.3101,'[127.0.0.1][4][-]','warning in index_site_controller.'),(2140,4,'my_category',1542032310.2794,'[127.0.0.1][4][-]','info in index_site_controller.'),(2141,1,'my_category',1542032310.2794,'[127.0.0.1][4][-]','error in index_site_controller.'),(2142,2,'my_category',1542032310.2794,'[127.0.0.1][4][-]','warning in index_site_controller.'),(2143,4,'my_category',1542032315.2588,'[127.0.0.1][4][-]','info in index_site_controller.'),(2144,1,'my_category',1542032315.2588,'[127.0.0.1][4][-]','error in index_site_controller.'),(2145,2,'my_category',1542032315.2588,'[127.0.0.1][4][-]','warning in index_site_controller.'),(2146,4,'my_category',1542032318.4384,'[127.0.0.1][4][-]','info in index_site_controller.'),(2147,1,'my_category',1542032318.4384,'[127.0.0.1][4][-]','error in index_site_controller.'),(2148,2,'my_category',1542032318.4384,'[127.0.0.1][4][-]','warning in index_site_controller.'),(2149,4,'my_category',1542032340.5562,'[127.0.0.1][4][-]','info in index_site_controller.'),(2150,1,'my_category',1542032340.5562,'[127.0.0.1][4][-]','error in index_site_controller.'),(2151,2,'my_category',1542032340.5562,'[127.0.0.1][4][-]','warning in index_site_controller.'),(2152,4,'my_category',1542032344.3958,'[127.0.0.1][4][-]','info in index_site_controller.'),(2153,1,'my_category',1542032344.3958,'[127.0.0.1][4][-]','error in index_site_controller.'),(2154,2,'my_category',1542032344.3958,'[127.0.0.1][4][-]','warning in index_site_controller.'),(2155,4,'my_category',1542032345.3718,'[127.0.0.1][4][-]','info in index_site_controller.'),(2156,1,'my_category',1542032345.3718,'[127.0.0.1][4][-]','error in index_site_controller.'),(2157,2,'my_category',1542032345.3718,'[127.0.0.1][4][-]','warning in index_site_controller.'),(2158,4,'my_category',1542032346.1888,'[127.0.0.1][4][-]','info in index_site_controller.'),(2159,1,'my_category',1542032346.1888,'[127.0.0.1][4][-]','error in index_site_controller.'),(2160,2,'my_category',1542032346.1888,'[127.0.0.1][4][-]','warning in index_site_controller.'),(2161,4,'my_category',1542032347.4489,'[127.0.0.1][4][-]','info in index_site_controller.'),(2162,1,'my_category',1542032347.4489,'[127.0.0.1][4][-]','error in index_site_controller.'),(2163,2,'my_category',1542032347.4489,'[127.0.0.1][4][-]','warning in index_site_controller.'),(2164,4,'my_category',1542032349.0907,'[127.0.0.1][4][-]','info in index_site_controller.'),(2165,1,'my_category',1542032349.0907,'[127.0.0.1][4][-]','error in index_site_controller.'),(2166,2,'my_category',1542032349.0908,'[127.0.0.1][4][-]','warning in index_site_controller.'),(2167,4,'my_category',1542032352.3859,'[127.0.0.1][4][-]','info in index_site_controller.'),(2168,1,'my_category',1542032352.3859,'[127.0.0.1][4][-]','error in index_site_controller.'),(2169,2,'my_category',1542032352.3859,'[127.0.0.1][4][-]','warning in index_site_controller.'),(2170,4,'my_category',1542032354.0692,'[127.0.0.1][4][-]','info in index_site_controller.'),(2171,1,'my_category',1542032354.0692,'[127.0.0.1][4][-]','error in index_site_controller.'),(2172,2,'my_category',1542032354.0693,'[127.0.0.1][4][-]','warning in index_site_controller.'),(2173,4,'my_category',1542032357.7468,'[127.0.0.1][4][-]','info in index_site_controller.'),(2174,1,'my_category',1542032357.7468,'[127.0.0.1][4][-]','error in index_site_controller.'),(2175,2,'my_category',1542032357.7468,'[127.0.0.1][4][-]','warning in index_site_controller.'),(2176,4,'my_category',1542032404.8448,'[127.0.0.1][4][-]','info in index_site_controller.'),(2177,1,'my_category',1542032404.8448,'[127.0.0.1][4][-]','error in index_site_controller.'),(2178,2,'my_category',1542032404.8448,'[127.0.0.1][4][-]','warning in index_site_controller.'),(2179,4,'my_category',1542032406.7006,'[127.0.0.1][4][-]','info in index_site_controller.'),(2180,1,'my_category',1542032406.7006,'[127.0.0.1][4][-]','error in index_site_controller.'),(2181,2,'my_category',1542032406.7006,'[127.0.0.1][4][-]','warning in index_site_controller.'),(2182,4,'my_category',1542032408.1151,'[127.0.0.1][4][-]','info in index_site_controller.'),(2183,1,'my_category',1542032408.1151,'[127.0.0.1][4][-]','error in index_site_controller.'),(2184,2,'my_category',1542032408.1151,'[127.0.0.1][4][-]','warning in index_site_controller.'),(2185,4,'my_category',1542032410.5663,'[127.0.0.1][4][-]','info in index_site_controller.'),(2186,1,'my_category',1542032410.5663,'[127.0.0.1][4][-]','error in index_site_controller.'),(2187,2,'my_category',1542032410.5663,'[127.0.0.1][4][-]','warning in index_site_controller.'),(2188,4,'my_category',1542032420.3451,'[127.0.0.1][4][-]','info in index_site_controller.'),(2189,1,'my_category',1542032420.3451,'[127.0.0.1][4][-]','error in index_site_controller.'),(2190,2,'my_category',1542032420.3451,'[127.0.0.1][4][-]','warning in index_site_controller.'),(2191,4,'my_category',1542032459.6673,'[127.0.0.1][4][-]','info in index_site_controller.'),(2192,1,'my_category',1542032459.6673,'[127.0.0.1][4][-]','error in index_site_controller.'),(2193,2,'my_category',1542032459.6673,'[127.0.0.1][4][-]','warning in index_site_controller.'),(2194,4,'my_category',1542032461.8056,'[127.0.0.1][4][-]','info in index_site_controller.'),(2195,1,'my_category',1542032461.8056,'[127.0.0.1][4][-]','error in index_site_controller.'),(2196,2,'my_category',1542032461.8056,'[127.0.0.1][4][-]','warning in index_site_controller.'),(2197,4,'my_category',1542032463.9615,'[127.0.0.1][4][-]','info in index_site_controller.'),(2198,1,'my_category',1542032463.9615,'[127.0.0.1][4][-]','error in index_site_controller.'),(2199,2,'my_category',1542032463.9616,'[127.0.0.1][4][-]','warning in index_site_controller.'),(2200,4,'my_category',1542032465.281,'[127.0.0.1][4][-]','info in index_site_controller.'),(2201,1,'my_category',1542032465.281,'[127.0.0.1][4][-]','error in index_site_controller.'),(2202,2,'my_category',1542032465.281,'[127.0.0.1][4][-]','warning in index_site_controller.'),(2203,4,'my_category',1542032466.6435,'[127.0.0.1][4][-]','info in index_site_controller.'),(2204,1,'my_category',1542032466.6435,'[127.0.0.1][4][-]','error in index_site_controller.'),(2205,2,'my_category',1542032466.6435,'[127.0.0.1][4][-]','warning in index_site_controller.'),(2206,4,'my_category',1542032472.0258,'[127.0.0.1][4][-]','info in index_site_controller.'),(2207,1,'my_category',1542032472.0259,'[127.0.0.1][4][-]','error in index_site_controller.'),(2208,2,'my_category',1542032472.0259,'[127.0.0.1][4][-]','warning in index_site_controller.'),(2209,4,'my_category',1542033186.5905,'[127.0.0.1][4][-]','info in index_site_controller.'),(2210,1,'my_category',1542033186.5905,'[127.0.0.1][4][-]','error in index_site_controller.'),(2211,2,'my_category',1542033186.5905,'[127.0.0.1][4][-]','warning in index_site_controller.'),(2212,4,'my_category',1542033222.1622,'[127.0.0.1][4][-]','info in index_site_controller.'),(2213,1,'my_category',1542033222.1622,'[127.0.0.1][4][-]','error in index_site_controller.'),(2214,2,'my_category',1542033222.1622,'[127.0.0.1][4][-]','warning in index_site_controller.'),(2215,4,'my_category',1542033295.8242,'[127.0.0.1][4][-]','info in index_site_controller.'),(2216,1,'my_category',1542033295.8242,'[127.0.0.1][4][-]','error in index_site_controller.'),(2217,2,'my_category',1542033295.8242,'[127.0.0.1][4][-]','warning in index_site_controller.'),(2218,4,'my_category',1542033375.8722,'[127.0.0.1][4][-]','info in index_site_controller.'),(2219,1,'my_category',1542033375.8722,'[127.0.0.1][4][-]','error in index_site_controller.'),(2220,2,'my_category',1542033375.8722,'[127.0.0.1][4][-]','warning in index_site_controller.'),(2221,4,'my_category',1542033401.3309,'[127.0.0.1][4][-]','info in index_site_controller.'),(2222,1,'my_category',1542033401.331,'[127.0.0.1][4][-]','error in index_site_controller.'),(2223,2,'my_category',1542033401.331,'[127.0.0.1][4][-]','warning in index_site_controller.'),(2224,4,'my_category',1542033454.3129,'[127.0.0.1][4][-]','info in index_site_controller.'),(2225,1,'my_category',1542033454.313,'[127.0.0.1][4][-]','error in index_site_controller.'),(2226,2,'my_category',1542033454.313,'[127.0.0.1][4][-]','warning in index_site_controller.'),(2227,4,'my_category',1542033464.4796,'[127.0.0.1][4][-]','info in index_site_controller.'),(2228,1,'my_category',1542033464.4796,'[127.0.0.1][4][-]','error in index_site_controller.'),(2229,2,'my_category',1542033464.4796,'[127.0.0.1][4][-]','warning in index_site_controller.'),(2230,4,'my_category',1542033470.5234,'[127.0.0.1][4][-]','info in index_site_controller.'),(2231,1,'my_category',1542033470.5234,'[127.0.0.1][4][-]','error in index_site_controller.'),(2232,2,'my_category',1542033470.5234,'[127.0.0.1][4][-]','warning in index_site_controller.'),(2233,4,'my_category',1542033490.7869,'[127.0.0.1][4][-]','info in index_site_controller.'),(2234,1,'my_category',1542033490.7869,'[127.0.0.1][4][-]','error in index_site_controller.'),(2235,2,'my_category',1542033490.7869,'[127.0.0.1][4][-]','warning in index_site_controller.'),(2236,4,'my_category',1542033500.1198,'[127.0.0.1][4][-]','info in index_site_controller.'),(2237,1,'my_category',1542033500.1198,'[127.0.0.1][4][-]','error in index_site_controller.'),(2238,2,'my_category',1542033500.1198,'[127.0.0.1][4][-]','warning in index_site_controller.'),(2239,4,'my_category',1542033518.3502,'[127.0.0.1][4][-]','info in index_site_controller.'),(2240,1,'my_category',1542033518.3502,'[127.0.0.1][4][-]','error in index_site_controller.'),(2241,2,'my_category',1542033518.3502,'[127.0.0.1][4][-]','warning in index_site_controller.'),(2242,4,'my_category',1542033520.61,'[127.0.0.1][4][-]','info in index_site_controller.'),(2243,1,'my_category',1542033520.61,'[127.0.0.1][4][-]','error in index_site_controller.'),(2244,2,'my_category',1542033520.61,'[127.0.0.1][4][-]','warning in index_site_controller.'),(2245,4,'my_category',1542033530.4052,'[127.0.0.1][4][-]','info in index_site_controller.'),(2246,1,'my_category',1542033530.4052,'[127.0.0.1][4][-]','error in index_site_controller.'),(2247,2,'my_category',1542033530.4052,'[127.0.0.1][4][-]','warning in index_site_controller.'),(2248,4,'my_category',1542033569.3653,'[127.0.0.1][4][-]','info in index_site_controller.'),(2249,1,'my_category',1542033569.3653,'[127.0.0.1][4][-]','error in index_site_controller.'),(2250,2,'my_category',1542033569.3653,'[127.0.0.1][4][-]','warning in index_site_controller.'),(2251,4,'my_category',1542033570.6523,'[127.0.0.1][4][-]','info in index_site_controller.'),(2252,1,'my_category',1542033570.6523,'[127.0.0.1][4][-]','error in index_site_controller.'),(2253,2,'my_category',1542033570.6523,'[127.0.0.1][4][-]','warning in index_site_controller.'),(2254,4,'my_category',1542033572.0961,'[127.0.0.1][4][-]','info in index_site_controller.'),(2255,1,'my_category',1542033572.0961,'[127.0.0.1][4][-]','error in index_site_controller.'),(2256,2,'my_category',1542033572.0961,'[127.0.0.1][4][-]','warning in index_site_controller.'),(2257,4,'my_category',1542033582.1614,'[127.0.0.1][4][erk5up91sfhvh5vfud1oc909iutm5otp]','info in index_site_controller.'),(2258,1,'my_category',1542033582.1614,'[127.0.0.1][4][erk5up91sfhvh5vfud1oc909iutm5otp]','error in index_site_controller.'),(2259,2,'my_category',1542033582.1614,'[127.0.0.1][4][erk5up91sfhvh5vfud1oc909iutm5otp]','warning in index_site_controller.'),(2260,4,'my_category',1542033584.1014,'[127.0.0.1][4][-]','info in index_site_controller.'),(2261,1,'my_category',1542033584.1014,'[127.0.0.1][4][-]','error in index_site_controller.'),(2262,2,'my_category',1542033584.1014,'[127.0.0.1][4][-]','warning in index_site_controller.'),(2263,4,'my_category',1542033630.0416,'[127.0.0.1][4][-]','info in index_site_controller.'),(2264,1,'my_category',1542033630.0416,'[127.0.0.1][4][-]','error in index_site_controller.'),(2265,2,'my_category',1542033630.0416,'[127.0.0.1][4][-]','warning in index_site_controller.'),(2266,4,'my_category',1542033636.6885,'[127.0.0.1][4][-]','info in index_site_controller.'),(2267,1,'my_category',1542033636.6885,'[127.0.0.1][4][-]','error in index_site_controller.'),(2268,2,'my_category',1542033636.6886,'[127.0.0.1][4][-]','warning in index_site_controller.'),(2269,4,'my_category',1542033649.8008,'[127.0.0.1][4][-]','info in index_site_controller.'),(2270,1,'my_category',1542033649.8008,'[127.0.0.1][4][-]','error in index_site_controller.'),(2271,2,'my_category',1542033649.8008,'[127.0.0.1][4][-]','warning in index_site_controller.'),(2272,4,'my_category',1542033690.0895,'[127.0.0.1][4][-]','info in index_site_controller.'),(2273,1,'my_category',1542033690.0895,'[127.0.0.1][4][-]','error in index_site_controller.'),(2274,2,'my_category',1542033690.0895,'[127.0.0.1][4][-]','warning in index_site_controller.'),(2275,4,'my_category',1542033691.9731,'[127.0.0.1][4][-]','info in index_site_controller.'),(2276,1,'my_category',1542033691.9731,'[127.0.0.1][4][-]','error in index_site_controller.'),(2277,2,'my_category',1542033691.9731,'[127.0.0.1][4][-]','warning in index_site_controller.'),(2278,4,'my_category',1542033696.101,'[127.0.0.1][4][-]','info in index_site_controller.'),(2279,1,'my_category',1542033696.101,'[127.0.0.1][4][-]','error in index_site_controller.'),(2280,2,'my_category',1542033696.101,'[127.0.0.1][4][-]','warning in index_site_controller.'),(2281,4,'my_category',1542033704.139,'[127.0.0.1][4][-]','info in index_site_controller.'),(2282,1,'my_category',1542033704.139,'[127.0.0.1][4][-]','error in index_site_controller.'),(2283,2,'my_category',1542033704.139,'[127.0.0.1][4][-]','warning in index_site_controller.'),(2284,4,'my_category',1542033724.7043,'[127.0.0.1][4][-]','info in index_site_controller.'),(2285,1,'my_category',1542033724.7043,'[127.0.0.1][4][-]','error in index_site_controller.'),(2286,2,'my_category',1542033724.7043,'[127.0.0.1][4][-]','warning in index_site_controller.'),(2287,4,'my_category',1542040352.85,'[::1][4][-]','info in index_site_controller.'),(2288,1,'my_category',1542040352.85,'[::1][4][-]','error in index_site_controller.'),(2289,2,'my_category',1542040352.85,'[::1][4][-]','warning in index_site_controller.'),(2290,4,'my_category',1542040355.98,'[::1][4][-]','info in index_site_controller.'),(2291,1,'my_category',1542040355.98,'[::1][4][-]','error in index_site_controller.'),(2292,2,'my_category',1542040355.98,'[::1][4][-]','warning in index_site_controller.'),(2293,4,'my_category',1542040360.39,'[::1][4][-]','info in index_site_controller.'),(2294,1,'my_category',1542040360.39,'[::1][4][-]','error in index_site_controller.'),(2295,2,'my_category',1542040360.39,'[::1][4][-]','warning in index_site_controller.'),(2296,4,'my_category',1542040362.06,'[::1][4][-]','info in index_site_controller.'),(2297,1,'my_category',1542040362.06,'[::1][4][-]','error in index_site_controller.'),(2298,2,'my_category',1542040362.06,'[::1][4][-]','warning in index_site_controller.'),(2299,4,'my_category',1542040366.65,'[::1][4][-]','info in index_site_controller.'),(2300,1,'my_category',1542040366.65,'[::1][4][-]','error in index_site_controller.'),(2301,2,'my_category',1542040366.65,'[::1][4][-]','warning in index_site_controller.'),(2302,4,'my_category',1542040370.82,'[::1][4][-]','info in index_site_controller.'),(2303,1,'my_category',1542040370.82,'[::1][4][-]','error in index_site_controller.'),(2304,2,'my_category',1542040370.82,'[::1][4][-]','warning in index_site_controller.'),(2305,4,'my_category',1542040376.03,'[::1][4][-]','info in index_site_controller.'),(2306,1,'my_category',1542040376.03,'[::1][4][-]','error in index_site_controller.'),(2307,2,'my_category',1542040376.03,'[::1][4][-]','warning in index_site_controller.'),(2308,4,'my_category',1542040462.17,'[::1][4][-]','info in index_site_controller.'),(2309,1,'my_category',1542040462.17,'[::1][4][-]','error in index_site_controller.'),(2310,2,'my_category',1542040462.17,'[::1][4][-]','warning in index_site_controller.'),(2311,4,'my_category',1542040476.75,'[::1][4][-]','info in index_site_controller.'),(2312,1,'my_category',1542040476.75,'[::1][4][-]','error in index_site_controller.'),(2313,2,'my_category',1542040476.75,'[::1][4][-]','warning in index_site_controller.'),(2314,4,'my_category',1542040479.61,'[::1][4][-]','info in index_site_controller.'),(2315,1,'my_category',1542040479.61,'[::1][4][-]','error in index_site_controller.'),(2316,2,'my_category',1542040479.61,'[::1][4][-]','warning in index_site_controller.'),(2317,4,'my_category',1542040487.18,'[::1][4][-]','info in index_site_controller.'),(2318,1,'my_category',1542040487.18,'[::1][4][-]','error in index_site_controller.'),(2319,2,'my_category',1542040487.18,'[::1][4][-]','warning in index_site_controller.'),(2320,4,'my_category',1542040492.72,'[::1][4][-]','info in index_site_controller.'),(2321,1,'my_category',1542040492.72,'[::1][4][-]','error in index_site_controller.'),(2322,2,'my_category',1542040492.72,'[::1][4][-]','warning in index_site_controller.'),(2323,4,'my_category',1542040654.82,'[::1][4][-]','info in index_site_controller.'),(2324,1,'my_category',1542040654.82,'[::1][4][-]','error in index_site_controller.'),(2325,2,'my_category',1542040654.82,'[::1][4][-]','warning in index_site_controller.'),(2326,4,'my_category',1542040656.88,'[::1][4][-]','info in index_site_controller.'),(2327,1,'my_category',1542040656.88,'[::1][4][-]','error in index_site_controller.'),(2328,2,'my_category',1542040656.88,'[::1][4][-]','warning in index_site_controller.'),(2329,4,'my_category',1542040664.05,'[::1][4][-]','info in index_site_controller.'),(2330,1,'my_category',1542040664.05,'[::1][4][-]','error in index_site_controller.'),(2331,2,'my_category',1542040664.05,'[::1][4][-]','warning in index_site_controller.'),(2332,4,'my_category',1542040667.16,'[::1][4][-]','info in index_site_controller.'),(2333,1,'my_category',1542040667.16,'[::1][4][-]','error in index_site_controller.'),(2334,2,'my_category',1542040667.16,'[::1][4][-]','warning in index_site_controller.'),(2335,4,'my_category',1542040669.14,'[::1][4][-]','info in index_site_controller.'),(2336,1,'my_category',1542040669.14,'[::1][4][-]','error in index_site_controller.'),(2337,2,'my_category',1542040669.14,'[::1][4][-]','warning in index_site_controller.'),(2338,4,'my_category',1542040768.88,'[::1][4][-]','info in index_site_controller.'),(2339,1,'my_category',1542040768.88,'[::1][4][-]','error in index_site_controller.'),(2340,2,'my_category',1542040768.88,'[::1][4][-]','warning in index_site_controller.'),(2341,4,'my_category',1542040770.84,'[::1][4][-]','info in index_site_controller.'),(2342,1,'my_category',1542040770.84,'[::1][4][-]','error in index_site_controller.'),(2343,2,'my_category',1542040770.84,'[::1][4][-]','warning in index_site_controller.'),(2344,4,'my_category',1542040773.77,'[::1][4][-]','info in index_site_controller.'),(2345,1,'my_category',1542040773.77,'[::1][4][-]','error in index_site_controller.'),(2346,2,'my_category',1542040773.77,'[::1][4][-]','warning in index_site_controller.'),(2347,4,'my_category',1542040781.29,'[::1][4][-]','info in index_site_controller.'),(2348,1,'my_category',1542040781.29,'[::1][4][-]','error in index_site_controller.'),(2349,2,'my_category',1542040781.29,'[::1][4][-]','warning in index_site_controller.'),(2350,4,'my_category',1542040788.25,'[::1][4][-]','info in index_site_controller.'),(2351,1,'my_category',1542040788.25,'[::1][4][-]','error in index_site_controller.'),(2352,2,'my_category',1542040788.25,'[::1][4][-]','warning in index_site_controller.'),(2353,4,'my_category',1542040790.51,'[::1][4][-]','info in index_site_controller.'),(2354,1,'my_category',1542040790.51,'[::1][4][-]','error in index_site_controller.'),(2355,2,'my_category',1542040790.51,'[::1][4][-]','warning in index_site_controller.'),(2356,4,'my_category',1542040792.26,'[::1][4][-]','info in index_site_controller.'),(2357,1,'my_category',1542040792.26,'[::1][4][-]','error in index_site_controller.'),(2358,2,'my_category',1542040792.26,'[::1][4][-]','warning in index_site_controller.'),(2359,4,'my_category',1542040799.4,'[::1][4][-]','info in index_site_controller.'),(2360,1,'my_category',1542040799.4,'[::1][4][-]','error in index_site_controller.'),(2361,2,'my_category',1542040799.4,'[::1][4][-]','warning in index_site_controller.'),(2362,4,'my_category',1542040805.05,'[::1][4][-]','info in index_site_controller.'),(2363,1,'my_category',1542040805.05,'[::1][4][-]','error in index_site_controller.'),(2364,2,'my_category',1542040805.05,'[::1][4][-]','warning in index_site_controller.'),(2365,4,'my_category',1542040836.08,'[::1][4][-]','info in index_site_controller.'),(2366,1,'my_category',1542040836.08,'[::1][4][-]','error in index_site_controller.'),(2367,2,'my_category',1542040836.08,'[::1][4][-]','warning in index_site_controller.'),(2368,4,'my_category',1542040837.81,'[::1][4][-]','info in index_site_controller.'),(2369,1,'my_category',1542040837.81,'[::1][4][-]','error in index_site_controller.'),(2370,2,'my_category',1542040837.81,'[::1][4][-]','warning in index_site_controller.'),(2371,4,'my_category',1542040847.83,'[::1][4][-]','info in index_site_controller.'),(2372,1,'my_category',1542040847.83,'[::1][4][-]','error in index_site_controller.'),(2373,2,'my_category',1542040847.83,'[::1][4][-]','warning in index_site_controller.'),(2374,4,'my_category',1542040895.79,'[::1][4][-]','info in index_site_controller.'),(2375,1,'my_category',1542040895.79,'[::1][4][-]','error in index_site_controller.'),(2376,2,'my_category',1542040895.79,'[::1][4][-]','warning in index_site_controller.'),(2377,4,'my_category',1542041047.27,'[::1][4][-]','info in index_site_controller.'),(2378,1,'my_category',1542041047.27,'[::1][4][-]','error in index_site_controller.'),(2379,2,'my_category',1542041047.27,'[::1][4][-]','warning in index_site_controller.'),(2380,4,'my_category',1542041068.32,'[::1][4][-]','info in index_site_controller.'),(2381,1,'my_category',1542041068.32,'[::1][4][-]','error in index_site_controller.'),(2382,2,'my_category',1542041068.32,'[::1][4][-]','warning in index_site_controller.'),(2383,4,'my_category',1542041131.62,'[::1][4][-]','info in index_site_controller.'),(2384,1,'my_category',1542041131.62,'[::1][4][-]','error in index_site_controller.'),(2385,2,'my_category',1542041131.62,'[::1][4][-]','warning in index_site_controller.'),(2386,4,'my_category',1542041133.35,'[::1][4][-]','info in index_site_controller.'),(2387,1,'my_category',1542041133.35,'[::1][4][-]','error in index_site_controller.'),(2388,2,'my_category',1542041133.35,'[::1][4][-]','warning in index_site_controller.'),(2389,4,'my_category',1542041147.52,'[::1][4][-]','info in index_site_controller.'),(2390,1,'my_category',1542041147.52,'[::1][4][-]','error in index_site_controller.'),(2391,2,'my_category',1542041147.52,'[::1][4][-]','warning in index_site_controller.'),(2392,4,'my_category',1542041149.74,'[::1][4][-]','info in index_site_controller.'),(2393,1,'my_category',1542041149.74,'[::1][4][-]','error in index_site_controller.'),(2394,2,'my_category',1542041149.74,'[::1][4][-]','warning in index_site_controller.'),(2395,4,'my_category',1542041160.15,'[::1][4][-]','info in index_site_controller.'),(2396,1,'my_category',1542041160.15,'[::1][4][-]','error in index_site_controller.'),(2397,2,'my_category',1542041160.15,'[::1][4][-]','warning in index_site_controller.'),(2398,4,'my_category',1542041174.9,'[::1][4][-]','info in index_site_controller.'),(2399,1,'my_category',1542041174.9,'[::1][4][-]','error in index_site_controller.'),(2400,2,'my_category',1542041174.9,'[::1][4][-]','warning in index_site_controller.'),(2401,4,'my_category',1542041203.48,'[::1][4][-]','info in index_site_controller.'),(2402,1,'my_category',1542041203.48,'[::1][4][-]','error in index_site_controller.'),(2403,2,'my_category',1542041203.48,'[::1][4][-]','warning in index_site_controller.'),(2404,4,'my_category',1542052610.16,'[::1][4][-]','info in index_site_controller.'),(2405,1,'my_category',1542052610.16,'[::1][4][-]','error in index_site_controller.'),(2406,2,'my_category',1542052610.16,'[::1][4][-]','warning in index_site_controller.'),(2407,4,'my_category',1542052685.4,'[::1][4][-]','info in index_site_controller.'),(2408,1,'my_category',1542052685.4,'[::1][4][-]','error in index_site_controller.'),(2409,2,'my_category',1542052685.4,'[::1][4][-]','warning in index_site_controller.'),(2410,4,'my_category',1542055912.59,'[::1][4][-]','info in index_site_controller.'),(2411,1,'my_category',1542055912.59,'[::1][4][-]','error in index_site_controller.'),(2412,2,'my_category',1542055912.59,'[::1][4][-]','warning in index_site_controller.'),(2413,4,'my_category',1542055919.74,'[::1][4][-]','info in index_site_controller.'),(2414,1,'my_category',1542055919.74,'[::1][4][-]','error in index_site_controller.'),(2415,2,'my_category',1542055919.74,'[::1][4][-]','warning in index_site_controller.'),(2416,4,'my_category',1542055924.19,'[::1][4][-]','info in index_site_controller.'),(2417,1,'my_category',1542055924.19,'[::1][4][-]','error in index_site_controller.'),(2418,2,'my_category',1542055924.19,'[::1][4][-]','warning in index_site_controller.'),(2419,4,'my_category',1542056129.42,'[::1][4][-]','info in index_site_controller.'),(2420,1,'my_category',1542056129.42,'[::1][4][-]','error in index_site_controller.'),(2421,2,'my_category',1542056129.42,'[::1][4][-]','warning in index_site_controller.'),(2422,4,'my_category',1542056421.75,'[::1][4][-]','info in index_site_controller.'),(2423,1,'my_category',1542056421.75,'[::1][4][-]','error in index_site_controller.'),(2424,2,'my_category',1542056421.75,'[::1][4][-]','warning in index_site_controller.'),(2425,4,'my_category',1542058837.19,'[::1][4][-]','info in index_site_controller.'),(2426,1,'my_category',1542058837.19,'[::1][4][-]','error in index_site_controller.'),(2427,2,'my_category',1542058837.19,'[::1][4][-]','warning in index_site_controller.'),(2428,4,'my_category',1542058886.55,'[::1][4][-]','info in index_site_controller.'),(2429,1,'my_category',1542058886.55,'[::1][4][-]','error in index_site_controller.'),(2430,2,'my_category',1542058886.55,'[::1][4][-]','warning in index_site_controller.'),(2431,4,'my_category',1542059070.23,'[::1][4][-]','info in index_site_controller.'),(2432,1,'my_category',1542059070.23,'[::1][4][-]','error in index_site_controller.'),(2433,2,'my_category',1542059070.23,'[::1][4][-]','warning in index_site_controller.'),(2434,4,'my_category',1542059074.62,'[::1][4][-]','info in index_site_controller.'),(2435,1,'my_category',1542059074.62,'[::1][4][-]','error in index_site_controller.'),(2436,2,'my_category',1542059074.62,'[::1][4][-]','warning in index_site_controller.'),(2437,4,'my_category',1542093269.2461,'[127.0.0.1][4][-]','info in index_site_controller.'),(2438,1,'my_category',1542093269.2461,'[127.0.0.1][4][-]','error in index_site_controller.'),(2439,2,'my_category',1542093269.2461,'[127.0.0.1][4][-]','warning in index_site_controller.'),(2440,4,'my_category',1542093274.4583,'[127.0.0.1][4][-]','info in index_site_controller.'),(2441,1,'my_category',1542093274.4583,'[127.0.0.1][4][-]','error in index_site_controller.'),(2442,2,'my_category',1542093274.4583,'[127.0.0.1][4][-]','warning in index_site_controller.'),(2443,4,'my_category',1542093283.6537,'[127.0.0.1][4][-]','info in index_site_controller.'),(2444,1,'my_category',1542093283.6537,'[127.0.0.1][4][-]','error in index_site_controller.'),(2445,2,'my_category',1542093283.6538,'[127.0.0.1][4][-]','warning in index_site_controller.'),(2446,4,'my_category',1542093296.3876,'[127.0.0.1][4][-]','info in index_site_controller.'),(2447,1,'my_category',1542093296.3876,'[127.0.0.1][4][-]','error in index_site_controller.'),(2448,2,'my_category',1542093296.3876,'[127.0.0.1][4][-]','warning in index_site_controller.'),(2449,4,'my_category',1542093559.5401,'[127.0.0.1][-][-]','info in index_site_controller.'),(2450,1,'my_category',1542093559.5401,'[127.0.0.1][-][-]','error in index_site_controller.'),(2451,2,'my_category',1542093559.5401,'[127.0.0.1][-][-]','warning in index_site_controller.'),(2452,4,'my_category',1542093564.0307,'[127.0.0.1][-][-]','info in index_site_controller.'),(2453,1,'my_category',1542093564.0307,'[127.0.0.1][-][-]','error in index_site_controller.'),(2454,2,'my_category',1542093564.0307,'[127.0.0.1][-][-]','warning in index_site_controller.'),(2455,4,'my_category',1542096229.0377,'[127.0.0.1][4][-]','info in index_site_controller.'),(2456,1,'my_category',1542096229.0377,'[127.0.0.1][4][-]','error in index_site_controller.'),(2457,2,'my_category',1542096229.0377,'[127.0.0.1][4][-]','warning in index_site_controller.'),(2458,4,'my_category',1542099343.656,'[127.0.0.1][4][-]','info in index_site_controller.'),(2459,1,'my_category',1542099343.656,'[127.0.0.1][4][-]','error in index_site_controller.'),(2460,2,'my_category',1542099343.656,'[127.0.0.1][4][-]','warning in index_site_controller.'),(2461,4,'my_category',1542099631.6354,'[127.0.0.1][4][-]','info in index_site_controller.'),(2462,1,'my_category',1542099631.6354,'[127.0.0.1][4][-]','error in index_site_controller.'),(2463,2,'my_category',1542099631.6354,'[127.0.0.1][4][-]','warning in index_site_controller.'),(2464,4,'my_category',1542099634.7437,'[127.0.0.1][4][rk96mocd9gnlildksvgdolam8v21301c]','info in index_site_controller.'),(2465,1,'my_category',1542099634.7437,'[127.0.0.1][4][rk96mocd9gnlildksvgdolam8v21301c]','error in index_site_controller.'),(2466,2,'my_category',1542099634.7437,'[127.0.0.1][4][rk96mocd9gnlildksvgdolam8v21301c]','warning in index_site_controller.'),(2467,4,'my_category',1542099639.4188,'[127.0.0.1][4][-]','info in index_site_controller.'),(2468,1,'my_category',1542099639.4188,'[127.0.0.1][4][-]','error in index_site_controller.'),(2469,2,'my_category',1542099639.4188,'[127.0.0.1][4][-]','warning in index_site_controller.'),(2470,4,'my_category',1542099641.4147,'[127.0.0.1][4][-]','info in index_site_controller.'),(2471,1,'my_category',1542099641.4147,'[127.0.0.1][4][-]','error in index_site_controller.'),(2472,2,'my_category',1542099641.4147,'[127.0.0.1][4][-]','warning in index_site_controller.'),(2473,4,'my_category',1542099797.319,'[127.0.0.1][4][-]','info in index_site_controller.'),(2474,1,'my_category',1542099797.319,'[127.0.0.1][4][-]','error in index_site_controller.'),(2475,2,'my_category',1542099797.319,'[127.0.0.1][4][-]','warning in index_site_controller.'),(2476,4,'my_category',1542099798.9795,'[127.0.0.1][4][-]','info in index_site_controller.'),(2477,1,'my_category',1542099798.9795,'[127.0.0.1][4][-]','error in index_site_controller.'),(2478,2,'my_category',1542099798.9795,'[127.0.0.1][4][-]','warning in index_site_controller.'),(2479,4,'my_category',1542099801.031,'[127.0.0.1][4][-]','info in index_site_controller.'),(2480,1,'my_category',1542099801.0311,'[127.0.0.1][4][-]','error in index_site_controller.'),(2481,2,'my_category',1542099801.0311,'[127.0.0.1][4][-]','warning in index_site_controller.'),(2482,4,'my_category',1542099829.6685,'[127.0.0.1][4][-]','info in index_site_controller.'),(2483,1,'my_category',1542099829.6685,'[127.0.0.1][4][-]','error in index_site_controller.'),(2484,2,'my_category',1542099829.6685,'[127.0.0.1][4][-]','warning in index_site_controller.'),(2485,4,'my_category',1542099956.1539,'[127.0.0.1][4][-]','info in index_site_controller.'),(2486,1,'my_category',1542099956.1539,'[127.0.0.1][4][-]','error in index_site_controller.'),(2487,2,'my_category',1542099956.1539,'[127.0.0.1][4][-]','warning in index_site_controller.'),(2488,4,'my_category',1542099963.7304,'[127.0.0.1][4][-]','info in index_site_controller.'),(2489,1,'my_category',1542099963.7304,'[127.0.0.1][4][-]','error in index_site_controller.'),(2490,2,'my_category',1542099963.7304,'[127.0.0.1][4][-]','warning in index_site_controller.'),(2491,4,'my_category',1542099966.4398,'[127.0.0.1][4][-]','info in index_site_controller.'),(2492,1,'my_category',1542099966.4398,'[127.0.0.1][4][-]','error in index_site_controller.'),(2493,2,'my_category',1542099966.4398,'[127.0.0.1][4][-]','warning in index_site_controller.'),(2494,4,'my_category',1542099996.0959,'[127.0.0.1][4][-]','info in index_site_controller.'),(2495,1,'my_category',1542099996.0959,'[127.0.0.1][4][-]','error in index_site_controller.'),(2496,2,'my_category',1542099996.096,'[127.0.0.1][4][-]','warning in index_site_controller.'),(2497,4,'my_category',1542100006.357,'[127.0.0.1][4][-]','info in index_site_controller.'),(2498,1,'my_category',1542100006.357,'[127.0.0.1][4][-]','error in index_site_controller.'),(2499,2,'my_category',1542100006.357,'[127.0.0.1][4][-]','warning in index_site_controller.'),(2500,4,'my_category',1542100008.8319,'[127.0.0.1][4][-]','info in index_site_controller.'),(2501,1,'my_category',1542100008.8319,'[127.0.0.1][4][-]','error in index_site_controller.'),(2502,2,'my_category',1542100008.8319,'[127.0.0.1][4][-]','warning in index_site_controller.'),(2503,4,'my_category',1542100011.1216,'[127.0.0.1][4][-]','info in index_site_controller.'),(2504,1,'my_category',1542100011.1216,'[127.0.0.1][4][-]','error in index_site_controller.'),(2505,2,'my_category',1542100011.1216,'[127.0.0.1][4][-]','warning in index_site_controller.'),(2506,4,'my_category',1542100013.0484,'[127.0.0.1][4][-]','info in index_site_controller.'),(2507,1,'my_category',1542100013.0484,'[127.0.0.1][4][-]','error in index_site_controller.'),(2508,2,'my_category',1542100013.0484,'[127.0.0.1][4][-]','warning in index_site_controller.'),(2509,4,'my_category',1542100029.1558,'[127.0.0.1][4][-]','info in index_site_controller.'),(2510,1,'my_category',1542100029.1558,'[127.0.0.1][4][-]','error in index_site_controller.'),(2511,2,'my_category',1542100029.1558,'[127.0.0.1][4][-]','warning in index_site_controller.'),(2512,4,'my_category',1542100030.619,'[127.0.0.1][4][-]','info in index_site_controller.'),(2513,1,'my_category',1542100030.619,'[127.0.0.1][4][-]','error in index_site_controller.'),(2514,2,'my_category',1542100030.619,'[127.0.0.1][4][-]','warning in index_site_controller.'),(2515,4,'my_category',1542100032.5386,'[127.0.0.1][4][-]','info in index_site_controller.'),(2516,1,'my_category',1542100032.5386,'[127.0.0.1][4][-]','error in index_site_controller.'),(2517,2,'my_category',1542100032.5386,'[127.0.0.1][4][-]','warning in index_site_controller.'),(2518,4,'my_category',1542100042.2765,'[127.0.0.1][4][-]','info in index_site_controller.'),(2519,1,'my_category',1542100042.2765,'[127.0.0.1][4][-]','error in index_site_controller.'),(2520,2,'my_category',1542100042.2765,'[127.0.0.1][4][-]','warning in index_site_controller.'),(2521,4,'my_category',1542100070.4043,'[127.0.0.1][-][-]','info in index_site_controller.'),(2522,1,'my_category',1542100070.4043,'[127.0.0.1][-][-]','error in index_site_controller.'),(2523,2,'my_category',1542100070.4043,'[127.0.0.1][-][-]','warning in index_site_controller.'),(2524,4,'my_category',1542100073.11,'[127.0.0.1][-][-]','info in index_site_controller.'),(2525,1,'my_category',1542100073.11,'[127.0.0.1][-][-]','error in index_site_controller.'),(2526,2,'my_category',1542100073.11,'[127.0.0.1][-][-]','warning in index_site_controller.'),(2527,4,'my_category',1542100092.971,'[127.0.0.1][-][-]','info in index_site_controller.'),(2528,1,'my_category',1542100092.971,'[127.0.0.1][-][-]','error in index_site_controller.'),(2529,2,'my_category',1542100092.971,'[127.0.0.1][-][-]','warning in index_site_controller.'),(2530,4,'my_category',1542100095.4077,'[127.0.0.1][-][-]','info in index_site_controller.'),(2531,1,'my_category',1542100095.4077,'[127.0.0.1][-][-]','error in index_site_controller.'),(2532,2,'my_category',1542100095.4077,'[127.0.0.1][-][-]','warning in index_site_controller.'),(2533,4,'my_category',1542100117.4482,'[127.0.0.1][-][-]','info in index_site_controller.'),(2534,1,'my_category',1542100117.4483,'[127.0.0.1][-][-]','error in index_site_controller.'),(2535,2,'my_category',1542100117.4483,'[127.0.0.1][-][-]','warning in index_site_controller.'),(2536,4,'my_category',1542100137.2466,'[127.0.0.1][4][-]','info in index_site_controller.'),(2537,1,'my_category',1542100137.2466,'[127.0.0.1][4][-]','error in index_site_controller.'),(2538,2,'my_category',1542100137.2466,'[127.0.0.1][4][-]','warning in index_site_controller.'),(2539,4,'my_category',1542100138.9019,'[127.0.0.1][4][-]','info in index_site_controller.'),(2540,1,'my_category',1542100138.9019,'[127.0.0.1][4][-]','error in index_site_controller.'),(2541,2,'my_category',1542100138.9019,'[127.0.0.1][4][-]','warning in index_site_controller.'),(2542,4,'my_category',1542100145.5352,'[127.0.0.1][4][-]','info in index_site_controller.'),(2543,1,'my_category',1542100145.5352,'[127.0.0.1][4][-]','error in index_site_controller.'),(2544,2,'my_category',1542100145.5352,'[127.0.0.1][4][-]','warning in index_site_controller.'),(2545,4,'my_category',1542100147.5738,'[127.0.0.1][4][-]','info in index_site_controller.'),(2546,1,'my_category',1542100147.5738,'[127.0.0.1][4][-]','error in index_site_controller.'),(2547,2,'my_category',1542100147.5738,'[127.0.0.1][4][-]','warning in index_site_controller.'),(2548,4,'my_category',1542100153.3739,'[127.0.0.1][4][-]','info in index_site_controller.'),(2549,1,'my_category',1542100153.3739,'[127.0.0.1][4][-]','error in index_site_controller.'),(2550,2,'my_category',1542100153.3739,'[127.0.0.1][4][-]','warning in index_site_controller.'),(2551,4,'my_category',1542100161.1439,'[127.0.0.1][4][-]','info in index_site_controller.'),(2552,1,'my_category',1542100161.1439,'[127.0.0.1][4][-]','error in index_site_controller.'),(2553,2,'my_category',1542100161.1439,'[127.0.0.1][4][-]','warning in index_site_controller.'),(2554,4,'my_category',1542100185.6091,'[127.0.0.1][-][-]','info in index_site_controller.'),(2555,1,'my_category',1542100185.6091,'[127.0.0.1][-][-]','error in index_site_controller.'),(2556,2,'my_category',1542100185.6091,'[127.0.0.1][-][-]','warning in index_site_controller.'),(2557,4,'my_category',1542100187.6219,'[127.0.0.1][-][-]','info in index_site_controller.'),(2558,1,'my_category',1542100187.6219,'[127.0.0.1][-][-]','error in index_site_controller.'),(2559,2,'my_category',1542100187.6219,'[127.0.0.1][-][-]','warning in index_site_controller.'),(2560,4,'my_category',1542100189.6533,'[127.0.0.1][-][-]','info in index_site_controller.'),(2561,1,'my_category',1542100189.6533,'[127.0.0.1][-][-]','error in index_site_controller.'),(2562,2,'my_category',1542100189.6533,'[127.0.0.1][-][-]','warning in index_site_controller.'),(2563,4,'my_category',1542100217.1823,'[127.0.0.1][-][-]','info in index_site_controller.'),(2564,1,'my_category',1542100217.1823,'[127.0.0.1][-][-]','error in index_site_controller.'),(2565,2,'my_category',1542100217.1823,'[127.0.0.1][-][-]','warning in index_site_controller.'),(2566,4,'my_category',1542100218.733,'[127.0.0.1][-][-]','info in index_site_controller.'),(2567,1,'my_category',1542100218.733,'[127.0.0.1][-][-]','error in index_site_controller.'),(2568,2,'my_category',1542100218.733,'[127.0.0.1][-][-]','warning in index_site_controller.'),(2569,4,'my_category',1542100221.0548,'[127.0.0.1][-][-]','info in index_site_controller.'),(2570,1,'my_category',1542100221.0548,'[127.0.0.1][-][-]','error in index_site_controller.'),(2571,2,'my_category',1542100221.0548,'[127.0.0.1][-][-]','warning in index_site_controller.'),(2572,4,'my_category',1542100223.0127,'[127.0.0.1][-][-]','info in index_site_controller.'),(2573,1,'my_category',1542100223.0127,'[127.0.0.1][-][-]','error in index_site_controller.'),(2574,2,'my_category',1542100223.0128,'[127.0.0.1][-][-]','warning in index_site_controller.'),(2575,4,'my_category',1542100231.4313,'[127.0.0.1][4][-]','info in index_site_controller.'),(2576,1,'my_category',1542100231.4313,'[127.0.0.1][4][-]','error in index_site_controller.'),(2577,2,'my_category',1542100231.4313,'[127.0.0.1][4][-]','warning in index_site_controller.'),(2578,4,'my_category',1542100237.5268,'[127.0.0.1][4][-]','info in index_site_controller.'),(2579,1,'my_category',1542100237.5269,'[127.0.0.1][4][-]','error in index_site_controller.'),(2580,2,'my_category',1542100237.5269,'[127.0.0.1][4][-]','warning in index_site_controller.'),(2581,4,'my_category',1542100239.8059,'[127.0.0.1][4][-]','info in index_site_controller.'),(2582,1,'my_category',1542100239.8059,'[127.0.0.1][4][-]','error in index_site_controller.'),(2583,2,'my_category',1542100239.8059,'[127.0.0.1][4][-]','warning in index_site_controller.'),(2584,4,'my_category',1542109229.6665,'[127.0.0.1][4][-]','info in index_site_controller.'),(2585,1,'my_category',1542109229.6665,'[127.0.0.1][4][-]','error in index_site_controller.'),(2586,2,'my_category',1542109229.6665,'[127.0.0.1][4][-]','warning in index_site_controller.'),(2587,4,'my_category',1542109244.4501,'[127.0.0.1][4][-]','info in index_site_controller.'),(2588,1,'my_category',1542109244.4501,'[127.0.0.1][4][-]','error in index_site_controller.'),(2589,2,'my_category',1542109244.4501,'[127.0.0.1][4][-]','warning in index_site_controller.'),(2590,4,'my_category',1542109246.0126,'[127.0.0.1][4][-]','info in index_site_controller.'),(2591,1,'my_category',1542109246.0126,'[127.0.0.1][4][-]','error in index_site_controller.'),(2592,2,'my_category',1542109246.0126,'[127.0.0.1][4][-]','warning in index_site_controller.'),(2593,4,'my_category',1542109355.8251,'[127.0.0.1][4][-]','info in index_site_controller.'),(2594,1,'my_category',1542109355.8251,'[127.0.0.1][4][-]','error in index_site_controller.'),(2595,2,'my_category',1542109355.8251,'[127.0.0.1][4][-]','warning in index_site_controller.'),(2596,4,'my_category',1542109680.6381,'[127.0.0.1][4][-]','info in index_site_controller.'),(2597,1,'my_category',1542109680.6381,'[127.0.0.1][4][-]','error in index_site_controller.'),(2598,2,'my_category',1542109680.6381,'[127.0.0.1][4][-]','warning in index_site_controller.'),(2599,4,'my_category',1542109682.2281,'[127.0.0.1][4][-]','info in index_site_controller.'),(2600,1,'my_category',1542109682.2281,'[127.0.0.1][4][-]','error in index_site_controller.'),(2601,2,'my_category',1542109682.2281,'[127.0.0.1][4][-]','warning in index_site_controller.'),(2602,4,'my_category',1542109686.1893,'[127.0.0.1][4][-]','info in index_site_controller.'),(2603,1,'my_category',1542109686.1893,'[127.0.0.1][4][-]','error in index_site_controller.'),(2604,2,'my_category',1542109686.1893,'[127.0.0.1][4][-]','warning in index_site_controller.'),(2605,4,'my_category',1542109690.1499,'[127.0.0.1][4][-]','info in index_site_controller.'),(2606,1,'my_category',1542109690.1499,'[127.0.0.1][4][-]','error in index_site_controller.'),(2607,2,'my_category',1542109690.1499,'[127.0.0.1][4][-]','warning in index_site_controller.'),(2608,4,'my_category',1542109691.7947,'[127.0.0.1][4][-]','info in index_site_controller.'),(2609,1,'my_category',1542109691.7947,'[127.0.0.1][4][-]','error in index_site_controller.'),(2610,2,'my_category',1542109691.7947,'[127.0.0.1][4][-]','warning in index_site_controller.'),(2611,4,'my_category',1542109699.0987,'[127.0.0.1][4][-]','info in index_site_controller.'),(2612,1,'my_category',1542109699.0987,'[127.0.0.1][4][-]','error in index_site_controller.'),(2613,2,'my_category',1542109699.0987,'[127.0.0.1][4][-]','warning in index_site_controller.'),(2614,4,'my_category',1542109701.8928,'[127.0.0.1][4][-]','info in index_site_controller.'),(2615,1,'my_category',1542109701.8928,'[127.0.0.1][4][-]','error in index_site_controller.'),(2616,2,'my_category',1542109701.8928,'[127.0.0.1][4][-]','warning in index_site_controller.'),(2617,4,'my_category',1542109754.7411,'[127.0.0.1][4][-]','info in index_site_controller.'),(2618,1,'my_category',1542109754.7411,'[127.0.0.1][4][-]','error in index_site_controller.'),(2619,2,'my_category',1542109754.7411,'[127.0.0.1][4][-]','warning in index_site_controller.'),(2620,4,'my_category',1542212205.67,'[::1][4][-]','info in index_site_controller.'),(2621,1,'my_category',1542212205.67,'[::1][4][-]','error in index_site_controller.'),(2622,2,'my_category',1542212205.67,'[::1][4][-]','warning in index_site_controller.'),(2623,4,'my_category',1542301970.56,'[::1][4][-]','info in index_site_controller.'),(2624,1,'my_category',1542301970.56,'[::1][4][-]','error in index_site_controller.'),(2625,2,'my_category',1542301970.56,'[::1][4][-]','warning in index_site_controller.'),(2626,4,'my_category',1542365087.1919,'[127.0.0.1][4][-]','info in index_site_controller.'),(2627,1,'my_category',1542365087.1919,'[127.0.0.1][4][-]','error in index_site_controller.'),(2628,2,'my_category',1542365087.1919,'[127.0.0.1][4][-]','warning in index_site_controller.'),(2629,4,'my_category',1542365408.1748,'[127.0.0.1][4][-]','info in index_site_controller.'),(2630,1,'my_category',1542365408.1748,'[127.0.0.1][4][-]','error in index_site_controller.'),(2631,2,'my_category',1542365408.1748,'[127.0.0.1][4][-]','warning in index_site_controller.'),(2632,4,'my_category',1542365412.2544,'[127.0.0.1][4][-]','info in index_site_controller.'),(2633,1,'my_category',1542365412.2544,'[127.0.0.1][4][-]','error in index_site_controller.'),(2634,2,'my_category',1542365412.2544,'[127.0.0.1][4][-]','warning in index_site_controller.'),(2635,4,'my_category',1542394398.13,'[::1][4][-]','info in index_site_controller.'),(2636,1,'my_category',1542394398.13,'[::1][4][-]','error in index_site_controller.'),(2637,2,'my_category',1542394398.13,'[::1][4][-]','warning in index_site_controller.'),(2638,4,'my_category',1542471159.45,'[::1][4][-]','info in index_site_controller.'),(2639,1,'my_category',1542471159.45,'[::1][4][-]','error in index_site_controller.'),(2640,2,'my_category',1542471159.45,'[::1][4][-]','warning in index_site_controller.'),(2641,4,'my_category',1542734458.85,'[::1][4][-]','info in index_site_controller.'),(2642,1,'my_category',1542734458.85,'[::1][4][-]','error in index_site_controller.'),(2643,2,'my_category',1542734458.85,'[::1][4][-]','warning in index_site_controller.'),(2644,4,'my_category',1542734486.86,'[::1][4][-]','info in index_site_controller.'),(2645,1,'my_category',1542734486.86,'[::1][4][-]','error in index_site_controller.'),(2646,2,'my_category',1542734486.86,'[::1][4][-]','warning in index_site_controller.'),(2647,4,'my_category',1542740747.51,'[::1][4][-]','info in index_site_controller.'),(2648,1,'my_category',1542740747.51,'[::1][4][-]','error in index_site_controller.'),(2649,2,'my_category',1542740747.52,'[::1][4][-]','warning in index_site_controller.'),(2650,4,'my_category',1542740759.96,'[::1][4][-]','info in index_site_controller.'),(2651,1,'my_category',1542740759.96,'[::1][4][-]','error in index_site_controller.'),(2652,2,'my_category',1542740759.96,'[::1][4][-]','warning in index_site_controller.'),(2653,4,'my_category',1542740762.57,'[::1][4][-]','info in index_site_controller.'),(2654,1,'my_category',1542740762.57,'[::1][4][-]','error in index_site_controller.'),(2655,2,'my_category',1542740762.57,'[::1][4][-]','warning in index_site_controller.'),(2656,4,'my_category',1542740765.78,'[::1][4][-]','info in index_site_controller.'),(2657,1,'my_category',1542740765.78,'[::1][4][-]','error in index_site_controller.'),(2658,2,'my_category',1542740765.78,'[::1][4][-]','warning in index_site_controller.'),(2659,4,'my_category',1542740923.88,'[::1][4][-]','info in index_site_controller.'),(2660,1,'my_category',1542740923.88,'[::1][4][-]','error in index_site_controller.'),(2661,2,'my_category',1542740923.88,'[::1][4][-]','warning in index_site_controller.'),(2662,4,'my_category',1542740971.05,'[::1][-][-]','info in index_site_controller.'),(2663,1,'my_category',1542740971.05,'[::1][-][-]','error in index_site_controller.'),(2664,2,'my_category',1542740971.05,'[::1][-][-]','warning in index_site_controller.'),(2665,4,'my_category',1542741507.79,'[::1][-][-]','info in index_site_controller.'),(2666,1,'my_category',1542741507.79,'[::1][-][-]','error in index_site_controller.'),(2667,2,'my_category',1542741507.79,'[::1][-][-]','warning in index_site_controller.'),(2668,4,'my_category',1542741512.55,'[::1][-][-]','info in index_site_controller.'),(2669,1,'my_category',1542741512.55,'[::1][-][-]','error in index_site_controller.'),(2670,2,'my_category',1542741512.55,'[::1][-][-]','warning in index_site_controller.'),(2671,4,'my_category',1542748363.94,'[::1][4][-]','info in index_site_controller.'),(2672,1,'my_category',1542748363.94,'[::1][4][-]','error in index_site_controller.'),(2673,2,'my_category',1542748363.94,'[::1][4][-]','warning in index_site_controller.'),(2674,4,'my_category',1542794579.8011,'[127.0.0.1][4][-]','info in index_site_controller.'),(2675,1,'my_category',1542794579.8011,'[127.0.0.1][4][-]','error in index_site_controller.'),(2676,2,'my_category',1542794579.8011,'[127.0.0.1][4][-]','warning in index_site_controller.'),(2677,4,'my_category',1542811795.7787,'[127.0.0.1][-][-]','info in index_site_controller.'),(2678,1,'my_category',1542811795.7787,'[127.0.0.1][-][-]','error in index_site_controller.'),(2679,2,'my_category',1542811795.7788,'[127.0.0.1][-][-]','warning in index_site_controller.'),(2680,4,'my_category',1542811800.1708,'[127.0.0.1][-][-]','info in index_site_controller.'),(2681,1,'my_category',1542811800.1708,'[127.0.0.1][-][-]','error in index_site_controller.'),(2682,2,'my_category',1542811800.1708,'[127.0.0.1][-][-]','warning in index_site_controller.'),(2683,4,'my_category',1542811801.1862,'[127.0.0.1][-][-]','info in index_site_controller.'),(2684,1,'my_category',1542811801.1862,'[127.0.0.1][-][-]','error in index_site_controller.'),(2685,2,'my_category',1542811801.1862,'[127.0.0.1][-][-]','warning in index_site_controller.'),(2686,4,'my_category',1542811802.3984,'[127.0.0.1][-][-]','info in index_site_controller.'),(2687,1,'my_category',1542811802.3984,'[127.0.0.1][-][-]','error in index_site_controller.'),(2688,2,'my_category',1542811802.3984,'[127.0.0.1][-][-]','warning in index_site_controller.'),(2689,4,'my_category',1542873968.8752,'[127.0.0.1][4][-]','info in index_site_controller.'),(2690,1,'my_category',1542873968.8752,'[127.0.0.1][4][-]','error in index_site_controller.'),(2691,2,'my_category',1542873968.8752,'[127.0.0.1][4][-]','warning in index_site_controller.'),(2692,4,'my_category',1542873987.719,'[127.0.0.1][-][-]','info in index_site_controller.'),(2693,1,'my_category',1542873987.719,'[127.0.0.1][-][-]','error in index_site_controller.'),(2694,2,'my_category',1542873987.719,'[127.0.0.1][-][-]','warning in index_site_controller.'),(2695,4,'my_category',1542873997.9841,'[127.0.0.1][4][-]','info in index_site_controller.'),(2696,1,'my_category',1542873997.9841,'[127.0.0.1][4][-]','error in index_site_controller.'),(2697,2,'my_category',1542873997.9841,'[127.0.0.1][4][-]','warning in index_site_controller.'),(2698,4,'my_category',1542874009.5589,'[127.0.0.1][4][u6t4tu750cejdheu90nkgn6os3]','info in index_site_controller.'),(2699,1,'my_category',1542874009.559,'[127.0.0.1][4][u6t4tu750cejdheu90nkgn6os3]','error in index_site_controller.'),(2700,2,'my_category',1542874009.559,'[127.0.0.1][4][u6t4tu750cejdheu90nkgn6os3]','warning in index_site_controller.'),(2701,4,'my_category',1542874283.1068,'[127.0.0.1][4][-]','info in index_site_controller.'),(2702,1,'my_category',1542874283.1069,'[127.0.0.1][4][-]','error in index_site_controller.'),(2703,2,'my_category',1542874283.1069,'[127.0.0.1][4][-]','warning in index_site_controller.'),(2704,4,'my_category',1542876647.2351,'[127.0.0.1][4][-]','info in index_site_controller.'),(2705,1,'my_category',1542876647.2352,'[127.0.0.1][4][-]','error in index_site_controller.'),(2706,2,'my_category',1542876647.2352,'[127.0.0.1][4][-]','warning in index_site_controller.'),(2707,4,'my_category',1542876711.8577,'[127.0.0.1][4][-]','info in index_site_controller.'),(2708,1,'my_category',1542876711.8577,'[127.0.0.1][4][-]','error in index_site_controller.'),(2709,2,'my_category',1542876711.8577,'[127.0.0.1][4][-]','warning in index_site_controller.'),(2710,4,'my_category',1542879904.3058,'[127.0.0.1][4][-]','info in index_site_controller.'),(2711,1,'my_category',1542879904.3058,'[127.0.0.1][4][-]','error in index_site_controller.'),(2712,2,'my_category',1542879904.3058,'[127.0.0.1][4][-]','warning in index_site_controller.'),(2713,4,'my_category',1542879916.762,'[127.0.0.1][4][-]','info in index_site_controller.'),(2714,1,'my_category',1542879916.762,'[127.0.0.1][4][-]','error in index_site_controller.'),(2715,2,'my_category',1542879916.762,'[127.0.0.1][4][-]','warning in index_site_controller.'),(2716,4,'my_category',1542886400.3704,'[127.0.0.1][4][-]','info in index_site_controller.'),(2717,1,'my_category',1542886400.3705,'[127.0.0.1][4][-]','error in index_site_controller.'),(2718,2,'my_category',1542886400.3705,'[127.0.0.1][4][-]','warning in index_site_controller.'),(2719,4,'my_category',1542887174.4928,'[127.0.0.1][-][-]','info in index_site_controller.'),(2720,1,'my_category',1542887174.4928,'[127.0.0.1][-][-]','error in index_site_controller.'),(2721,2,'my_category',1542887174.4928,'[127.0.0.1][-][-]','warning in index_site_controller.'),(2722,4,'my_category',1542887175.4934,'[127.0.0.1][-][-]','info in index_site_controller.'),(2723,1,'my_category',1542887175.4934,'[127.0.0.1][-][-]','error in index_site_controller.'),(2724,2,'my_category',1542887175.4935,'[127.0.0.1][-][-]','warning in index_site_controller.'),(2725,4,'my_category',1542887184.9345,'[127.0.0.1][-][-]','info in index_site_controller.'),(2726,1,'my_category',1542887184.9346,'[127.0.0.1][-][-]','error in index_site_controller.'),(2727,2,'my_category',1542887184.9346,'[127.0.0.1][-][-]','warning in index_site_controller.'),(2728,4,'my_category',1542887204.2359,'[127.0.0.1][-][-]','info in index_site_controller.'),(2729,1,'my_category',1542887204.2359,'[127.0.0.1][-][-]','error in index_site_controller.'),(2730,2,'my_category',1542887204.236,'[127.0.0.1][-][-]','warning in index_site_controller.'),(2731,4,'my_category',1542887265.6949,'[127.0.0.1][-][-]','info in index_site_controller.'),(2732,1,'my_category',1542887265.6949,'[127.0.0.1][-][-]','error in index_site_controller.'),(2733,2,'my_category',1542887265.6949,'[127.0.0.1][-][-]','warning in index_site_controller.'),(2734,4,'my_category',1542887268.8028,'[127.0.0.1][-][-]','info in index_site_controller.'),(2735,1,'my_category',1542887268.8028,'[127.0.0.1][-][-]','error in index_site_controller.'),(2736,2,'my_category',1542887268.8028,'[127.0.0.1][-][-]','warning in index_site_controller.'),(2737,4,'my_category',1542887276.877,'[127.0.0.1][-][-]','info in index_site_controller.'),(2738,1,'my_category',1542887276.8771,'[127.0.0.1][-][-]','error in index_site_controller.'),(2739,2,'my_category',1542887276.8771,'[127.0.0.1][-][-]','warning in index_site_controller.'),(2740,4,'my_category',1542960825.8852,'[127.0.0.1][-][-]','info in index_site_controller.'),(2741,1,'my_category',1542960825.8852,'[127.0.0.1][-][-]','error in index_site_controller.'),(2742,2,'my_category',1542960825.8852,'[127.0.0.1][-][-]','warning in index_site_controller.'),(2743,4,'my_category',1542961270.7431,'[127.0.0.1][4][-]','info in index_site_controller.'),(2744,1,'my_category',1542961270.7431,'[127.0.0.1][4][-]','error in index_site_controller.'),(2745,2,'my_category',1542961270.7431,'[127.0.0.1][4][-]','warning in index_site_controller.'),(2746,4,'my_category',1543057023.83,'[::1][4][-]','info in index_site_controller.'),(2747,1,'my_category',1543057023.83,'[::1][4][-]','error in index_site_controller.'),(2748,2,'my_category',1543057023.83,'[::1][4][-]','warning in index_site_controller.'),(2749,4,'my_category',1543088851.95,'[::1][4][-]','info in index_site_controller.'),(2750,1,'my_category',1543088851.95,'[::1][4][-]','error in index_site_controller.'),(2751,2,'my_category',1543088851.95,'[::1][4][-]','warning in index_site_controller.'),(2752,4,'my_category',1543088867.48,'[::1][4][-]','info in index_site_controller.'),(2753,1,'my_category',1543088867.48,'[::1][4][-]','error in index_site_controller.'),(2754,2,'my_category',1543088867.48,'[::1][4][-]','warning in index_site_controller.'),(2755,4,'my_category',1543088870.7,'[::1][4][-]','info in index_site_controller.'),(2756,1,'my_category',1543088870.7,'[::1][4][-]','error in index_site_controller.'),(2757,2,'my_category',1543088870.7,'[::1][4][-]','warning in index_site_controller.'),(2758,4,'my_category',1543088872.44,'[::1][4][-]','info in index_site_controller.'),(2759,1,'my_category',1543088872.44,'[::1][4][-]','error in index_site_controller.'),(2760,2,'my_category',1543088872.44,'[::1][4][-]','warning in index_site_controller.'),(2761,4,'my_category',1543092866.09,'[::1][4][-]','info in index_site_controller.'),(2762,1,'my_category',1543092866.09,'[::1][4][-]','error in index_site_controller.'),(2763,2,'my_category',1543092866.09,'[::1][4][-]','warning in index_site_controller.'),(2764,4,'my_category',1543092868.71,'[::1][4][-]','info in index_site_controller.'),(2765,1,'my_category',1543092868.71,'[::1][4][-]','error in index_site_controller.'),(2766,2,'my_category',1543092868.71,'[::1][4][-]','warning in index_site_controller.'),(2767,4,'my_category',1543132323.18,'[::1][4][-]','info in index_site_controller.'),(2768,1,'my_category',1543132323.18,'[::1][4][-]','error in index_site_controller.'),(2769,2,'my_category',1543132323.18,'[::1][4][-]','warning in index_site_controller.'),(2770,4,'my_category',1543139342.58,'[::1][4][-]','info in index_site_controller.'),(2771,1,'my_category',1543139342.58,'[::1][4][-]','error in index_site_controller.'),(2772,2,'my_category',1543139342.58,'[::1][4][-]','warning in index_site_controller.'),(2773,4,'my_category',1543139345.03,'[::1][4][-]','info in index_site_controller.'),(2774,1,'my_category',1543139345.03,'[::1][4][-]','error in index_site_controller.'),(2775,2,'my_category',1543139345.03,'[::1][4][-]','warning in index_site_controller.'),(2776,4,'my_category',1543139348.64,'[::1][4][-]','info in index_site_controller.'),(2777,1,'my_category',1543139348.64,'[::1][4][-]','error in index_site_controller.'),(2778,2,'my_category',1543139348.64,'[::1][4][-]','warning in index_site_controller.'),(2779,4,'my_category',1543139351.14,'[::1][4][-]','info in index_site_controller.'),(2780,1,'my_category',1543139351.14,'[::1][4][-]','error in index_site_controller.'),(2781,2,'my_category',1543139351.14,'[::1][4][-]','warning in index_site_controller.'),(2782,4,'my_category',1543139354.73,'[::1][4][-]','info in index_site_controller.'),(2783,1,'my_category',1543139354.73,'[::1][4][-]','error in index_site_controller.'),(2784,2,'my_category',1543139354.73,'[::1][4][-]','warning in index_site_controller.'),(2785,4,'my_category',1543167383.59,'[::1][4][-]','info in index_site_controller.'),(2786,1,'my_category',1543167383.59,'[::1][4][-]','error in index_site_controller.'),(2787,2,'my_category',1543167383.59,'[::1][4][-]','warning in index_site_controller.'),(2788,4,'my_category',1543168221.2,'[::1][4][-]','info in index_site_controller.'),(2789,1,'my_category',1543168221.2,'[::1][4][-]','error in index_site_controller.'),(2790,2,'my_category',1543168221.2,'[::1][4][-]','warning in index_site_controller.'),(2791,4,'my_category',1543218059.2272,'[127.0.0.1][-][-]','info in index_site_controller.'),(2792,1,'my_category',1543218059.2274,'[127.0.0.1][-][-]','error in index_site_controller.'),(2793,2,'my_category',1543218059.2274,'[127.0.0.1][-][-]','warning in index_site_controller.');
/*!40000 ALTER TABLE `log` ENABLE KEYS */;
UNLOCK TABLES;

--
-- Table structure for table `measure`
--

DROP TABLE IF EXISTS `measure`;
/*!40101 SET @saved_cs_client     = @@character_set_client */;
/*!40101 SET character_set_client = utf8 */;
CREATE TABLE `measure` (
  `id` smallint(6) NOT NULL AUTO_INCREMENT,
  `category_id` mediumint(8) NOT NULL,
  `name` varchar(64) DEFAULT NULL,
  `abbr` varchar(32) DEFAULT NULL,
  PRIMARY KEY (`id`)
) ENGINE=InnoDB AUTO_INCREMENT=12 DEFAULT CHARSET=utf8 COMMENT='Единицы измерения';
/*!40101 SET character_set_client = @saved_cs_client */;

--
-- Dumping data for table `measure`
--

LOCK TABLES `measure` WRITE;
/*!40000 ALTER TABLE `measure` DISABLE KEYS */;
INSERT INTO `measure` VALUES (1,1,'рубль','₽'),(2,1,'Доллар','$'),(3,2,'Процент','%'),(4,2,'Килограмм','кг'),(7,3,'1','1'),(8,3,'2','2'),(9,3,'3','3'),(10,3,'4','4'),(11,3,'5','5');
/*!40000 ALTER TABLE `measure` ENABLE KEYS */;
UNLOCK TABLES;

--
-- Table structure for table `measure_unit`
--

DROP TABLE IF EXISTS `measure_unit`;
/*!40101 SET @saved_cs_client     = @@character_set_client */;
/*!40101 SET character_set_client = utf8 */;
CREATE TABLE `measure_unit` (
  `id` smallint(2) unsigned NOT NULL AUTO_INCREMENT,
  `name` varchar(16) DEFAULT NULL,
  `slug` varchar(8) DEFAULT NULL,
  PRIMARY KEY (`id`)
) ENGINE=InnoDB AUTO_INCREMENT=5 DEFAULT CHARSET=utf8 COMMENT='Единицы измерения';
/*!40101 SET character_set_client = @saved_cs_client */;

--
-- Dumping data for table `measure_unit`
--

LOCK TABLES `measure_unit` WRITE;
/*!40000 ALTER TABLE `measure_unit` DISABLE KEYS */;
INSERT INTO `measure_unit` VALUES (1,'рубль','₽'),(2,'Доллар','$'),(3,'Процент','%'),(4,'Килограмм','кг');
/*!40000 ALTER TABLE `measure_unit` ENABLE KEYS */;
UNLOCK TABLES;

--
-- Table structure for table `media`
--

DROP TABLE IF EXISTS `media`;
/*!40101 SET @saved_cs_client     = @@character_set_client */;
/*!40101 SET character_set_client = utf8 */;
CREATE TABLE `media` (
  `id` int(11) NOT NULL AUTO_INCREMENT,
  `album_id` int(11) DEFAULT NULL,
  `filename` varchar(255) NOT NULL,
  `type` varchar(127) DEFAULT NULL,
  `url` text,
  `size` varchar(127) DEFAULT NULL,
  `thumbs` text,
  `created_at` int(11) DEFAULT NULL,
  `updated_at` int(11) DEFAULT NULL,
  `created_by` int(11) DEFAULT NULL,
  `updated_by` int(11) DEFAULT NULL,
  PRIMARY KEY (`id`),
  KEY `fk_media_album` (`album_id`),
  KEY `fk_media_created_by` (`created_by`),
  KEY `fk_media_updated_by` (`updated_by`),
  CONSTRAINT `fk_media_album` FOREIGN KEY (`album_id`) REFERENCES `media_album` (`id`) ON DELETE SET NULL ON UPDATE CASCADE,
  CONSTRAINT `fk_media_created_by` FOREIGN KEY (`created_by`) REFERENCES `user` (`id`) ON DELETE SET NULL ON UPDATE CASCADE,
  CONSTRAINT `fk_media_updated_by` FOREIGN KEY (`updated_by`) REFERENCES `user` (`id`) ON DELETE SET NULL ON UPDATE CASCADE
) ENGINE=InnoDB AUTO_INCREMENT=9 DEFAULT CHARSET=utf8;
/*!40101 SET character_set_client = @saved_cs_client */;

--
-- Dumping data for table `media`
--

LOCK TABLES `media` WRITE;
/*!40000 ALTER TABLE `media` DISABLE KEYS */;
INSERT INTO `media` VALUES (7,1,'15426306383rl8rj.jpg','image/jpeg','/uploads/2018/11/15426306383rl8rj.jpg','161113','a:3:{s:5:\"small\";s:44:\"/uploads/2018/11/15426306383rl8rj-120x80.jpg\";s:6:\"medium\";s:45:\"/uploads/2018/11/15426306383rl8rj-400x300.jpg\";s:5:\"large\";s:45:\"/uploads/2018/11/15426306383rl8rj-800x600.jpg\";}',1542744261,1542792466,4,4),(8,1,'1542630641yozp6t.jpg','image/jpeg','/uploads/2018/11/1542630641yozp6t.jpg','227196','a:3:{s:5:\"small\";s:44:\"/uploads/2018/11/1542630641yozp6t-120x80.jpg\";s:6:\"medium\";s:45:\"/uploads/2018/11/1542630641yozp6t-400x300.jpg\";s:5:\"large\";s:45:\"/uploads/2018/11/1542630641yozp6t-800x600.jpg\";}',1542744322,1542792461,4,4);
/*!40000 ALTER TABLE `media` ENABLE KEYS */;
UNLOCK TABLES;

--
-- Table structure for table `media_album`
--

DROP TABLE IF EXISTS `media_album`;
/*!40101 SET @saved_cs_client     = @@character_set_client */;
/*!40101 SET character_set_client = utf8 */;
CREATE TABLE `media_album` (
  `id` int(11) NOT NULL AUTO_INCREMENT,
  `category_id` int(11) DEFAULT NULL,
  `title` varchar(255) NOT NULL,
  `slug` varchar(255) NOT NULL,
  `description` text,
  `visible` int(11) NOT NULL DEFAULT '1' COMMENT '0-hidden,1-visible',
  `created_at` int(11) DEFAULT NULL,
  `updated_at` int(11) DEFAULT NULL,
  `created_by` int(11) DEFAULT NULL,
  `updated_by` int(11) DEFAULT NULL,
  PRIMARY KEY (`id`),
  UNIQUE KEY `media_album_slug` (`slug`),
  KEY `media_album_visible` (`visible`),
  KEY `fk_album_category` (`category_id`),
  KEY `fk_media_album_created_by` (`created_by`),
  KEY `fk_media_album_updated_by` (`updated_by`),
  CONSTRAINT `fk_album_category` FOREIGN KEY (`category_id`) REFERENCES `media_category` (`id`) ON DELETE SET NULL ON UPDATE CASCADE,
  CONSTRAINT `fk_media_album_created_by` FOREIGN KEY (`created_by`) REFERENCES `user` (`id`) ON DELETE SET NULL ON UPDATE CASCADE,
  CONSTRAINT `fk_media_album_updated_by` FOREIGN KEY (`updated_by`) REFERENCES `user` (`id`) ON DELETE SET NULL ON UPDATE CASCADE
) ENGINE=InnoDB AUTO_INCREMENT=5 DEFAULT CHARSET=utf8;
/*!40101 SET character_set_client = @saved_cs_client */;

--
-- Dumping data for table `media_album`
--

LOCK TABLES `media_album` WRITE;
/*!40000 ALTER TABLE `media_album` DISABLE KEYS */;
INSERT INTO `media_album` VALUES (1,1,'Фото','photo','',1,1542095070,1542095348,4,4),(4,1,'Файлы','files','',1,1542095360,1542095368,4,4);
/*!40000 ALTER TABLE `media_album` ENABLE KEYS */;
UNLOCK TABLES;

--
-- Table structure for table `media_album_lang`
--

DROP TABLE IF EXISTS `media_album_lang`;
/*!40101 SET @saved_cs_client     = @@character_set_client */;
/*!40101 SET character_set_client = utf8 */;
CREATE TABLE `media_album_lang` (
  `id` int(11) NOT NULL AUTO_INCREMENT,
  `media_album_id` int(11) NOT NULL,
  `language` varchar(6) NOT NULL,
  `title` varchar(255) NOT NULL,
  `description` text,
  PRIMARY KEY (`id`),
  KEY `media_album_lang_language` (`language`),
  KEY `fk_media_album_lang` (`media_album_id`),
  CONSTRAINT `fk_media_album_lang` FOREIGN KEY (`media_album_id`) REFERENCES `media_album` (`id`) ON DELETE CASCADE ON UPDATE CASCADE
) ENGINE=InnoDB AUTO_INCREMENT=3 DEFAULT CHARSET=utf8;
/*!40101 SET character_set_client = @saved_cs_client */;

--
-- Dumping data for table `media_album_lang`
--

LOCK TABLES `media_album_lang` WRITE;
/*!40000 ALTER TABLE `media_album_lang` DISABLE KEYS */;
INSERT INTO `media_album_lang` VALUES (1,1,'ru','Фото',''),(2,4,'ru','Файлы','');
/*!40000 ALTER TABLE `media_album_lang` ENABLE KEYS */;
UNLOCK TABLES;

--
-- Table structure for table `media_category`
--

DROP TABLE IF EXISTS `media_category`;
/*!40101 SET @saved_cs_client     = @@character_set_client */;
/*!40101 SET character_set_client = utf8 */;
CREATE TABLE `media_category` (
  `id` int(11) NOT NULL AUTO_INCREMENT,
  `slug` varchar(255) NOT NULL,
  `title` varchar(255) NOT NULL,
  `description` text,
  `visible` int(11) NOT NULL DEFAULT '1' COMMENT '0-hidden,1-visible',
  `created_at` int(11) DEFAULT NULL,
  `updated_at` int(11) DEFAULT NULL,
  `created_by` int(11) DEFAULT NULL,
  `updated_by` int(11) DEFAULT NULL,
  PRIMARY KEY (`id`),
  UNIQUE KEY `media_category_slug` (`slug`),
  KEY `media_category_visible` (`visible`),
  KEY `fk_media_category_created_by` (`created_by`),
  KEY `fk_media_category_updated_by` (`updated_by`),
  CONSTRAINT `fk_media_category_created_by` FOREIGN KEY (`created_by`) REFERENCES `user` (`id`) ON DELETE SET NULL ON UPDATE CASCADE,
  CONSTRAINT `fk_media_category_updated_by` FOREIGN KEY (`updated_by`) REFERENCES `user` (`id`) ON DELETE SET NULL ON UPDATE CASCADE
) ENGINE=InnoDB AUTO_INCREMENT=2 DEFAULT CHARSET=utf8;
/*!40101 SET character_set_client = @saved_cs_client */;

--
-- Dumping data for table `media_category`
--

LOCK TABLES `media_category` WRITE;
/*!40000 ALTER TABLE `media_category` DISABLE KEYS */;
INSERT INTO `media_category` VALUES (1,'','Доска объявлений','',1,1542095048,1542095048,4,4);
/*!40000 ALTER TABLE `media_category` ENABLE KEYS */;
UNLOCK TABLES;

--
-- Table structure for table `media_category_lang`
--

DROP TABLE IF EXISTS `media_category_lang`;
/*!40101 SET @saved_cs_client     = @@character_set_client */;
/*!40101 SET character_set_client = utf8 */;
CREATE TABLE `media_category_lang` (
  `id` int(11) NOT NULL AUTO_INCREMENT,
  `media_category_id` int(11) NOT NULL,
  `language` varchar(6) NOT NULL,
  `title` varchar(255) NOT NULL,
  `description` text,
  PRIMARY KEY (`id`),
  KEY `media_category_lang_language` (`language`),
  KEY `fk_media_category_lang` (`media_category_id`),
  CONSTRAINT `fk_media_category_lang` FOREIGN KEY (`media_category_id`) REFERENCES `media_category` (`id`) ON DELETE CASCADE ON UPDATE CASCADE
) ENGINE=InnoDB AUTO_INCREMENT=2 DEFAULT CHARSET=utf8;
/*!40101 SET character_set_client = @saved_cs_client */;

--
-- Dumping data for table `media_category_lang`
--

LOCK TABLES `media_category_lang` WRITE;
/*!40000 ALTER TABLE `media_category_lang` DISABLE KEYS */;
INSERT INTO `media_category_lang` VALUES (1,1,'ru','Доска объявлений','');
/*!40000 ALTER TABLE `media_category_lang` ENABLE KEYS */;
UNLOCK TABLES;

--
-- Table structure for table `media_lang`
--

DROP TABLE IF EXISTS `media_lang`;
/*!40101 SET @saved_cs_client     = @@character_set_client */;
/*!40101 SET character_set_client = utf8 */;
CREATE TABLE `media_lang` (
  `id` int(11) NOT NULL AUTO_INCREMENT,
  `media_id` int(11) DEFAULT NULL,
  `language` varchar(6) NOT NULL,
  `title` varchar(255) NOT NULL,
  `alt` varchar(255) DEFAULT NULL,
  `description` text,
  PRIMARY KEY (`id`),
  KEY `media_lang_language` (`language`),
  KEY `fk_media_lang` (`media_id`),
  CONSTRAINT `fk_media_lang` FOREIGN KEY (`media_id`) REFERENCES `media` (`id`) ON DELETE CASCADE ON UPDATE CASCADE
) ENGINE=InnoDB AUTO_INCREMENT=9 DEFAULT CHARSET=utf8;
/*!40101 SET character_set_client = @saved_cs_client */;

--
-- Dumping data for table `media_lang`
--

LOCK TABLES `media_lang` WRITE;
/*!40000 ALTER TABLE `media_lang` DISABLE KEYS */;
INSERT INTO `media_lang` VALUES (7,7,'ru','15426306383rl8rj.jpg','15426306383rl8rj.jpg',''),(8,8,'ru','1542630641yozp6t.jpg','1542630641yozp6t.jpg','');
/*!40000 ALTER TABLE `media_lang` ENABLE KEYS */;
UNLOCK TABLES;

--
-- Table structure for table `media_upload`
--

DROP TABLE IF EXISTS `media_upload`;
/*!40101 SET @saved_cs_client     = @@character_set_client */;
/*!40101 SET character_set_client = utf8 */;
CREATE TABLE `media_upload` (
  `id` int(11) NOT NULL AUTO_INCREMENT,
  `media_id` int(11) NOT NULL,
  `owner_class` varchar(255) NOT NULL,
  `owner_id` int(11) NOT NULL,
  PRIMARY KEY (`id`),
  KEY `media_upload_owner_class` (`owner_class`),
  KEY `media_upload_owner_id` (`owner_id`),
  KEY `fk_media_upload_media_id` (`media_id`),
  CONSTRAINT `fk_media_upload_media_id` FOREIGN KEY (`media_id`) REFERENCES `media` (`id`) ON DELETE CASCADE
) ENGINE=InnoDB DEFAULT CHARSET=utf8;
/*!40101 SET character_set_client = @saved_cs_client */;

--
-- Dumping data for table `media_upload`
--

LOCK TABLES `media_upload` WRITE;
/*!40000 ALTER TABLE `media_upload` DISABLE KEYS */;
/*!40000 ALTER TABLE `media_upload` ENABLE KEYS */;
UNLOCK TABLES;

--
-- Table structure for table `menu`
--

DROP TABLE IF EXISTS `menu`;
/*!40101 SET @saved_cs_client     = @@character_set_client */;
/*!40101 SET character_set_client = utf8 */;
CREATE TABLE `menu` (
  `id` varchar(64) NOT NULL,
  `created_at` int(11) DEFAULT NULL,
  `updated_at` int(11) DEFAULT NULL,
  `created_by` int(11) DEFAULT NULL,
  `updated_by` int(11) DEFAULT NULL,
  PRIMARY KEY (`id`),
  KEY `fk_menu_created_by` (`created_by`),
  KEY `fk_menu_updated_by` (`updated_by`),
  CONSTRAINT `fk_menu_created_by` FOREIGN KEY (`created_by`) REFERENCES `user` (`id`) ON DELETE SET NULL ON UPDATE CASCADE,
  CONSTRAINT `fk_menu_updated_by` FOREIGN KEY (`updated_by`) REFERENCES `user` (`id`) ON DELETE SET NULL ON UPDATE CASCADE
) ENGINE=InnoDB DEFAULT CHARSET=utf8;
/*!40101 SET character_set_client = @saved_cs_client */;

--
-- Dumping data for table `menu`
--

LOCK TABLES `menu` WRITE;
/*!40000 ALTER TABLE `menu` DISABLE KEYS */;
INSERT INTO `menu` VALUES ('admin-menu',NULL,NULL,1,4),('guest-menu',1535629066,1535629066,4,4),('main-menu',NULL,NULL,1,4);
/*!40000 ALTER TABLE `menu` ENABLE KEYS */;
UNLOCK TABLES;

--
-- Table structure for table `menu_lang`
--

DROP TABLE IF EXISTS `menu_lang`;
/*!40101 SET @saved_cs_client     = @@character_set_client */;
/*!40101 SET character_set_client = utf8 */;
CREATE TABLE `menu_lang` (
  `id` int(11) NOT NULL AUTO_INCREMENT,
  `menu_id` varchar(64) NOT NULL,
  `language` varchar(6) NOT NULL,
  `title` text,
  PRIMARY KEY (`id`),
  KEY `menu_lang_post_id` (`menu_id`),
  KEY `menu_lang_language` (`language`),
  CONSTRAINT `fk_menu_lang` FOREIGN KEY (`menu_id`) REFERENCES `menu` (`id`) ON DELETE CASCADE ON UPDATE CASCADE
) ENGINE=InnoDB AUTO_INCREMENT=8 DEFAULT CHARSET=utf8;
/*!40101 SET character_set_client = @saved_cs_client */;

--
-- Dumping data for table `menu_lang`
--

LOCK TABLES `menu_lang` WRITE;
/*!40000 ALTER TABLE `menu_lang` DISABLE KEYS */;
INSERT INTO `menu_lang` VALUES (1,'admin-menu','en-US','Control Panel Menu'),(2,'main-menu','en-US','Main Menu'),(3,'guest-menu','en-US','Guest menu'),(4,'main-menu','ru','Главное меню'),(5,'main-menu','ru','Главное Меню'),(6,'admin-menu','ru','Меню Панели Управления'),(7,'guest-menu','ru','Гостевое меню');
/*!40000 ALTER TABLE `menu_lang` ENABLE KEYS */;
UNLOCK TABLES;

--
-- Table structure for table `menu_link`
--

DROP TABLE IF EXISTS `menu_link`;
/*!40101 SET @saved_cs_client     = @@character_set_client */;
/*!40101 SET character_set_client = utf8 */;
CREATE TABLE `menu_link` (
  `id` varchar(64) NOT NULL,
  `menu_id` varchar(64) NOT NULL,
  `link` varchar(255) DEFAULT NULL,
  `parent_id` varchar(64) DEFAULT '',
  `image` varchar(24) DEFAULT NULL,
  `alwaysVisible` int(1) NOT NULL DEFAULT '0',
  `order` int(11) DEFAULT NULL,
  `created_at` int(11) DEFAULT NULL,
  `updated_at` int(11) DEFAULT NULL,
  `created_by` int(11) DEFAULT NULL,
  `updated_by` int(11) DEFAULT NULL,
  PRIMARY KEY (`id`),
  KEY `link_menu_id` (`menu_id`),
  KEY `link_parent_id` (`parent_id`),
  KEY `fk_menu_link_created_by` (`created_by`),
  KEY `fk_menu_link_updated_by` (`updated_by`),
  CONSTRAINT `fk_menu_link` FOREIGN KEY (`menu_id`) REFERENCES `menu` (`id`) ON DELETE CASCADE,
  CONSTRAINT `fk_menu_link_created_by` FOREIGN KEY (`created_by`) REFERENCES `user` (`id`) ON DELETE SET NULL ON UPDATE CASCADE,
  CONSTRAINT `fk_menu_link_updated_by` FOREIGN KEY (`updated_by`) REFERENCES `user` (`id`) ON DELETE SET NULL ON UPDATE CASCADE
) ENGINE=InnoDB DEFAULT CHARSET=utf8;
/*!40101 SET character_set_client = @saved_cs_client */;

--
-- Dumping data for table `menu_link`
--

LOCK TABLES `menu_link` WRITE;
/*!40000 ALTER TABLE `menu_link` DISABLE KEYS */;
INSERT INTO `menu_link` VALUES ('about','main-menu','/site/about','','',1,1,NULL,1539032378,1,4),('about-guest','guest-menu','/site/about','','info-circle',1,999,1535632863,1539026104,4,4),('adminsystem','admin-menu','','','adn',0,33,1534760250,1535709021,1,4),('auditory','admin-menu','/auditory/default/index','auditory_main','',0,45,1538330997,1538931299,4,4),('auditory_building','admin-menu','/auditory/building/index','auditory_main','',0,47,1538331128,1538331128,4,4),('auditory_cat','admin-menu','/auditory/cat/index','auditory_main','',0,46,1538331072,1538331072,4,4),('auditory_main','admin-menu','/auditory/default/index','guide','',0,44,1538331205,1538640705,4,4),('bd','admin-menu','/db','','database',0,71,1537187091,1537187166,4,4),('bd2','admin-menu','/db-manager/default/index','','database',0,72,1537192847,1537192847,4,4),('bonus-category','admin-menu','/teachers/bonus-category/index','teachers','',0,62,1539637397,1540029713,4,4),('bonus-item','admin-menu','/teachers/bonus-item/index','teachers','',0,63,1539677454,1540029726,4,4),('calendar','admin-menu','/calendar/event','','calendar',0,999,1543329692,1543329720,4,4),('comment','admin-menu','/comment/default/index','','comment',0,10,NULL,NULL,1,NULL),('company','main-menu','/company/index','tables','',0,5,1540996061,1540996792,4,4),('cost','admin-menu','/teachers/cost/index','teachers','',0,60,1539637430,1539637430,4,4),('creative','admin-menu','','','certificate',0,64,1542112769,1542112797,4,4),('creative-category','admin-menu','/creative/category/index','creative','',0,66,1542112929,1542112929,4,4),('creative-works','admin-menu','/creative/default/index','creative','',0,65,1542112859,1542112859,4,4),('dashboard','admin-menu','/','','th',0,0,NULL,NULL,1,NULL),('department','admin-menu','/service/department/index','structure','',0,38,1540198483,1540198564,4,4),('direction','admin-menu','/teachers/direction/index','teachers','',0,59,1539637630,1539637630,4,4),('division','admin-menu','/service/division/index','structure','',0,37,1540198513,1540198549,4,4),('eav','admin-menu','','','code',0,19,NULL,1535709062,1,4),('eav-attribute','admin-menu','/eav/attribute/index','eav','',0,21,NULL,1535709110,1,4),('eav-eav','admin-menu','/eav/default/index','eav','',0,20,NULL,1535709096,1,4),('eav-model','admin-menu','/eav/entity-model/index','eav','',0,23,NULL,1535709137,1,4),('eav-option','admin-menu','/eav/attribute-option/index','eav','',0,22,NULL,1535709126,1,4),('eav-type','admin-menu','/eav/attribute-type/index','eav','',0,24,NULL,1535709153,1,4),('guide','admin-menu','','','inbox',0,35,1538330899,1538330899,4,4),('home','main-menu','/site/index','','th',1,0,NULL,1535622585,1,4),('home-guest','guest-menu','/site/index','','th',1,999,1535629294,1535708816,4,4),('image-settings','admin-menu','/media/default/settings','settings',NULL,0,29,NULL,NULL,1,NULL),('level','admin-menu','/teachers/level/index','teachers','',0,57,1539637680,1539637680,4,4),('measure-unit','admin-menu','/service/measure-unit/index','guide','',0,53,1539974585,1540029697,4,4),('measure1','main-menu','/measure/index','tables','',0,3,1534756048,1535708973,1,4),('measureAdmin','admin-menu','/measure/index','adminsystem','amazon',0,34,1531125317,1534927685,1,1),('media','admin-menu',NULL,'','image',0,6,NULL,NULL,1,NULL),('media-album','admin-menu','/media/album/index','media',NULL,0,8,NULL,NULL,1,NULL),('media-category','admin-menu','/media/category/index','media',NULL,0,9,NULL,NULL,1,NULL),('media-media','admin-menu','/media/default/index','media',NULL,0,7,NULL,NULL,1,NULL),('menu','admin-menu','/menu/default/index','','align-justify',0,11,NULL,NULL,1,NULL),('option','main-menu','/option/index','tables','',0,4,1535369181,1535708981,4,4),('organization','admin-menu','/settings/organization/index','settings','',0,30,1542022612,1542022612,4,4),('page','admin-menu','/page/default/index','','file',0,1,NULL,NULL,1,NULL),('parent','admin-menu','/parent/default/index','student-main','',0,69,1541107372,1541150857,4,4),('position','admin-menu','/teachers/position/index','teachers','',0,56,1539637723,1539637748,4,4),('post','admin-menu','','','pencil',0,2,NULL,1542030989,1,4),('post-category','admin-menu','/post/category/index','post',NULL,0,5,NULL,NULL,1,NULL),('post-post','admin-menu','/post/default/index','post','',0,3,NULL,1542031014,1,4),('post-tag','admin-menu','/post/tag/index','post','',0,4,NULL,1535709768,1,4),('seo','admin-menu','/seo/default/index','','line-chart',0,25,NULL,NULL,1,NULL),('settings','admin-menu',NULL,'','cog',0,26,NULL,NULL,1,NULL),('settings-cache','admin-menu','/settings/cache/flush','settings',NULL,0,32,NULL,NULL,1,NULL),('settings-general','admin-menu','/settings/default/index','settings',NULL,0,27,NULL,NULL,1,NULL),('settings-reading','admin-menu','/settings/reading/index','settings',NULL,0,28,NULL,NULL,1,NULL),('settings-translations','admin-menu','/translation/default/index','settings',NULL,0,31,NULL,NULL,1,NULL),('stake','admin-menu','/teachers/stake/index','teachers','',0,61,1539637778,1539637778,4,4),('structure','admin-menu','/service/division/index','guide','',0,36,1540317933,1540318055,4,4),('student','admin-menu','/student/default/index','student-main','',0,68,1540547451,1540847778,4,4),('student-main','admin-menu','/student/default/index','','male',0,67,1540547742,1540547742,4,4),('student-position','admin-menu','/student/position/index','student-main','',0,70,1540547535,1540547535,4,4),('subject','admin-menu','/subject/default/index','guide','',0,48,1540241782,1540242124,4,4),('subject-category','admin-menu','/subject/category-item/index','subject','',0,50,1540241905,1540242227,4,4),('subject-item','admin-menu','/subject/default/index','subject','',0,49,1540241832,1540242109,4,4),('subject-type','admin-menu','/subject/type/index','subject','',0,52,1540369650,1540369650,4,4),('subject-vid','admin-menu','/subject/vid/index','subject','',0,51,1540326068,1540326068,4,4),('tables','main-menu','','','',0,2,1535443564,1535708959,4,4),('teachers','admin-menu','','','user-secret',0,54,1539637231,1539700635,4,4),('teachers_user','admin-menu','/teachers/default/index','teachers','',0,55,1539637888,1540847759,4,4),('user','admin-menu',NULL,'','user',0,12,NULL,NULL,1,NULL),('user-groups','admin-menu','/user/permission-groups/index','user',NULL,0,16,NULL,NULL,1,NULL),('user-log','admin-menu','/user/visit-log/index','user',NULL,0,17,NULL,NULL,1,NULL),('user-permission','admin-menu','/user/permission/index','user',NULL,0,15,NULL,NULL,1,NULL),('user-relation','admin-menu','/user/relation/index','user','',0,18,1540648763,1540648763,4,4),('user-role','admin-menu','/user/role/index','user',NULL,0,14,NULL,NULL,1,NULL),('user-user','admin-menu','/user/default/index','user',NULL,0,13,NULL,NULL,1,NULL),('venue','admin-menu','/venue/default/index','guide','',0,39,1538640393,1539178555,4,4),('venue_country','admin-menu','/venue/country/index','venue','',0,41,1538640228,1538640228,4,4),('venue_district','admin-menu','/venue/district/index','venue','',0,43,1538640332,1538640332,4,4),('venue_place','admin-menu','/venue/default/index','venue','',0,40,1538640139,1539178541,4,4),('venue_sity','admin-menu','/venue/sity/index','venue','',0,42,1538640257,1538640780,4,4),('work','admin-menu','/teachers/work/index','teachers','',0,58,1539637824,1539637824,4,4);
/*!40000 ALTER TABLE `menu_link` ENABLE KEYS */;
UNLOCK TABLES;

--
-- Table structure for table `menu_link_lang`
--

DROP TABLE IF EXISTS `menu_link_lang`;
/*!40101 SET @saved_cs_client     = @@character_set_client */;
/*!40101 SET character_set_client = utf8 */;
CREATE TABLE `menu_link_lang` (
  `id` int(11) NOT NULL AUTO_INCREMENT,
  `link_id` varchar(64) NOT NULL,
  `language` varchar(6) NOT NULL,
  `label` varchar(255) NOT NULL,
  PRIMARY KEY (`id`),
  KEY `menu_link_lang_link_id` (`link_id`),
  KEY `menu_link_lang_language` (`language`),
  CONSTRAINT `fk_menu_link_lang` FOREIGN KEY (`link_id`) REFERENCES `menu_link` (`id`) ON DELETE CASCADE ON UPDATE CASCADE
) ENGINE=InnoDB AUTO_INCREMENT=135 DEFAULT CHARSET=utf8;
/*!40101 SET character_set_client = @saved_cs_client */;

--
-- Dumping data for table `menu_link_lang`
--

LOCK TABLES `menu_link_lang` WRITE;
/*!40000 ALTER TABLE `menu_link_lang` DISABLE KEYS */;
INSERT INTO `menu_link_lang` VALUES (1,'dashboard','en-US','Dashboard'),(2,'settings','en-US','Settings'),(3,'settings-general','en-US','General Settings'),(4,'settings-reading','en-US','Reading Settings'),(5,'settings-cache','en-US','Flush Cache'),(6,'menu','en-US','Menus'),(7,'comment','en-US','Comments'),(8,'user','en-US','Users'),(9,'user-groups','en-US','Permission groups'),(10,'user-log','en-US','Visit log'),(11,'user-permission','en-US','Permissions'),(12,'user-role','en-US','Roles'),(13,'user-user','en-US','Users'),(14,'post','en-US','Posts'),(15,'post-post','en-US','Posts'),(16,'post-category','en-US','Categories'),(17,'media','en-US','Media'),(18,'media-media','en-US','Media'),(19,'media-album','en-US','Albums'),(20,'media-category','en-US','Categories'),(21,'image-settings','en-US','Image Settings'),(22,'page','en-US','Pages'),(23,'settings-translations','en-US','Message Translation'),(24,'seo','en-US','SEO'),(25,'post-tag','en-US','Tags'),(26,'home','en-US','Home'),(27,'about','en-US','About'),(30,'measureAdmin','en-US','Measure'),(31,'eav','en-US','Custom Fields'),(32,'eav-eav','en-US','Fields'),(33,'eav-attribute','en-US','Attributes'),(34,'eav-option','en-US','Options'),(35,'eav-model','en-US','Models'),(36,'eav-type','en-US','Types'),(39,'measure1','en-US','Measure'),(41,'adminsystem','en-US','System'),(42,'option','en-US','Option'),(43,'tables','en-US','Tables'),(44,'home-guest','en-US','Home'),(45,'about-guest','en-US','About'),(47,'home','ru','Главная'),(48,'about','ru','О проекте'),(51,'comment','ru','Комментарии'),(52,'dashboard','ru','Главная'),(53,'media','ru','Медиа'),(54,'media-media','ru','Медиа'),(55,'media-album','ru','Альбомы'),(56,'media-category','ru','Категории'),(57,'image-settings','ru','Настройки Изображений'),(58,'menu','ru','Меню'),(59,'page','ru','Страницы'),(60,'post','ru','Посты'),(61,'post-post','ru','Посты список'),(62,'post-category','ru','Категории'),(63,'settings','ru','Настройки'),(64,'settings-general','ru','Общие Настройки'),(65,'settings-reading','ru','Настройки Чтения'),(66,'settings-cache','ru','Очистить Кэш'),(67,'settings-translations','ru','Перевод Сообщений'),(68,'user','ru','Пользователи'),(69,'user-groups','ru','Группы Прав Доступа'),(70,'user-log','ru','Лог Посещений'),(71,'user-permission','ru','Права Доступа'),(72,'user-role','ru','Роли Пользователей'),(73,'user-user','ru','Пользователи'),(74,'seo','ru','SEO'),(75,'home-guest','ru','Главная'),(76,'about-guest','ru','О проекте'),(78,'tables','ru','Таблицы'),(79,'measure1','ru','Единицы'),(80,'option','ru','Опции'),(81,'adminsystem','ru','Таблицы'),(82,'eav','ru','Атрибуты'),(83,'eav-eav','ru','Поля'),(84,'eav-attribute','ru','Атрибуты'),(85,'eav-option','ru','Опции'),(86,'eav-model','ru','Модели'),(87,'eav-type','ru','Типы атрибутов'),(88,'measureAdmin','ru','Единицы'),(89,'post-tag','ru','Тэги'),(90,'bd','ru','База данных'),(91,'bd2','ru','База данных-2'),(92,'guide','ru','Справочники'),(93,'auditory','ru','Помещения'),(94,'auditory_cat','ru','Категории помещений'),(95,'auditory_building','ru','Здания'),(96,'auditory_main','ru','Помещения'),(97,'venue_place','ru','Организации'),(98,'venue_country','ru','Страны'),(99,'venue_sity','ru','Города'),(100,'venue_district','ru','Округа и районы'),(101,'venue','ru','Места проведения'),(102,'teachers','ru','Преподаватели'),(104,'bonus-category','ru','Категории бонусов'),(105,'cost','ru','Ставки'),(107,'direction','ru','Направление деятельности'),(108,'level','ru','Образование'),(109,'position','ru','Должность'),(110,'stake','ru','Названия ставок'),(111,'work','ru','Вид работы'),(112,'teachers_user','ru','Преподаватели список'),(113,'bonus-item','ru','Названия бонусов'),(114,'measure-unit','ru','Единицы'),(115,'department','ru','Отделы'),(116,'division','ru','Отделения'),(117,'subject','ru','Учебные предметы'),(118,'subject-item','ru','Дисциплины'),(119,'subject-category','ru','Категории дисциплин'),(120,'structure','ru','Структура организации'),(121,'subject-vid','ru','Вид дисциплины'),(122,'subject-type','ru','Тип дисциплины'),(123,'student','ru','Ученики список'),(124,'student-position','ru','Статус ученика'),(125,'student-main','ru','Ученики'),(126,'user-relation','ru','Отношения пользователей'),(127,'company','ru','Demo modal-ajax'),(129,'parent','ru','Родители список'),(130,'organization','ru','Сведения об организации'),(131,'creative','ru','Работы преподавателей'),(132,'creative-works','ru','Работы'),(133,'creative-category','ru','Категории работ'),(134,'calendar','ru','Календарь');
/*!40000 ALTER TABLE `menu_link_lang` ENABLE KEYS */;
UNLOCK TABLES;

--
-- Table structure for table `message`
--

DROP TABLE IF EXISTS `message`;
/*!40101 SET @saved_cs_client     = @@character_set_client */;
/*!40101 SET character_set_client = utf8 */;
CREATE TABLE `message` (
  `id` int(11) NOT NULL AUTO_INCREMENT,
  `source_id` int(11) DEFAULT NULL,
  `language` varchar(16) NOT NULL,
  `translation` text,
  PRIMARY KEY (`id`),
  KEY `message_index` (`source_id`,`language`),
  CONSTRAINT `fk_message_source_message` FOREIGN KEY (`source_id`) REFERENCES `message_source` (`id`) ON DELETE CASCADE
) ENGINE=InnoDB AUTO_INCREMENT=767 DEFAULT CHARSET=utf8;
/*!40101 SET character_set_client = @saved_cs_client */;

--
-- Dumping data for table `message`
--

LOCK TABLES `message` WRITE;
/*!40000 ALTER TABLE `message` DISABLE KEYS */;
INSERT INTO `message` VALUES (130,253,'ru','Вы уверены, что желаете удалить изображение Вашего профиля?'),(131,254,'ru','Вы уверены, что хотите отключить эту авторизацию?'),(132,255,'ru','Ошибка авторизации.'),(133,256,'ru','Авторизация'),(134,257,'ru','Сервис авторизации.'),(135,258,'ru','Captcha'),(136,259,'ru','Изменить изображение профиля'),(137,260,'ru','Проверьте ваш e-mail для дальнейших инструкций'),(138,261,'ru','Проверьте ваш e-mail {email} для получения инструкций по активации аккаунта'),(139,262,'ru','Нажмите, чтобы подключиться к службе '),(140,263,'ru','Нажмите, чтобы отменить связь с сервисом '),(141,264,'ru','Подтвердить E-mail '),(142,265,'ru','Подтвердить '),(143,266,'ru','Не удалось отправить подтверждение по электронной почте '),(144,267,'ru','Текущий пароль'),(145,268,'ru','Подтверждение по электронной почте для'),(146,269,'ru','E-mail {email} подтвержден'),(147,270,'ru','Неверный адрес электронной почты '),(148,271,'ru','Письмо со ссылкой активации отправлено на {email}. Срок действия этой ссылки истекает через {минут} мин. '),(149,272,'ru','E-mail'),(150,273,'ru','Забыли пароль?'),(151,274,'ru','Неверное имя пользователя или пароль'),(152,275,'ru','Логин занят'),(153,276,'ru','Логин'),(154,277,'ru','Выход'),(155,278,'ru','Авторизация не доступна'),(156,279,'ru','Пароль обновлен'),(157,280,'ru','Восстановление пароля '),(158,281,'ru','Сброс пароля для'),(159,282,'ru','Пароль'),(160,283,'ru','Регистрация - подтвердите ваш e-mail'),(161,284,'ru','Регистрация'),(162,285,'ru','Запомнить меня'),(163,286,'ru','Удалить изображение профиля '),(164,287,'ru','Повторите пароль'),(165,288,'ru','Сбросить пароль'),(166,289,'ru','Сбросить'),(167,290,'ru','Сохранить профиль '),(168,291,'ru','Сохранить изображение профиля '),(169,292,'ru','Установить пароль '),(170,293,'ru','Задать Имя Пользователя'),(171,294,'ru','Регистрация'),(172,295,'ru','Этот адрес электронной почты уже существует '),(173,296,'ru','Токен не найден. Он может быть просрочен '),(174,297,'ru','Токен не найден. Он может быть просрочен. Попробуйте сбросить пароль еще раз'),(175,298,'ru','Слишком много попыток '),(176,299,'ru','Не удается отправить сообщение по электронной почте'),(177,300,'ru','Изменить пароль'),(178,301,'ru','Профиль'),(179,302,'ru','Пользователь с тем же адресом электронной почты, что и в учетной записи {client}, уже существует, но не связан с ним. Войдите, используя электронную почту, чтобы связать его.'),(180,303,'ru','Логин должен содержать только латинские буквы, цифры и следующие символы: \"-\" и \"_\". '),(181,304,'ru','Username содержит недопустимые символы или слова.'),(182,305,'ru','Неверный пароль '),(183,306,'ru','Вы не можете войти с этого IP'),(239,314,'ru',''),(240,315,'ru',''),(241,316,'ru',''),(242,317,'ru',''),(243,318,'ru',''),(244,319,'ru',''),(245,320,'ru',''),(246,321,'ru',''),(247,322,'ru',''),(248,323,'ru',''),(249,324,'ru',''),(250,325,'ru',''),(251,326,'ru',''),(252,327,'ru',''),(253,328,'ru',''),(254,329,'ru',''),(255,330,'ru',''),(287,172,'ru','Извините, [{filetype}] тип файла не разрешен!'),(298,1,'ru','--- С выбранным ---'),(299,2,'ru','Активировать'),(300,3,'ru','Активные'),(301,4,'ru','Добавить'),(302,5,'ru','Все'),(303,6,'ru','Всегда Видимый'),(304,7,'ru','Произошла неизвестная ошибка.'),(305,8,'ru','Подтверждено'),(306,9,'ru','Автор'),(307,10,'ru','Заблокирован'),(308,11,'ru','Привязка к IP'),(309,12,'ru','Выбрать'),(310,13,'ru','Браузер'),(311,14,'ru','Отменить'),(312,15,'ru','Категория'),(313,16,'ru','Очистить Фильтры'),(314,17,'ru','Закрыто'),(315,18,'ru','Код'),(316,19,'ru','Статус Комментариев'),(317,20,'ru','Активность Комментариев'),(318,21,'ru','Подтвердить'),(319,22,'ru','Код Подтверждения'),(320,23,'ru','Содержание'),(321,24,'ru','Панель Управления'),(322,25,'ru','Создать {item}'),(323,26,'ru','Создать'),(324,27,'ru','Создал'),(325,28,'ru','Создан'),(326,29,'ru','Панель Управления'),(327,30,'ru','Данные'),(328,31,'ru','Деактивировать'),(329,32,'ru','Язык по умолчанию'),(330,33,'ru','Значение по умолчанию'),(331,34,'ru','Удалить'),(332,35,'ru','Описание'),(333,36,'ru','E-mail подтвержден'),(334,37,'ru','E-mail'),(335,38,'ru','Редактировать'),(336,39,'ru','Ошибка'),(337,40,'ru','Например'),(338,41,'ru','Группа'),(339,42,'ru','ID'),(340,43,'ru','IP'),(341,44,'ru','Иконка'),(342,45,'ru','Неактивные'),(343,46,'ru','Вставить'),(344,47,'ru','Неверные настройки для виджетов панели управления'),(345,48,'ru','Ключ'),(346,49,'ru','Надпись'),(347,50,'ru','Язык'),(348,51,'ru','ID ссылки может содержать только строчные буквы, цифры, подчеркивание и тире.'),(349,52,'ru','Ссылка'),(350,53,'ru','Логин'),(351,54,'ru','Выйти {username}'),(352,55,'ru','ID меню может содержать только строчные буквы, цифры, подчеркивание и тире.'),(353,56,'ru','Меню'),(354,57,'ru','Название'),(355,58,'ru','Нет Родительского Элемента'),(356,59,'ru','Комментарии не найдены.'),(357,60,'ru','Не Выбрано'),(358,61,'ru','OK'),(359,62,'ru','ОС'),(360,63,'ru','Открыто'),(361,64,'ru','Порядок'),(362,65,'ru','Версия PHP'),(363,66,'ru','Родительская Ссылка'),(364,67,'ru','Пароль'),(365,68,'ru','Не опубликовано'),(366,69,'ru','Обработка данных'),(367,70,'ru','Опубликовать'),(368,71,'ru','Опубликовано'),(369,72,'ru','Читать дальше'),(370,73,'ru','Записей на странице'),(371,74,'ru','IP Регистрации'),(372,75,'ru','Повторите пароль'),(373,76,'ru','Обязательный'),(374,77,'ru','Ревизия'),(375,78,'ru','Роль'),(376,79,'ru','Роли'),(377,80,'ru','Правило'),(378,81,'ru','Сохранить Все'),(379,82,'ru','Сохранить'),(380,83,'ru','Сохранено'),(381,84,'ru','Настройки'),(382,85,'ru','Размер'),(383,86,'ru','Ссылка'),(384,87,'ru','Спам'),(385,88,'ru','Старт'),(386,89,'ru','Статус'),(387,90,'ru','Суперадмин'),(388,91,'ru','Подробности Системы'),(389,92,'ru','Изменения были успешно сохранены.'),(390,93,'ru','Этот e-mail уже занят'),(391,94,'ru','Заголовок'),(392,95,'ru','Токен'),(393,96,'ru','Мусор'),(394,97,'ru','Тип'),(395,98,'ru','URL'),(396,99,'ru','Отменить Публикацию'),(397,100,'ru','Обновить \"{item}\"'),(398,101,'ru','Обновить'),(399,102,'ru','Обновил'),(400,103,'ru','Обновлен'),(401,104,'ru','Загружено'),(402,105,'ru','Данные Устройства'),(403,106,'ru','Пользователь'),(404,107,'ru','Имя пользователя'),(405,108,'ru','Значение'),(406,109,'ru','Просмотр'),(407,110,'ru','Видимый'),(408,111,'ru','Время Посещения'),(409,112,'ru','Неправильный формат. Введите действительные IP-адреса через запятую'),(410,113,'ru','Версия Yee CMS'),(411,114,'ru','Версия Ядра Yee'),(412,115,'ru','Версия Yii Framework'),(413,116,'ru','Запись успешно обновлена.'),(414,117,'ru','Запись успешно создана.'),(415,118,'ru','Запись успешно удалена.'),(416,119,'ru','Мужчина'),(417,120,'ru','Женщина'),(418,121,'ru','Имя'),(419,122,'ru','Фамилия'),(420,123,'ru','Skype'),(421,124,'ru','Телефон'),(422,125,'ru','Пол'),(423,126,'ru','День рождения'),(424,127,'ru','Месяц рождения'),(425,128,'ru','Год рождения'),(426,129,'ru','Краткая информация'),(427,130,'ru','Добавить источник сообщения'),(428,131,'ru','Категория'),(429,132,'ru','Создать сообщение'),(430,133,'ru','Создать новую категорию...'),(431,134,'ru','Неизменный'),(432,135,'ru','Перевод сообщений'),(433,136,'ru','Название новой категории'),(434,137,'ru','Выберите группу сообщений и язык для отображения переводов...'),(435,138,'ru','Сообщение'),(436,139,'ru','Обновить Сообщение'),(437,140,'ru','{n, plural, =1{1 запись} other{# записей}}'),(438,141,'ru','Добавить файлы'),(439,142,'ru','Альбом'),(440,143,'ru','Альбомы'),(441,144,'ru','Все Медиа Файлы'),(442,145,'ru','Alt Текст'),(443,146,'ru','Вернуться к файловому менеджеру'),(444,147,'ru','Отменить загрузку'),(445,148,'ru','Категории'),(446,149,'ru','Категория'),(447,150,'ru','Изменения были сохранены.'),(448,151,'ru','Изменения не были сохранены.'),(449,152,'ru','Создать Категорию'),(450,153,'ru','Текущие размеры миниатюр'),(451,154,'ru','Размер'),(452,155,'ru','Перестроить изображения'),(453,156,'ru','Размер файла'),(454,157,'ru','Название файла'),(455,158,'ru','Если вы измените размеры миниатюр, настоятельно рекомендуется перестроить их.'),(456,159,'ru','Настройка изображений'),(457,160,'ru','Большой размер'),(458,161,'ru','Управление альбомами'),(459,162,'ru','Управление Категориями'),(460,163,'ru','Активность Медиа'),(461,164,'ru','Детали'),(462,165,'ru','Медиа'),(463,166,'ru','Средний размер'),(464,167,'ru','Изображения не найдены.'),(465,168,'ru','Оригинал'),(466,169,'ru','Пожалуйста, выберите файл для просмотра деталей.'),(467,170,'ru','Выберите размер файла'),(468,171,'ru','Малый размер'),(469,173,'ru','Начать загрузку'),(470,174,'ru','Настройка миниатюр'),(471,175,'ru','Миниатюры успешно сохранены'),(472,176,'ru','Миниатюры'),(473,177,'ru','Обновить Категорию'),(474,178,'ru','Обновил'),(475,179,'ru','Загрузить файл'),(476,180,'ru','Загрузил'),(477,181,'ru','Меню'),(478,182,'ru','Меню'),(479,183,'ru','ID ссылки может содержать только строчные буквы, цифры, подчеркивание и тире.'),(480,184,'ru','Родительская Ссылка'),(481,185,'ru','Всегда Видимый'),(482,186,'ru','Нет Родительской Ссылка'),(483,187,'ru','Создать Ссылку'),(484,188,'ru','Обновить Ссылка'),(485,189,'ru','Ссылки'),(486,190,'ru','Добавить Меню'),(487,191,'ru','Добавить Ссылку'),(488,192,'ru','Ошибка при сохранении меню!'),(489,193,'ru','Изменения были успешно сохранены.'),(490,194,'ru','Пожалуйста, выберите меню для просмотра списка ссылок...'),(491,195,'ru','Выбранное меню не содержит ни одной ссылки. Нажмите кнопку \"Добавить Ссылку\", чтобы создать новую ссылку для этого меню.'),(492,196,'ru','Страница'),(493,197,'ru','Страницы'),(494,198,'ru','Cоздать Страницу'),(495,202,'ru','Пост'),(496,203,'ru','Опубликировано в категории'),(497,204,'ru','Активность Записей'),(498,205,'ru','Посты'),(499,208,'ru','Эскиз'),(500,307,'ru','Создать SEO запись'),(501,308,'ru','Следовать ссылке'),(502,309,'ru','Индексировать'),(503,310,'ru','Ключевые слова'),(504,311,'ru','SEO'),(505,312,'ru','Поисковая оптимизация'),(506,313,'ru','Обновить SEO запись'),(507,209,'ru','Общие Настройки'),(508,210,'ru','Настройки Чтения'),(509,211,'ru','Название Сайт'),(510,212,'ru','Описание Сайта'),(511,213,'ru','E-mail Администратора'),(512,214,'ru','Часовой Пояс'),(513,215,'ru','Формат Даты'),(514,216,'ru','Формат Времени'),(515,217,'ru','Записей на странице'),(516,218,'ru','Включенные права доступа'),(517,219,'ru','Включенные роли'),(518,220,'ru','Создать Группу Прав Доступа'),(519,221,'ru','Создать Право Доступа'),(520,222,'ru','Создать Роль'),(521,223,'ru','Создать Пользователя'),(522,224,'ru','Посещение №{id}'),(523,225,'ru','Пользователей не найдено.'),(524,226,'ru','Пароль'),(525,227,'ru','Группы Прав Доступа'),(526,228,'ru','Прав Доступа'),(527,229,'ru','Права доступа для роли \"{role}\"'),(528,230,'ru','Права доступа'),(529,231,'ru','Обновить пути'),(530,232,'ru','Дата регистрации'),(531,233,'ru','Роль'),(532,234,'ru','Роли и Права доступа для \"{user}\"'),(533,235,'ru','Роли'),(534,236,'ru','Маршруты'),(535,237,'ru','Поиск маршрутов'),(536,238,'ru','Показать все'),(537,239,'ru','Показать только избранные'),(538,240,'ru','Обновить Группу прав доступа'),(539,241,'ru','Обновить право доступа'),(540,242,'ru','Обновить Роль'),(541,243,'ru','Обновить Пароль пользователя'),(542,244,'ru','Обновить пользователя'),(543,245,'ru','Пользователь не найден'),(544,246,'ru','Пользователь'),(545,247,'ru','Пользователи'),(546,248,'ru','Лог Посещения'),(547,249,'ru','Вы не можете изменить собственные права доступа'),(548,250,'ru','Вы не можете изменить собственные права доступа!'),(549,251,'ru','Настройки прав доступа \"{permission}\"'),(550,252,'ru','Настройки роли \"{permission}\"'),(551,333,'ru','Главная'),(552,334,'ru','АИС'),(553,335,'ru','Отчество'),(554,336,'ru','СНИЛС'),(555,337,'ru','Дополнительный телефон'),(556,338,'ru','Связка Логин и E-mail не найдена.'),(558,340,'ru','Перейдите по ссылке, чтобы подтвердить свой email:'),(559,341,'ru','Для сброса пароля перейдите по ссылке ниже:'),(560,342,'ru','Здравствуйте:'),(561,343,'ru','Здравствуйте, вы зарегистрированы на'),(562,344,'ru','Следуйте этой ссылке, чтобы подтвердить свой email и активировать аккаунт:'),(563,345,'ru','Кэш был очищен.'),(564,346,'ru','Не удалось очистить кэш.'),(565,347,'ru','Настройки сохранены.'),(566,348,'ru','Вход'),(567,349,'ru','Пользователь в системе не найден или заблокирован.'),(568,350,'ru','Страница не найдена.'),(569,351,'ru','Регистрация - поиск пользователя'),(570,352,'ru','Нет такой даты {birth_date}'),(571,353,'ru','Формат ввода даты {birth_date} не верен'),(572,354,'ru','Дата рождения'),(573,355,'ru','Служащий'),(574,356,'ru','Преподаватель'),(575,357,'ru','Ученик'),(576,358,'ru','Родитель'),(577,359,'ru','Категория'),(578,360,'ru','Проверьте ваш e-mail {email} для дальнейших инструкций'),(579,361,'ru','После изменения E-mail потребуется подтверждение'),(580,362,'ru','Вводите только Русские буквы'),(581,363,'ru','Менеджер БД'),(582,364,'ru','Дамп'),(583,365,'ru','Размер'),(584,366,'ru','Создан'),(585,367,'ru','Импорт'),(586,368,'ru','Загрузить'),(587,369,'ru','Удалить'),(588,370,'ru','Дамп базы данных будут удален. Вы уверены?'),(589,371,'ru','Создать дамп'),(590,372,'ru','Все записи базы данных будут перезаписаны. Вы уверены?'),(591,373,'ru','Введите СНИЛС согласно маске'),(592,374,'ru','Полное Имя'),(593,375,'ru','Обратная связь'),(594,376,'ru','Если у вас есть вопросы, пожалуйста заполните следующую форму для связи с нами. Спасибо.'),(595,377,'ru','Пожалуйста, подтвердите, что вы не бот.'),(596,378,'ru','Тема'),(597,379,'ru','Отправить'),(598,380,'ru','Благодарим Вас за обращение к нам. Мы ответим вам в кратчайшие сроки.'),(599,381,'ru','Произошла ошибка при отправке электронной почты.'),(600,382,'ru','Название Города'),(601,383,'ru','Для обучения'),(602,384,'ru','Номер аудитории'),(603,385,'ru','Название аудитории'),(604,386,'ru','Этаж'),(605,387,'ru','Площадь аудитории'),(606,388,'ru','Вместимость'),(607,389,'ru','Описание аудитории'),(608,390,'ru','Сортировка'),(609,391,'ru','Название Здания'),(610,392,'ru','Название категории аудиторий'),(611,393,'ru','Описание Категории аудиторий'),(612,394,'ru','Возможность Обучения'),(613,395,'ru','Название Страны'),(614,396,'ru','Fips'),(615,397,'ru','Название Округа'),(616,398,'ru','Сокращение'),(617,399,'ru','Название места'),(618,400,'ru','Адрес'),(619,401,'ru','Телефон'),(620,402,'ru','Телефон доп'),(621,403,'ru','Контактное Лицо'),(622,404,'ru','Широта'),(623,405,'ru','Долгота'),(624,406,'ru','Описание Места Проведения'),(625,407,'ru','Помещения'),(626,408,'ru','Категория'),(627,409,'ru','Здание'),(633,415,'ru','Страна'),(636,418,'ru','Место проведения'),(639,421,'ru','Округ'),(649,431,'ru','Город'),(651,433,'ru','Сокращенное название округа'),(652,434,'ru','Выберите страну...'),(653,435,'ru','Выберите город...'),(654,436,'ru','Выберите округ...'),(655,437,'ru','Выберите категорию...'),(656,438,'ru','Выберите здание...'),(657,439,'ru','Создано'),(658,440,'ru','Создал'),(659,441,'ru','Обновлено'),(660,442,'ru','Обновил'),(661,443,'ru','Название'),(662,444,'ru','Отделение'),(663,445,'ru','Отдел'),(664,446,'ru','Выберите отделение'),(665,447,'ru','Категория дисциплины'),(666,448,'ru','Мин'),(667,449,'ru','Макс'),(668,450,'ru','Информация'),(669,451,'ru','Статус'),(670,452,'ru','Единица измерения'),(671,453,'ru','Преподаватели'),(672,454,'ru','Основная деятельность'),(673,455,'ru','Ставка'),(674,456,'ru','Дополнительная деятельность'),(675,457,'ru','Дополнительная ставка'),(676,458,'ru','Стаж работы'),(677,459,'ru','Стаж работы по специальности'),(678,460,'ru','Достижения'),(679,461,'ru','Отдел'),(680,462,'ru','Название должности'),(681,463,'ru','Вид работы'),(682,464,'ru','Образование'),(683,465,'ru','Табельный номер'),(684,466,'ru','Должность'),(685,467,'ru','Название'),(686,468,'ru','Сокращение'),(687,469,'ru','Образование'),(688,470,'ru','Вид работы'),(689,471,'ru','Направление деятельности'),(690,472,'ru','Название деятельности'),(691,473,'ru','Основная ставка'),(692,474,'ru','Выберите деятельность...'),(693,475,'ru','Выберите ставку...'),(694,476,'ru','Ставка'),(695,477,'ru','Категория достижений'),(696,478,'ru','По умолчанию'),(697,479,'ru','Выберите категорию...'),(698,480,'ru','Выберите единицу измерения...'),(699,481,'ru','Статус'),(700,482,'ru','На дату'),(701,483,'ru','Выберите отдел...'),(702,484,'ru','Выберите достижения...'),(703,485,'ru','Единица измерения'),(704,486,'ru','Значение ставки'),(705,487,'ru','Значение ставки'),(708,490,'ru','Выберите должность...'),(709,491,'ru','Выберите вид работы...'),(710,492,'ru','Выберите образование...'),(711,493,'ru','Дисциплины'),(712,494,'ru','Вид дисциплины'),(713,495,'ru','Тип дисциплины'),(714,496,'ru','Выберите отдел...'),(715,497,'ru','Выберите категорию дисциплины...'),(716,498,'ru','Название отделения'),(717,499,'ru','Стаж работы по специальности не может быть больше общего стажа.'),(718,500,'ru','Отношения пользователей'),(719,501,'ru','Название'),(720,502,'ru','Сокращение'),(721,503,'ru','Документ'),(722,504,'ru','Серия'),(723,505,'ru','Номер'),(724,506,'ru','Кем выдан'),(725,507,'ru','Дата выдачи'),(726,508,'ru','Статус учащегося'),(727,509,'ru','Выберите статус...'),(728,510,'ru','Пользователь с введенными данными уже существует.'),(729,511,'ru','Родители'),(730,512,'ru','Добавить родителя'),(731,513,'ru','Ученики'),(732,514,'ru','Добавить нового родителя...'),(733,515,'ru','Семейная связь'),(734,516,'ru','Связь выбранных пользователей уже определены.'),(735,517,'ru','Нельзя использовать одну и ту же связь к разным пользователям.'),(736,518,'ru','Основной вид деятельности не может быть таким же, как дополнительный.'),(737,519,'ru','Недопустимый формат ввода данных {certificate_date}'),(738,520,'ru','Такой даты не существует {certificate_date}'),(739,521,'ru','Сведения об организации'),(740,522,'ru','Директор'),(741,523,'ru','Подпись директора'),(742,524,'ru','Главный бухгалтер'),(743,525,'ru','Подпись главного бухгалтера'),(744,526,'ru','Наименование организации'),(745,527,'ru','Сокращенное наименование организации'),(746,528,'ru','Почтовый адрес организации'),(747,529,'ru','E-mail организации'),(748,199,'ru','Добавить пост'),(749,200,'ru','Редактировать пост'),(750,201,'ru','Посты не найдены'),(751,206,'ru','Тэг'),(752,207,'ru','Тэги'),(753,530,'ru','Выберите теги...'),(754,531,'ru','Макет'),(755,532,'ru','Родительская категория'),(756,533,'ru','Категории'),(757,534,'ru','Обновить категорию'),(758,535,'ru','Создать категорию'),(759,536,'ru','Добавить'),(760,537,'ru','Выберите семейную связь...'),(761,538,'ru','Координаты'),(762,539,'ru','Зум карты'),(763,540,'ru','Кликните по карте для получения адреса и координат, затем нажмите кнопку для вставки адреса в форму'),(765,542,'ru','Вставить адрес в форму'),(766,543,'ru','Адрес на карте');
/*!40000 ALTER TABLE `message` ENABLE KEYS */;
UNLOCK TABLES;

--
-- Table structure for table `message_source`
--

DROP TABLE IF EXISTS `message_source`;
/*!40101 SET @saved_cs_client     = @@character_set_client */;
/*!40101 SET character_set_client = utf8 */;
CREATE TABLE `message_source` (
  `id` int(11) NOT NULL AUTO_INCREMENT,
  `category` varchar(32) NOT NULL,
  `message` text,
  `immutable` int(1) DEFAULT '0',
  PRIMARY KEY (`id`)
) ENGINE=InnoDB AUTO_INCREMENT=544 DEFAULT CHARSET=utf8;
/*!40101 SET character_set_client = @saved_cs_client */;

--
-- Dumping data for table `message_source`
--

LOCK TABLES `message_source` WRITE;
/*!40000 ALTER TABLE `message_source` DISABLE KEYS */;
INSERT INTO `message_source` VALUES (1,'yee','--- With selected ---',1),(2,'yee','Activate',1),(3,'yee','Active',1),(4,'yee','Add New',1),(5,'yee','All',1),(6,'yee','Always Visible',1),(7,'yee','An unknown error occurred.',1),(8,'yee','Approved',1),(9,'yee','Author',1),(10,'yee','Banned',1),(11,'yee','Bind to IP',1),(12,'yee','Browse',1),(13,'yee','Browser',1),(14,'yee','Cancel',1),(15,'yee','Category',1),(16,'yee','Clear filters',1),(17,'yee','Closed',1),(18,'yee','Code',1),(19,'yee','Comment Status',1),(20,'yee','Comments Activity',1),(21,'yee','Confirm',1),(22,'yee','Confirmation Token',1),(23,'yee','Content',1),(24,'yee','Control Panel',1),(25,'yee','Create {item}',1),(26,'yee','Create',1),(27,'yee','Created By',1),(28,'yee','Created',1),(29,'yee','Dashboard',1),(30,'yee','Data',1),(31,'yee','Deactivate',1),(32,'yee','Default Language',1),(33,'yee','Default Value',1),(34,'yee','Delete',1),(35,'yee','Description',1),(36,'yee','E-mail confirmed',1),(37,'yee','E-mail',1),(38,'yee','Edit',1),(39,'yee','Error',1),(40,'yee','For example',1),(41,'yee','Group',1),(42,'yee','ID',1),(43,'yee','IP',1),(44,'yee','Icon',1),(45,'yee','Inactive',1),(46,'yee','Insert',1),(47,'yee','Invalid settings for dashboard widgets',1),(48,'yee','Key',1),(49,'yee','Label',1),(50,'yee','Language',1),(51,'yee','Link ID can only contain lowercase alphanumeric characters, underscores and dashes.',1),(52,'yee','Link',1),(53,'yee','Login',1),(54,'yee','Logout {username}',1),(55,'yee','Menu ID can only contain lowercase alphanumeric characters, underscores and dashes.',1),(56,'yee','Menu',1),(57,'yee','Name',1),(58,'yee','No Parent',1),(59,'yee','No comments found.',1),(60,'yee','Not Selected',1),(61,'yee','OK',1),(62,'yee','OS',1),(63,'yee','Open',1),(64,'yee','Order',1),(65,'yee','PHP Version',1),(66,'yee','Parent Link',1),(67,'yee','Password',1),(68,'yee','Pending',1),(69,'yee','Processing',1),(70,'yee','Publish',1),(71,'yee','Published',1),(72,'yee','Read more',1),(73,'yee','Records per page',1),(74,'yee','Registration IP',1),(75,'yee','Repeat password',1),(76,'yee','Required',1),(77,'yee','Revision',1),(78,'yee','Role',1),(79,'yee','Roles',1),(80,'yee','Rule',1),(81,'yee','Save All',1),(82,'yee','Save',1),(83,'yee','Saved',1),(84,'yee','Settings',1),(85,'yee','Size',1),(86,'yee','Slug',1),(87,'yee','Spam',1),(88,'yee','Start',1),(89,'yee','Status',1),(90,'yee','Superadmin',1),(91,'yee','System Info',1),(92,'yee','The changes have been saved.',1),(93,'yee','This e-mail already exists',1),(94,'yee','Title',1),(95,'yee','Token',1),(96,'yee','Trash',1),(97,'yee','Type',1),(98,'yee','URL',1),(99,'yee','Unpublish',1),(100,'yee','Update \"{item}\"',1),(101,'yee','Update',1),(102,'yee','Updated By',1),(103,'yee','Updated',1),(104,'yee','Uploaded',1),(105,'yee','User agent',1),(106,'yee','User',1),(107,'yee','Username',1),(108,'yee','Value',1),(109,'yee','View',1),(110,'yee','Visible',1),(111,'yee','Visit Time',1),(112,'yee','Wrong format. Enter valid IPs separated by comma',1),(113,'yee','Yee CMS Version',1),(114,'yee','Yee Core Version',1),(115,'yee','Yii Framework Version',1),(116,'yee','Your item has been updated.',1),(117,'yee','Your item has been created.',1),(118,'yee','Your item has been deleted.',1),(119,'yee','Male',1),(120,'yee','Female',1),(121,'yee','First Name',1),(122,'yee','Last Name',1),(123,'yee','Skype',1),(124,'yee','Phone',1),(125,'yee','Gender',1),(126,'yee','Birth day',1),(127,'yee','Birth month',1),(128,'yee','Birth year',1),(129,'yee','Short Info',1),(130,'yee/translation','Add New Source Message',1),(131,'yee/translation','Category',1),(132,'yee/translation','Create Message Source',1),(133,'yee/translation','Create New Category',1),(134,'yee/translation','Immutable',1),(135,'yee/translation','Message Translation',1),(136,'yee/translation','New Category Name',1),(137,'yee/translation','Please, select message group and language to view translations...',1),(138,'yee/translation','Source Message',1),(139,'yee/translation','Update Message Source',1),(140,'yee/translation','{n, plural, =1{1 message} other{# messages}}',1),(141,'yee/media','Add files',1),(142,'yee/media','Album',1),(143,'yee/media','Albums',1),(144,'yee/media','All Media Items',1),(145,'yee/media','Alt Text',1),(146,'yee/media','Back to file manager',1),(147,'yee/media','Cancel upload',1),(148,'yee/media','Categories',1),(149,'yee/media','Category',1),(150,'yee/media','Changes have been saved.',1),(151,'yee/media','Changes haven\'t been saved.',1),(152,'yee/media','Create Category',1),(153,'yee/media','Current thumbnail sizes',1),(154,'yee/media','Dimensions',1),(155,'yee/media','Do resize thumbnails',1),(156,'yee/media','File Size',1),(157,'yee/media','Filename',1),(158,'yee/media','If you change the thumbnails sizes, it is strongly recommended resize image thumbnails.',1),(159,'yee/media','Image Settings',1),(160,'yee/media','Large size',1),(161,'yee/media','Manage Albums',1),(162,'yee/media','Manage Categories',1),(163,'yee/media','Media Activity',1),(164,'yee/media','Media Details',1),(165,'yee/media','Media',1),(166,'yee/media','Medium size',1),(167,'yee/media','No images found.',1),(168,'yee/media','Original',1),(169,'yee/media','Please, select file to view details.',1),(170,'yee/media','Select image size',1),(171,'yee/media','Small size',1),(172,'yee/media','Sorry, [{filetype}] file type is not permitted!',1),(173,'yee/media','Start upload',1),(174,'yee/media','Thumbnails settings',1),(175,'yee/media','Thumbnails sizes has been resized successfully!',1),(176,'yee/media','Thumbnails',1),(177,'yee/media','Update Category',1),(178,'yee/media','Updated By',1),(179,'yee/media','Upload New File',1),(180,'yee/media','Uploaded By',1),(181,'yee/menu','Menu',1),(182,'yee/menu','Menus',1),(183,'yee/menu','Link ID can only contain lowercase alphanumeric characters, underscores and dashes.',1),(184,'yee/menu','Parent Link',1),(185,'yee/menu','Always Visible',1),(186,'yee/menu','No Parent',1),(187,'yee/menu','Create Menu Link',1),(188,'yee/menu','Update Menu Link',1),(189,'yee/menu','Menu Links',1),(190,'yee/menu','Add New Menu',1),(191,'yee/menu','Add New Link',1),(192,'yee/menu','An error occurred during saving menu!',1),(193,'yee/menu','The changes have been saved.',1),(194,'yee/menu','Please, select menu to view menu links...',1),(195,'yee/menu','Selected menu doesn\'t contain any link. Click \"Add New Link\" to create a link for this menu.',1),(196,'yee/page','Page',1),(197,'yee/page','Pages',1),(198,'yee/page','Create Page',1),(199,'yee/post','Create Tag',1),(200,'yee/post','Update Tag',1),(201,'yee/post','No posts found.',1),(202,'yee/post','Post',1),(203,'yee/post','Posted in',1),(204,'yee/post','Posts Activity',1),(205,'yee/post','Posts',1),(206,'yee/post','Tag',1),(207,'yee/post','Tags',1),(208,'yee/post','Thumbnail',1),(209,'yee/settings','General Settings',1),(210,'yee/settings','Reading Settings',1),(211,'yee/settings','Site Title',1),(212,'yee/settings','Site Description',1),(213,'yee/settings','Admin Email',1),(214,'yee/settings','Timezone',1),(215,'yee/settings','Date Format',1),(216,'yee/settings','Time Format',1),(217,'yee/settings','Page Size',1),(218,'yee/user','Child permissions',1),(219,'yee/user','Child roles',1),(220,'yee/user','Create Permission Group',1),(221,'yee/user','Create Permission',1),(222,'yee/user','Create Role',1),(223,'yee/user','Create User',1),(224,'yee/user','Log №{id}',1),(225,'yee/user','No users found.',1),(226,'yee/user','Password',1),(227,'yee/user','Permission Groups',1),(228,'yee/user','Permission',1),(229,'yee/user','Permissions for \"{role}\" role',1),(230,'yee/user','Permissions',1),(231,'yee/user','Refresh routes',1),(232,'yee/user','Registration date',1),(233,'yee/user','Role',1),(234,'yee/user','Roles and Permissions for \"{user}\"',1),(235,'yee/user','Roles',1),(236,'yee/user','Routes',1),(237,'yee/user','Search route',1),(238,'yee/user','Show all',1),(239,'yee/user','Show only selected',1),(240,'yee/user','Update Permission Group',1),(241,'yee/user','Update Permission',1),(242,'yee/user','Update Role',1),(243,'yee/user','Update User Password',1),(244,'yee/user','Update User',1),(245,'yee/user','User not found',1),(246,'yee/user','User',1),(247,'yee/user','Users',1),(248,'yee/user','Visit Log',1),(249,'yee/user','You can not change own permissions',1),(250,'yee/user','You can\'t update own permissions!',1),(251,'yee/user','{permission} Permission Settings',1),(252,'yee/user','{permission} Role Settings',1),(253,'yee/auth','Are you sure you want to delete your profile picture?',1),(254,'yee/auth','Are you sure you want to unlink this authorization?',1),(255,'yee/auth','Authentication error occurred.',1),(256,'yee/auth','Authorization',1),(257,'yee/auth','Authorized Services',1),(258,'yee/auth','Captcha',1),(259,'yee/auth','Change profile picture',1),(260,'yee/auth','Check your E-mail for further instructions',1),(261,'yee/auth','Check your e-mail {email} for instructions to activate account',1),(262,'yee/auth','Click to connect with service',1),(263,'yee/auth','Click to unlink service',1),(264,'yee/auth','Confirm E-mail',1),(265,'yee/auth','Confirm',1),(266,'yee/auth','Could not send confirmation email',1),(267,'yee/auth','Current password',1),(268,'yee/auth','E-mail confirmation for',1),(269,'yee/auth','E-mail {email} confirmed',1),(270,'yee/auth','E-mail is invalid',1),(271,'yee/auth','E-mail with activation link has been sent to <b>{email}</b>. This link will expire in {minutes} min.',1),(272,'yee/auth','E-mail',1),(273,'yee/auth','Forgot password?',1),(274,'yee/auth','Incorrect username or password',1),(275,'yee/auth','Login has been taken',1),(276,'yee/auth','Login',1),(277,'yee/auth','Logout',1),(278,'yee/auth','Non Authorized Services',1),(279,'yee/auth','Password has been updated',1),(280,'yee/auth','Password recovery',1),(281,'yee/auth','Password reset for',1),(282,'yee/auth','Password',1),(283,'yee/auth','Registration - confirm your e-mail',1),(284,'yee/auth','Registration',1),(285,'yee/auth','Remember me',1),(286,'yee/auth','Remove profile picture',1),(287,'yee/auth','Repeat password',1),(288,'yee/auth','Reset Password',1),(289,'yee/auth','Reset',1),(290,'yee/auth','Save Profile',1),(291,'yee/auth','Save profile picture',1),(292,'yee/auth','Set Password',1),(293,'yee/auth','Set Username',1),(294,'yee/auth','Signup',1),(295,'yee/auth','This E-mail already exists',1),(296,'yee/auth','Token not found. It may be expired',1),(297,'yee/auth','Token not found. It may be expired. Try reset password once more',1),(298,'yee/auth','Too many attempts',1),(299,'yee/auth','Unable to send message for email provided',1),(300,'yee/auth','Update Password',1),(301,'yee/auth','User Profile',1),(302,'yee/auth','User with the same email as in {client} account already exists but isn\'t linked to it. Login using email first to link it.',1),(303,'yee/auth','The username should contain only Latin letters, numbers and the following characters: \"-\" and \"_\".',1),(304,'yee/auth','Username contains not allowed characters or words.',1),(305,'yee/auth','Wrong password',1),(306,'yee/auth','You could not login from this IP',1),(307,'yee/seo','Create SEO Record',1),(308,'yee/seo','Follow',1),(309,'yee/seo','Index',1),(310,'yee/seo','Keywords',1),(311,'yee/seo','SEO',1),(312,'yee/seo','Search Engine Optimization',1),(313,'yee/seo','Update SEO Record',1),(314,'yee/eav','An error occurred during creation of EavValue record.',1),(315,'yee/eav','An error occurred during saving EAV attributes!',1),(316,'yee/eav','Attribute Options',1),(317,'yee/eav','Attribute Types',1),(318,'yee/eav','Attribute',1),(319,'yee/eav','Attributes',1),(320,'yee/eav','Available Attributes',1),(321,'yee/eav','Custom Fields',1),(322,'yee/eav','EAV',1),(323,'yee/eav','Entity Models',1),(324,'yee/eav','Entity was not found.',1),(325,'yee/eav','Entity',1),(326,'yee/eav','Model was not found.',1),(327,'yee/eav','Model',1),(328,'yee/eav','Option',1),(329,'yee/eav','Raw',1),(330,'yee/eav','Selected Attributes',1),(333,'yee','Home',1),(334,'yee','AIS',1),(335,'yee','Middle Name',0),(336,'yee','Snils',0),(337,'yee','Phone Optional',0),(338,'yee/auth','A Login and E-mail not found.',0),(340,'yee/mail','Follow the link below to confirm your email:',0),(341,'yee/mail','Follow the link below to reset your password:',0),(342,'yee/mail','Hello:',0),(343,'yee/mail','Hello, you have been registered on:',0),(344,'yee/mail','Follow this link to confirm your E-mail and activate account:',0),(345,'yee','Cache has been flushed.',0),(346,'yee','Failed to flush cache.',0),(347,'yee','Your settings have been saved.',0),(348,'yee/auth','Enter',0),(349,'yee/auth','User not found or blocked in the system.',0),(350,'yee','Page not found.',0),(351,'yee/auth','Registration - user search',0),(352,'yee','There is no such date {birth_date}',0),(353,'yee','The format of the date input {birth_date} invalid',0),(354,'yee','Birth Date',0),(355,'yee','Staff',0),(356,'yee','Teacher',0),(357,'yee','Student',0),(358,'yee','Parent',0),(359,'yee','User Category',0),(360,'yee/auth','Check your e-mail {email} for further instructions',0),(361,'yee/auth','After changing the E-mail confirmation is required',0),(362,'yee','Only need to enter Russian letters',0),(363,'yee/db','DB manager',0),(364,'yee/db','Dump',0),(365,'yee/db','Size',0),(366,'yee/db','Create time',0),(367,'yee/db','Import',0),(368,'yee/db','Download',0),(369,'yee/db','Delete',0),(370,'yee/db','The database dump will be deleted. Are you sure?',0),(371,'yee/db','Create dump',0),(372,'yee/db','All database entries will be overwritten. Are you sure?',0),(373,'yee','Enter the social security number according to the mask',0),(374,'yee','Full Name',0),(375,'yee','Feedback',0),(376,'yee','If you have questions, please fill out the following form to contact us. Thank you.',0),(377,'yee/auth','Please confirm that you are not a bot.',0),(378,'yee','Subject',0),(379,'yee','Submit',0),(380,'yee','Thank you for contacting us. We will respond to you as soon as possible.',0),(381,'yee','There was an error sending email.',0),(382,'yee/guide','Name Sity',0),(383,'yee/guide','Study Flag',0),(384,'yee/guide','Num Auditory',0),(385,'yee/guide','Name Auditory',0),(386,'yee/guide','Floor',0),(387,'yee/guide','Area Auditory',0),(388,'yee/guide','Capacity Auditory',0),(389,'yee/guide','Description Auditory',0),(390,'yee/guide','Order',0),(391,'yee/guide','Name Building',0),(392,'yee/guide','Name Auditory Category',0),(393,'yee/guide','Description Auditory Category',0),(394,'yee/guide','Study Opportunity',0),(395,'yee/guide','Name Country',0),(396,'yee/guide','Fips',0),(397,'yee/guide','Name District',0),(398,'yee/guide','Slug',0),(399,'yee/guide','Name Place',0),(400,'yee/guide','Address',0),(401,'yee/guide','Phone',0),(402,'yee/guide','Phone Optional',0),(403,'yee/guide','Contact Person',0),(404,'yee/guide','Latitude',0),(405,'yee/guide','Longitude',0),(406,'yee/guide','Description Venue',0),(407,'yee/guide','Auditory',0),(408,'yee/guide','Auditory Cat',0),(409,'yee/guide','Building',0),(415,'yee/guide','Country',0),(418,'yee/guide','Venue Place',0),(421,'yee/guide','District',0),(431,'yee/guide','Sity',0),(433,'yee/guide','Name District Slug',0),(434,'yee/guide','Select Country...',0),(435,'yee/guide','Select Sity...',0),(436,'yee/guide','Select District...',0),(437,'yee/guide','Select Cat...',0),(438,'yee/guide','Select Building...',0),(439,'yee','Created At',0),(440,'yee','Created By',0),(441,'yee','Updated At',0),(442,'yee','Updated By',0),(443,'yee/guide','Name',0),(444,'yee/guide','Division',0),(445,'yee/guide','Department',0),(446,'yee/guide','Select Name Division...',0),(447,'yee/guide','Subject Category',0),(448,'yee/guide','Qty Min',0),(449,'yee/guide','Qty Max',0),(450,'yee/guide','Info',0),(451,'yee/guide','Status',0),(452,'yee/guide','Measure Unit',0),(453,'yee/teachers','Teachers',0),(454,'yee/teachers','Name Direction Main',0),(455,'yee/teachers','Name Stake',0),(456,'yee/teachers','Name Direction Optional',0),(457,'yee/teachers','Name Stake Optional',0),(458,'yee/teachers','Year Serv',0),(459,'yee/teachers','Year Serv Spec',0),(460,'yee/teachers','Teachers Bonus',0),(461,'yee/teachers','Department',0),(462,'yee/teachers','Name Position',0),(463,'yee/teachers','Name Work',0),(464,'yee/teachers','Name Level',0),(465,'yee/teachers','Tab Num',0),(466,'yee/teachers','Position',0),(467,'yee/teachers','Name',0),(468,'yee/teachers','Slug',0),(469,'yee/teachers','Level',0),(470,'yee/teachers','Work',0),(471,'yee/teachers','Direction',0),(472,'yee/teachers','Name Direction',0),(473,'yee/teachers','Name Stake Main',0),(474,'yee/teachers','Select Direction...',0),(475,'yee/teachers','Select Stake...',0),(476,'yee/teachers','Stake',0),(477,'yee/teachers','Bonus Category',0),(478,'yee/teachers','Value Default',0),(479,'yee/teachers','Select Bonus Category...',0),(480,'yee/teachers','Select Measure Unit...',0),(481,'yee/teachers','Status',0),(482,'yee/teachers','For date',0),(483,'yee/teachers','Select Department...',0),(484,'yee/teachers','Select Teachers Bonus...',0),(485,'yee/teachers','Measure Unit',0),(486,'yee/teachers','Stake Value',0),(487,'yee/teachers','Cost',0),(490,'yee/teachers','Select Position...',0),(491,'yee/teachers','Select Work...',0),(492,'yee/teachers','Select Level...',0),(493,'yee/guide','Subjects',0),(494,'yee/guide','Subject Vid',0),(495,'yee/guide','Subject Type',0),(496,'yee/guide','Select Department...',0),(497,'yee/guide','Select Subject Category...',0),(498,'yee/guide','Name Division',0),(499,'yee/teachers','Experience in the specialty can not be more than the total experience.',0),(500,'yee/user','User Relations',0),(501,'yee/user','Name',0),(502,'yee/user','Slug',0),(503,'yee/student','Sertificate Name',0),(504,'yee/student','Sertificate Series',0),(505,'yee/student','Sertificate Num',0),(506,'yee/student','Sertificate Organ',0),(507,'yee/student','Sertificate Date',0),(508,'yee/student','Name Position',0),(509,'yee/student','Select Position...',0),(510,'yee/auth','The user with the entered data already exists.',0),(511,'yee/user','Parents',0),(512,'yee/user','Create Parent',0),(513,'yee/student','Students',0),(514,'yee/user','Create New Parent...',0),(515,'yee/user','Family Relation',0),(516,'yee/user','The relationships of the selected users are already defined.',0),(517,'yee/user','You cannot use the same relationship to different users.',0),(518,'yee/teachers','The main activity may not be the same as the secondary one.',0),(519,'yee/student','The format of the date input {sertificate_date} invalid',0),(520,'yee/student','There is no such date {sertificate_date}',0),(521,'yee/settings','Organization details',0),(522,'yee/settings','Head',0),(523,'yee/settings','Head sign',0),(524,'yee/settings','Chief accountant',0),(525,'yee/settings','Chief accountant sign',0),(526,'yee/settings','Name organization',0),(527,'yee/settings','Abbr name organization',0),(528,'yee/settings','Post organization',0),(529,'yee/settings','E-mail organization',0),(530,'yee/post','Select Tags...',0),(531,'yee','Layout',0),(532,'yee/post','Parent Category',0),(533,'yee/post','Categories',0),(534,'yee/post','Update Category',0),(535,'yee/post','Create Category',0),(536,'yee','Add',0),(537,'yee/user','Select Relation...',0),(538,'yee','The coordinates of the place',0),(539,'yee','Map Zoom',0),(540,'yee','Click on the map to get the address and coordinates, then click the button to insert the address into the form',0),(542,'yee','Paste address to form',0),(543,'yee','Map Address',0);
/*!40000 ALTER TABLE `message_source` ENABLE KEYS */;
UNLOCK TABLES;

--
-- Table structure for table `migration`
--

DROP TABLE IF EXISTS `migration`;
/*!40101 SET @saved_cs_client     = @@character_set_client */;
/*!40101 SET character_set_client = utf8 */;
CREATE TABLE `migration` (
  `version` varchar(180) NOT NULL,
  `alias` varchar(180) NOT NULL,
  `apply_time` int(11) DEFAULT NULL,
  PRIMARY KEY (`version`)
) ENGINE=InnoDB DEFAULT CHARSET=utf8;
/*!40101 SET character_set_client = @saved_cs_client */;

--
-- Dumping data for table `migration`
--

LOCK TABLES `migration` WRITE;
/*!40000 ALTER TABLE `migration` DISABLE KEYS */;
INSERT INTO `migration` VALUES ('m000000_000000_base','@app/migrations',1530777667),('m130524_201442_init','@app/migrations',1530777672),('m141106_185632_log_init','@yii/log/migrations/',1537257131),('m150319_150657_alter_user_table','@yeesoft/yii2-yee-core/migrations/',1530777673),('m150319_155941_init_yee_core','@yeesoft/yii2-yee-core/migrations/',1530777677),('m150319_184824_init_settings','@yeesoft/yii2-yee-core/migrations/',1530777677),('m150319_194321_init_menus','@yeesoft/yii2-yee-core/migrations/',1530777681),('m150320_102452_init_translations','@yeesoft/yii2-yee-translation/migrations/',1530777682),('m150628_124401_create_media_table','@yeesoft/yii2-yee-media/migrations/',1530777688),('m150630_121101_create_post_table','@yeesoft/yii2-yee-post/migrations/',1530777693),('m150703_182055_create_auth_table','@yeesoft/yii2-yee-auth/migrations/',1530777694),('m150706_175101_create_comment_table','@yeesoft/yii2-comments/migrations/',1530777694),('m150719_154955_add_setting_menu_links','@yeesoft/yii2-yee-settings/migrations/',1530777694),('m150719_182533_add_menu_and_links','@yeesoft/yii2-yee-menu/migrations/',1530777694),('m150727_175300_add_comments_menu_links','@yeesoft/yii2-yee-comment/migrations/',1530777694),('m150729_121634_add_user_menu_links','@yeesoft/yii2-yee-user/migrations/',1530777694),('m150729_122614_add_post_menu_links','@yeesoft/yii2-yee-post/migrations/',1530777694),('m150729_131014_add_media_menu_links','@yeesoft/yii2-yee-media/migrations/',1530777694),('m150731_150101_create_page_table','@yeesoft/yii2-yee-page/migrations/',1530777695),('m150731_150644_add_page_menu_links','@yeesoft/yii2-yee-page/migrations/',1530777695),('m150821_140141_add_core_permissions','@yeesoft/yii2-yee-core/migrations/',1530777695),('m150825_202231_add_post_permissions','@yeesoft/yii2-yee-post/migrations/',1530777696),('m150825_205531_add_user_permissions','@yeesoft/yii2-yee-user/migrations/',1530777696),('m150825_211322_add_menu_permissions','@yeesoft/yii2-yee-menu/migrations/',1530777696),('m150825_212310_add_settings_permissions','@yeesoft/yii2-yee-settings/migrations/',1530777696),('m150825_212941_add_comments_permissions','@yeesoft/yii2-yee-comment/migrations/',1530777696),('m150825_213610_add_media_permissions','@yeesoft/yii2-yee-media/migrations/',1530777696),('m150825_220620_add_page_permissions','@yeesoft/yii2-yee-page/migrations/',1530777696),('m151116_212614_add_translations_menu_links','@yeesoft/yii2-yee-translation/migrations/',1530777696),('m151121_091144_i18n_yee_source','@yeesoft/yii2-yee-core/migrations/',1530777696),('m151121_131210_add_translation_permissions','@yeesoft/yii2-yee-translation/migrations/',1530777696),('m151121_184634_i18n_yee_translation_source','@yeesoft/yii2-yee-translation/migrations/',1530777696),('m151121_225504_i18n_yee_media_source','@yeesoft/yii2-yee-media/migrations/',1530777696),('m151121_232115_i18n_yee_menu_source','@yeesoft/yii2-yee-menu/migrations/',1530777696),('m151121_233615_i18n_yee_page_source','@yeesoft/yii2-yee-page/migrations/',1530777696),('m151121_233715_i18n_yee_post_source','@yeesoft/yii2-yee-post/migrations/',1530777696),('m151121_235015_i18n_yee_settings_source','@yeesoft/yii2-yee-settings/migrations/',1530777696),('m151121_235512_i18n_yee_user_source','@yeesoft/yii2-yee-user/migrations/',1530777696),('m151126_061233_i18n_yee_auth_source','@yeesoft/yii2-yee-auth/migrations/',1530777696),('m151226_230101_create_seo_table','@yeesoft/yii2-yee-seo/migrations/',1530777697),('m151226_231101_add_seo_menu_links','@yeesoft/yii2-yee-seo/migrations/',1530777697),('m151226_233401_add_seo_permissions','@vendor/yeesoft/yii2-yee-seo/migrations/',1538126970),('m151226_234401_i18n_yee_seo_source','@yeesoft/yii2-yee-seo/migrations/',1530777697),('m160207_123123_add_super_parent_id','@yeesoft/yii2-comments/migrations/',1530777698),('m160325_140543_init_eav','@vendor/yeesoft/yii2-yee-eav/migrations/',1531131047),('m160325_142311_add_eav_menu_links','@vendor/yeesoft/yii2-yee-eav/migrations/',1531131047),('m160325_143610_add_eav_permissions','@vendor/yeesoft/yii2-yee-eav/migrations/',1531131047),('m160325_144849_i18n_yee_eav_source','@vendor/yeesoft/yii2-yee-eav/migrations/',1531131047),('m160414_212551_add_view_page','@yeesoft/yii2-yee-page/migrations/',1530777699),('m160414_212558_add_view_post','@yeesoft/yii2-yee-post/migrations/',1530777700),('m160419_092310_i18n_ru_yee','@vendor/yeesoft/yee-i18n/ru/',1535708684),('m160419_122314_i18n_ru_init_demo','@vendor/yeesoft/yee-i18n/ru/',1535708684),('m160419_143242_i18n_ru_menu_comments','@vendor/yeesoft/yee-i18n/ru/',1535708684),('m160419_143310_i18n_ru_menu_core','@vendor/yeesoft/yee-i18n/ru/',1535708684),('m160419_143742_i18n_ru_menu_media','@vendor/yeesoft/yee-i18n/ru/',1535708684),('m160419_143915_i18n_ru_menu_menu','@vendor/yeesoft/yee-i18n/ru/',1535708684),('m160419_144310_i18n_ru_menu_page','@vendor/yeesoft/yee-i18n/ru/',1535708684),('m160419_144654_i18n_ru_menu_post','@vendor/yeesoft/yee-i18n/ru/',1535708684),('m160419_144710_i18n_ru_menu_setting','@vendor/yeesoft/yee-i18n/ru/',1535708684),('m160419_145050_i18n_ru_menu_translations','@vendor/yeesoft/yee-i18n/ru/',1535708684),('m160419_145301_i18n_ru_menu_user','@vendor/yeesoft/yee-i18n/ru/',1535708684),('m160419_210059_i18n_ru_yee_translation','@vendor/yeesoft/yee-i18n/ru/',1535708684),('m160419_225904_i18n_ru_yee_media','@vendor/yeesoft/yee-i18n/ru/',1535708684),('m160419_232223_i18n_ru_yee_menu','@vendor/yeesoft/yee-i18n/ru/',1535708685),('m160419_233713_i18n_ru_yee_page','@vendor/yeesoft/yee-i18n/ru/',1535708685),('m160419_233813_i18n_ru_yee_post','@vendor/yeesoft/yee-i18n/ru/',1535708685),('m160419_234401_i18n_ru_yee_seo','@vendor/yeesoft/yee-i18n/ru/',1535708685),('m160419_235120_i18n_ru_yee_settings','@vendor/yeesoft/yee-i18n/ru/',1535708685),('m160419_235601_i18n_ru_menu_seo','@vendor/yeesoft/yee-i18n/ru/',1535708685),('m160419_235643_i18n_ru_yee_user','@vendor/yeesoft/yee-i18n/ru/',1535708685),('m160426_122854_create_uploader_images_table','@yeesoft/yii2-yee-media/migrations/',1530777701),('m160530_224510_add_url_field','@yeesoft/yii2-comments/migrations/',1530777701),('m160605_214907_create_tag_table','@yeesoft/yii2-yee-post/migrations/',1530777704),('m160605_215105_init_tag_settings','@yeesoft/yii2-yee-post/migrations/',1530777704),('m160610_120101_init_demo','@app/migrations',1530777704),('m160716_173208_changelogs','@vendor/cranky4/change-log-behavior/src/migrations',1537269028),('m160831_224932_alter_user_table','@yeesoft/yii2-yee-core/migrations/',1530777709),('m160903_113810_update_auth_foreign_key','@yeesoft/yii2-yee-auth/migrations/',1530777710),('m170306_083010_tests','@artmarkov/mytest/migrations',1537367447);
/*!40000 ALTER TABLE `migration` ENABLE KEYS */;
UNLOCK TABLES;

--
-- Table structure for table `option`
--

DROP TABLE IF EXISTS `option`;
/*!40101 SET @saved_cs_client     = @@character_set_client */;
/*!40101 SET character_set_client = utf8 */;
CREATE TABLE `option` (
  `id` int(8) NOT NULL AUTO_INCREMENT,
  `name` text,
  PRIMARY KEY (`id`)
) ENGINE=InnoDB AUTO_INCREMENT=30 DEFAULT CHARSET=utf8 ROW_FORMAT=DYNAMIC;
/*!40101 SET character_set_client = @saved_cs_client */;

--
-- Dumping data for table `option`
--

LOCK TABLES `option` WRITE;
/*!40000 ALTER TABLE `option` DISABLE KEYS */;
INSERT INTO `option` VALUES (4,'Третья строка\r\n'),(5,'4 чтрока'),(6,'5 срока'),(7,'6 строка\r\n'),(8,'3 строка'),(9,'7 строка\r\n'),(10,'10 строка'),(11,'11 строка\r\n'),(12,'12 строка'),(13,'14 строка\r\n'),(14,'16'),(15,'17'),(16,'18'),(17,'20'),(18,''),(19,'22'),(20,'23'),(21,'24'),(22,'25'),(25,'11111111111111111'),(26,'111111'),(28,'28'),(29,'');
/*!40000 ALTER TABLE `option` ENABLE KEYS */;
UNLOCK TABLES;

--
-- Table structure for table `page`
--

DROP TABLE IF EXISTS `page`;
/*!40101 SET @saved_cs_client     = @@character_set_client */;
/*!40101 SET character_set_client = utf8 */;
CREATE TABLE `page` (
  `id` int(11) NOT NULL AUTO_INCREMENT,
  `slug` varchar(255) NOT NULL,
  `status` int(1) NOT NULL DEFAULT '0' COMMENT '0-pending,1-published',
  `comment_status` int(1) NOT NULL DEFAULT '1' COMMENT '0-closed,1-open',
  `published_at` int(11) DEFAULT NULL,
  `created_at` int(11) DEFAULT NULL,
  `updated_at` int(11) DEFAULT NULL,
  `created_by` int(11) DEFAULT NULL,
  `updated_by` int(11) DEFAULT NULL,
  `revision` int(1) NOT NULL DEFAULT '1',
  `view` varchar(255) NOT NULL DEFAULT 'page',
  `layout` varchar(255) NOT NULL DEFAULT 'main',
  PRIMARY KEY (`id`),
  KEY `page_slug` (`slug`),
  KEY `page_status` (`status`)
) ENGINE=InnoDB AUTO_INCREMENT=5 DEFAULT CHARSET=utf8;
/*!40101 SET character_set_client = @saved_cs_client */;

--
-- Dumping data for table `page`
--

LOCK TABLES `page` WRITE;
/*!40000 ALTER TABLE `page` DISABLE KEYS */;
INSERT INTO `page` VALUES (1,'rules_entry',1,0,1535932800,1535967573,1539026237,4,4,2,'page','main'),(2,'confidentiality-agreemen',1,1,1535932800,1535967607,1542095190,4,4,3,'page','main'),(4,'about',1,0,1542067200,1542099264,1542099340,4,4,3,'page','main');
/*!40000 ALTER TABLE `page` ENABLE KEYS */;
UNLOCK TABLES;

--
-- Table structure for table `page_lang`
--

DROP TABLE IF EXISTS `page_lang`;
/*!40101 SET @saved_cs_client     = @@character_set_client */;
/*!40101 SET character_set_client = utf8 */;
CREATE TABLE `page_lang` (
  `id` int(11) NOT NULL AUTO_INCREMENT,
  `page_id` int(11) NOT NULL,
  `language` varchar(6) NOT NULL,
  `title` text,
  `content` text,
  PRIMARY KEY (`id`),
  KEY `page_lang_post_id` (`page_id`),
  KEY `page_lang_language` (`language`),
  CONSTRAINT `fk_page_lang` FOREIGN KEY (`page_id`) REFERENCES `page` (`id`) ON DELETE CASCADE ON UPDATE CASCADE
) ENGINE=InnoDB AUTO_INCREMENT=5 DEFAULT CHARSET=utf8;
/*!40101 SET character_set_client = @saved_cs_client */;

--
-- Dumping data for table `page_lang`
--

LOCK TABLES `page_lang` WRITE;
/*!40000 ALTER TABLE `page_lang` DISABLE KEYS */;
INSERT INTO `page_lang` VALUES (1,1,'ru','Правила входа в Личный кабинет','<p style=\"box-sizing: border-box; margin: 0px 0px 10px; color: #333333; font-family: \'Source Sans Pro\', \'Helvetica Neue\', Helvetica, Arial, sans-serif;\">Заходя в личный кабинет АИС \"Школа Искусств\" (в дальнейшем «мы», «наш», «АИС \"Школа Искусств\"», вы подтверждаете своё согласие со следующими условиями. Если вы не согласны с ними, пожалуйста, не заходите и не пользуйтесь личным кабинетом АИС \"Школа Искусств\". Мы оставляем за собой право изменять эти правила в любое время и сделаем всё возможное, чтобы уведомить вас об этом, однако с вашей стороны было бы разумным регулярно просматривать этот текст на предмет изменений, так как использование ресурса АИС \"Школа Искусств\" после обновления/исправления условий означает ваше согласие с ними.</p>\r\n<p style=\"box-sizing: border-box; margin: 0px 0px 10px; color: #333333; font-family: \'Source Sans Pro\', \'Helvetica Neue\', Helvetica, Arial, sans-serif;\">Вы соглашаетесь не размещать оскорбительных, угрожающих, клеветнических сообщений, порнографических сообщений, призывов к национальной розни и прочих сообщений, которые могут нарушить законы вашей страны, страны, которая предоставляет услуги хостинга для АИС \"Школа Искусств\" или международное право. Попытки размещения таких сообщений могут привести к вашему немедленному отключению от системы АИС \"Школа Искусств\".</p>\r\n<p style=\"box-sizing: border-box; margin: 0px 0px 10px; color: #333333; font-family: \'Source Sans Pro\', \'Helvetica Neue\', Helvetica, Arial, sans-serif;\">Вы соглашаетесь с тем, что администраторы АИС \"Школа Искусств\" имеют право удалить, отредактировать, перенести или удалить любую информацию в любое время по своему усмотрению. Как пользователь вы согласны с тем, что введённая вами информация будет храниться в базе данных. Хотя эта информация не будет открыта третьим лицам без вашего разрешения, администрация АИС \"Школа Искусств\" не может быть ответственна за действия хакеров, которые могут привести к несанкционированному доступу к ней.</p>\r\n<p> </p>'),(2,2,'ru','Соглашение конфиденциальности','<p style=\"box-sizing: border-box; margin: 0px 0px 10px; color: #333333; font-family: \'Source Sans Pro\', \'Helvetica Neue\', Helvetica, Arial, sans-serif;\">Это соглашение подробно объясняет, как АИС \"Школа Искусств\" (в дальнейшем «мы», «наш», АИС \"Школа Искусств\" используют информацию, полученную во время любой из ваших пользовательских сессий (в дальнейшем «ваша информация»).</p>\r\n<p style=\"box-sizing: border-box; margin: 0px 0px 10px; color: #333333; font-family: \'Source Sans Pro\', \'Helvetica Neue\', Helvetica, Arial, sans-serif;\">Ваша информация собирается двумя способами. Во-первых, просмотр информации АИС \"Школа Искусств\" приведёт к созданию программным обеспечением определённого числа cookies (небольшие текстовые файлы, загружаемые в папку временных файлов вашего браузера). Первые две cookie содержат только идентификатор пользователя (в дальнейшем «user-id») и идентификатор анонимной сессии (в дальнейшем «session-id»), автоматически присвоенные вам программным обеспечением.</p>\r\n<p style=\"box-sizing: border-box; margin: 0px 0px 10px; color: #333333; font-family: \'Source Sans Pro\', \'Helvetica Neue\', Helvetica, Arial, sans-serif;\">Также во время просмотра информации АИС \"Школа Искусств\" мы можем установить cookies, внешние по отношению к программному обеспечению, однако они выходят за рамки этого документа, целью которого является рассмотрение страниц, созданных исключительно программным обеспечением. Вторым источником получения вашей информации являются данные, которые вы отправляете на АИС \"Школа Искусств\". Этими данными могут быть, но не исчерпываются, следующие данные: данные, указанные при регистрации в АИС \"Школа Искусств\" (в дальнейшем «ваша учётная запись») и сообщения, оставленные вами после регистрации и авторизации (в дальнейшем «ваши сообщения»).</p>\r\n<p style=\"box-sizing: border-box; margin: 0px 0px 10px; color: #333333; font-family: \'Source Sans Pro\', \'Helvetica Neue\', Helvetica, Arial, sans-serif;\">Ваша учётная запись будет содержать, как минимум, однозначно идентифицируемое имя (в дальнейшем «ваше имя пользователя»), индивидуальный пароль для входа под вашей учётной записью (далее «ваш пароль») и реальный адрес email (в дальнейшем «ваш адрес email»). Ваша информация из вашей учётной записи на АИС \"Школа Искусств\" охраняется законами о защите компьютерной информации, применяемыми в стране, предоставляющей нам услуги хостинга. Любая информация, запрашиваемая при регистрации в АИС \"Школа Искусств\", кроме вашего имени пользователя, вашего пароля и вашего адреса email, может быть как необходимой, так и необязательной ко вводу, на усмотрение администрации АИС \"Школа Искусств\". В любом случае у вас есть возможность выбрать, какая информация из вашей учётной записи будет общедоступна.</p>\r\n<p style=\"box-sizing: border-box; margin: 0px 0px 10px; color: #333333; font-family: \'Source Sans Pro\', \'Helvetica Neue\', Helvetica, Arial, sans-serif;\">Ваш пароль надёжно зашифрован (односторонним хэшированием). Однако не рекомендуется использовать этот же самый пароль, регистрируясь на других сайтах. Ваш пароль является средством доступа к вашей учётной записи на АИС \"Школа Искусств\", пожалуйста, храните его в тайне, ни при каких обстоятельствах ни представители АИС \"Школа Искусств\", ни другое третье лицо не вправе спрашивать ваш пароль. В случае, если вы забудете ваш пароль к вашей учётной записи, вы сможете воспользоваться функцией восстановления пароля «Забыли пароль?», предусмотренной программным обеспечением. Вам будет необходимо ввести ваше имя пользователя и ваш адрес email, после чего программное обеспечение сгенерирует вам новый пароль для вашей учётной записи.</p>'),(4,4,'ru','О проекте','<p>Страница \"О проекте\"</p>');
/*!40000 ALTER TABLE `page_lang` ENABLE KEYS */;
UNLOCK TABLES;

--
-- Table structure for table `post`
--

DROP TABLE IF EXISTS `post`;
/*!40101 SET @saved_cs_client     = @@character_set_client */;
/*!40101 SET character_set_client = utf8 */;
CREATE TABLE `post` (
  `id` int(11) NOT NULL AUTO_INCREMENT,
  `slug` varchar(255) NOT NULL,
  `category_id` int(11) DEFAULT NULL,
  `status` int(1) NOT NULL DEFAULT '0' COMMENT '0-pending,1-published',
  `comment_status` int(1) NOT NULL DEFAULT '1' COMMENT '0-closed,1-open',
  `thumbnail` varchar(255) DEFAULT NULL,
  `published_at` int(11) DEFAULT NULL,
  `created_at` int(11) DEFAULT NULL,
  `updated_at` int(11) DEFAULT NULL,
  `created_by` int(11) DEFAULT NULL,
  `updated_by` int(11) DEFAULT NULL,
  `revision` int(1) NOT NULL DEFAULT '1',
  `view` varchar(255) NOT NULL DEFAULT 'post',
  `layout` varchar(255) NOT NULL DEFAULT 'main',
  PRIMARY KEY (`id`),
  KEY `post_slug` (`slug`),
  KEY `post_category_id` (`category_id`),
  KEY `post_status` (`status`),
  KEY `fk_page_created_by` (`created_by`),
  KEY `fk_page_updated_by` (`updated_by`),
  CONSTRAINT `fk_page_created_by` FOREIGN KEY (`created_by`) REFERENCES `user` (`id`) ON DELETE SET NULL ON UPDATE CASCADE,
  CONSTRAINT `fk_page_updated_by` FOREIGN KEY (`updated_by`) REFERENCES `user` (`id`) ON DELETE SET NULL ON UPDATE CASCADE,
  CONSTRAINT `fk_post_category_id` FOREIGN KEY (`category_id`) REFERENCES `post_category` (`id`) ON DELETE SET NULL ON UPDATE CASCADE
) ENGINE=InnoDB AUTO_INCREMENT=5 DEFAULT CHARSET=utf8;
/*!40101 SET character_set_client = @saved_cs_client */;

--
-- Dumping data for table `post`
--

LOCK TABLES `post` WRITE;
/*!40000 ALTER TABLE `post` DISABLE KEYS */;
INSERT INTO `post` VALUES (1,'obavlenie-pedagogiceskoj-filarmonii',4,1,1,'/uploads/2018/11/1542630641yozp6t-400x300.jpg',1542153600,1535967794,1542874278,4,4,23,'post','main'),(2,'obavlenie-kozlovoj',3,1,0,'/uploads/2018/11/15426306383rl8rj-400x300.jpg',1541980800,1542031933,1542873944,4,4,26,'post','main'),(4,'obavlenie',4,1,1,'',1542067200,1542099549,1542099662,4,4,1,'post','main');
/*!40000 ALTER TABLE `post` ENABLE KEYS */;
UNLOCK TABLES;

--
-- Table structure for table `post_category`
--

DROP TABLE IF EXISTS `post_category`;
/*!40101 SET @saved_cs_client     = @@character_set_client */;
/*!40101 SET character_set_client = utf8 */;
CREATE TABLE `post_category` (
  `id` int(11) NOT NULL AUTO_INCREMENT,
  `slug` varchar(200) NOT NULL,
  `visible` int(11) NOT NULL DEFAULT '1' COMMENT '0-hidden,1-visible',
  `created_at` int(11) DEFAULT NULL,
  `updated_at` int(11) DEFAULT NULL,
  `created_by` int(11) DEFAULT NULL,
  `updated_by` int(11) DEFAULT NULL,
  `left_border` int(11) NOT NULL,
  `right_border` int(11) NOT NULL,
  `depth` int(11) NOT NULL,
  PRIMARY KEY (`id`),
  KEY `post_category_slug` (`slug`),
  KEY `post_category_visible` (`visible`),
  KEY `left_border` (`left_border`,`right_border`),
  KEY `right_border` (`right_border`),
  KEY `fk_post_category_created_by` (`created_by`),
  KEY `fk_post_category_updated_by` (`updated_by`),
  CONSTRAINT `fk_post_category_created_by` FOREIGN KEY (`created_by`) REFERENCES `user` (`id`) ON DELETE SET NULL ON UPDATE CASCADE,
  CONSTRAINT `fk_post_category_updated_by` FOREIGN KEY (`updated_by`) REFERENCES `user` (`id`) ON DELETE SET NULL ON UPDATE CASCADE
) ENGINE=InnoDB AUTO_INCREMENT=6 DEFAULT CHARSET=utf8;
/*!40101 SET character_set_client = @saved_cs_client */;

--
-- Dumping data for table `post_category`
--

LOCK TABLES `post_category` WRITE;
/*!40000 ALTER TABLE `post_category` DISABLE KEYS */;
INSERT INTO `post_category` VALUES (1,'root\r\n',0,1530173848,0,NULL,NULL,0,2147483647,0),(2,'doska-obavlenij',1,1542030655,1542041114,4,4,168430089,336860176,1),(3,'teachers',1,1542030730,1542054553,4,4,252645134,294752655,2),(4,'student',1,1542030749,1542040622,4,4,168430090,210537611,2),(5,'parent',1,1542030765,1542054541,4,4,210537612,252645133,2);
/*!40000 ALTER TABLE `post_category` ENABLE KEYS */;
UNLOCK TABLES;

--
-- Table structure for table `post_category_lang`
--

DROP TABLE IF EXISTS `post_category_lang`;
/*!40101 SET @saved_cs_client     = @@character_set_client */;
/*!40101 SET character_set_client = utf8 */;
CREATE TABLE `post_category_lang` (
  `id` int(11) NOT NULL AUTO_INCREMENT,
  `post_category_id` int(11) DEFAULT NULL,
  `language` varchar(6) NOT NULL,
  `title` varchar(255) NOT NULL,
  `description` text,
  PRIMARY KEY (`id`),
  KEY `post_category_lang_id` (`post_category_id`),
  KEY `post_category_lang_language` (`language`),
  CONSTRAINT `fk_post_category_lang` FOREIGN KEY (`post_category_id`) REFERENCES `post_category` (`id`) ON DELETE CASCADE ON UPDATE CASCADE
) ENGINE=InnoDB AUTO_INCREMENT=6 DEFAULT CHARSET=utf8;
/*!40101 SET character_set_client = @saved_cs_client */;

--
-- Dumping data for table `post_category_lang`
--

LOCK TABLES `post_category_lang` WRITE;
/*!40000 ALTER TABLE `post_category_lang` DISABLE KEYS */;
INSERT INTO `post_category_lang` VALUES (1,1,'ru','root',NULL),(2,2,'ru','Доска объявлений',''),(3,3,'ru','Объявления для преподавателей',''),(4,4,'ru','Объявления для учеников',''),(5,5,'ru','Объявления для родителей','');
/*!40000 ALTER TABLE `post_category_lang` ENABLE KEYS */;
UNLOCK TABLES;

--
-- Table structure for table `post_lang`
--

DROP TABLE IF EXISTS `post_lang`;
/*!40101 SET @saved_cs_client     = @@character_set_client */;
/*!40101 SET character_set_client = utf8 */;
CREATE TABLE `post_lang` (
  `id` int(11) NOT NULL AUTO_INCREMENT,
  `post_id` int(11) NOT NULL,
  `language` varchar(6) NOT NULL,
  `title` text,
  `content` text,
  PRIMARY KEY (`id`),
  KEY `post_lang_post_id` (`post_id`),
  KEY `post_lang_language` (`language`),
  CONSTRAINT `fk_post_lang` FOREIGN KEY (`post_id`) REFERENCES `post` (`id`) ON DELETE CASCADE ON UPDATE CASCADE
) ENGINE=InnoDB AUTO_INCREMENT=5 DEFAULT CHARSET=utf8;
/*!40101 SET character_set_client = @saved_cs_client */;

--
-- Dumping data for table `post_lang`
--

LOCK TABLES `post_lang` WRITE;
/*!40000 ALTER TABLE `post_lang` DISABLE KEYS */;
INSERT INTO `post_lang` VALUES (1,1,'ru','Объявление Педагогической филармонии','<div class=\"postbody\">\r\n<p>В рамках концертов Педагогической филармонии 16 ноября в Большом зале пройдет \"Концерт-Поэма\" Андрея Пыпина (балалайка) и Николая Саратовского (фортепиано)<br /> Начало концерта в 19:00</p>\r\n<p>Билеты Вы можете получить у администраторов в холле 1-го этажа в обмен на оплаченную квитанцию.</p>\r\n<p>Стоимость одного билета - 300 рублей</p>\r\n<p><a title=\"Квитанция филармония МИТЮША 300.pdf\" href=\"http://stravinskiy.arts.mos.ru/upload/medialibrary/c85/kvitantsiya-filarmoniya-mityusha-300.pdf\">КВИТАНЦИЮ можно скачать ЗДЕСЬ</a></p>\r\n<p>Стоимость трех билетов - 600 рублей</p>\r\n</div>'),(2,2,'ru','Объявление Козловой','<p>Уважаемые учащиеся и родители, 12 НОЯБРЯ (понедельник) занятия у преподавателя КОЗЛОВОЙ Н.Е. отменяются. 12</p>'),(4,4,'ru','Объявление','');
/*!40000 ALTER TABLE `post_lang` ENABLE KEYS */;
UNLOCK TABLES;

--
-- Table structure for table `post_tag`
--

DROP TABLE IF EXISTS `post_tag`;
/*!40101 SET @saved_cs_client     = @@character_set_client */;
/*!40101 SET character_set_client = utf8 */;
CREATE TABLE `post_tag` (
  `id` int(11) NOT NULL AUTO_INCREMENT,
  `slug` varchar(200) NOT NULL,
  `created_at` int(11) DEFAULT NULL,
  `updated_at` int(11) DEFAULT NULL,
  `created_by` int(11) DEFAULT NULL,
  `updated_by` int(11) DEFAULT NULL,
  PRIMARY KEY (`id`),
  KEY `post_tag_slug` (`slug`),
  KEY `fk_post_tag_created_by` (`created_by`),
  KEY `fk_post_tag_updated_by` (`updated_by`),
  CONSTRAINT `fk_post_tag_created_by` FOREIGN KEY (`created_by`) REFERENCES `user` (`id`) ON DELETE SET NULL ON UPDATE CASCADE,
  CONSTRAINT `fk_post_tag_updated_by` FOREIGN KEY (`updated_by`) REFERENCES `user` (`id`) ON DELETE SET NULL ON UPDATE CASCADE
) ENGINE=InnoDB AUTO_INCREMENT=3 DEFAULT CHARSET=utf8;
/*!40101 SET character_set_client = @saved_cs_client */;

--
-- Dumping data for table `post_tag`
--

LOCK TABLES `post_tag` WRITE;
/*!40000 ALTER TABLE `post_tag` DISABLE KEYS */;
INSERT INTO `post_tag` VALUES (1,'obavlenia-dsi-im-ifstravinskogo',1535966927,1542041039,4,4),(2,'ais-skola-iskusstv',1542040969,1542040969,4,4);
/*!40000 ALTER TABLE `post_tag` ENABLE KEYS */;
UNLOCK TABLES;

--
-- Table structure for table `post_tag_lang`
--

DROP TABLE IF EXISTS `post_tag_lang`;
/*!40101 SET @saved_cs_client     = @@character_set_client */;
/*!40101 SET character_set_client = utf8 */;
CREATE TABLE `post_tag_lang` (
  `id` int(11) NOT NULL AUTO_INCREMENT,
  `post_tag_id` int(11) DEFAULT NULL,
  `language` varchar(6) NOT NULL,
  `title` varchar(255) NOT NULL,
  PRIMARY KEY (`id`),
  KEY `post_tag_lang_id` (`post_tag_id`),
  KEY `post_tag_lang_language` (`language`),
  CONSTRAINT `fk_post_tag_lang` FOREIGN KEY (`post_tag_id`) REFERENCES `post_tag` (`id`) ON DELETE CASCADE ON UPDATE CASCADE
) ENGINE=InnoDB AUTO_INCREMENT=3 DEFAULT CHARSET=utf8;
/*!40101 SET character_set_client = @saved_cs_client */;

--
-- Dumping data for table `post_tag_lang`
--

LOCK TABLES `post_tag_lang` WRITE;
/*!40000 ALTER TABLE `post_tag_lang` DISABLE KEYS */;
INSERT INTO `post_tag_lang` VALUES (1,1,'ru','Объявления ДШИ им. И.Ф.Стравинского'),(2,2,'ru','АИС Школа Искусств');
/*!40000 ALTER TABLE `post_tag_lang` ENABLE KEYS */;
UNLOCK TABLES;

--
-- Table structure for table `post_tag_post`
--

DROP TABLE IF EXISTS `post_tag_post`;
/*!40101 SET @saved_cs_client     = @@character_set_client */;
/*!40101 SET character_set_client = utf8 */;
CREATE TABLE `post_tag_post` (
  `id` int(11) NOT NULL AUTO_INCREMENT,
  `post_id` int(11) DEFAULT NULL,
  `tag_id` int(11) DEFAULT NULL,
  PRIMARY KEY (`id`),
  KEY `fk_post_tag_post_id` (`post_id`),
  KEY `fk_post_tag_tag_id` (`tag_id`),
  CONSTRAINT `fk_post_tag_post_id` FOREIGN KEY (`post_id`) REFERENCES `post` (`id`) ON DELETE CASCADE ON UPDATE CASCADE,
  CONSTRAINT `fk_post_tag_tag_id` FOREIGN KEY (`tag_id`) REFERENCES `post_tag` (`id`) ON DELETE CASCADE ON UPDATE CASCADE
) ENGINE=InnoDB AUTO_INCREMENT=28 DEFAULT CHARSET=utf8;
/*!40101 SET character_set_client = @saved_cs_client */;

--
-- Dumping data for table `post_tag_post`
--

LOCK TABLES `post_tag_post` WRITE;
/*!40000 ALTER TABLE `post_tag_post` DISABLE KEYS */;
INSERT INTO `post_tag_post` VALUES (23,2,1),(26,1,2),(27,4,1);
/*!40000 ALTER TABLE `post_tag_post` ENABLE KEYS */;
UNLOCK TABLES;

--
-- Table structure for table `seo`
--

DROP TABLE IF EXISTS `seo`;
/*!40101 SET @saved_cs_client     = @@character_set_client */;
/*!40101 SET character_set_client = utf8 */;
CREATE TABLE `seo` (
  `id` int(11) NOT NULL AUTO_INCREMENT,
  `url` varchar(255) NOT NULL,
  `title` varchar(255) NOT NULL DEFAULT '',
  `author` varchar(127) NOT NULL DEFAULT '',
  `keywords` text,
  `description` text,
  `index` smallint(6) NOT NULL DEFAULT '1',
  `follow` smallint(6) NOT NULL DEFAULT '1',
  `created_at` int(11) DEFAULT NULL,
  `updated_at` int(11) DEFAULT NULL,
  `created_by` int(11) DEFAULT NULL,
  `updated_by` int(11) DEFAULT NULL,
  PRIMARY KEY (`id`),
  UNIQUE KEY `url` (`url`),
  UNIQUE KEY `seo_url` (`url`),
  KEY `seo_created_by` (`created_by`),
  KEY `seo_author` (`created_by`),
  KEY `fk_seo_updated_by` (`updated_by`),
  CONSTRAINT `fk_seo_created_by` FOREIGN KEY (`created_by`) REFERENCES `user` (`id`) ON DELETE SET NULL ON UPDATE CASCADE,
  CONSTRAINT `fk_seo_updated_by` FOREIGN KEY (`updated_by`) REFERENCES `user` (`id`) ON DELETE SET NULL ON UPDATE CASCADE
) ENGINE=InnoDB AUTO_INCREMENT=2 DEFAULT CHARSET=utf8;
/*!40101 SET character_set_client = @saved_cs_client */;

--
-- Dumping data for table `seo`
--

LOCK TABLES `seo` WRITE;
/*!40000 ALTER TABLE `seo` DISABLE KEYS */;
INSERT INTO `seo` VALUES (1,'/en','Homepage','Site Owner','yii2, cms, yeecms','Seo meta description',1,1,1452544164,1452545049,1,1);
/*!40000 ALTER TABLE `seo` ENABLE KEYS */;
UNLOCK TABLES;

--
-- Table structure for table `setting`
--

DROP TABLE IF EXISTS `setting`;
/*!40101 SET @saved_cs_client     = @@character_set_client */;
/*!40101 SET character_set_client = utf8 */;
CREATE TABLE `setting` (
  `id` int(11) NOT NULL AUTO_INCREMENT,
  `group` varchar(64) DEFAULT 'general',
  `key` varchar(64) NOT NULL,
  `language` varchar(6) DEFAULT NULL,
  `value` text,
  `description` text,
  PRIMARY KEY (`id`),
  KEY `setting_group_lang` (`group`,`key`,`language`)
) ENGINE=InnoDB AUTO_INCREMENT=25 DEFAULT CHARSET=utf8;
/*!40101 SET character_set_client = @saved_cs_client */;

--
-- Dumping data for table `setting`
--

LOCK TABLES `setting` WRITE;
/*!40000 ALTER TABLE `setting` DISABLE KEYS */;
INSERT INTO `setting` VALUES (1,'general','title','ru','Школа Искусств',NULL),(2,'general','description','ru','АИС Школа Искусств',NULL),(3,'general','email',NULL,'artmarkov@mail.ru',NULL),(4,'general','timezone',NULL,'Europe/London',NULL),(5,'general','dateformat',NULL,'dd-MM-yyyy',NULL),(6,'general','timeformat',NULL,'HH:mm',NULL),(7,'reading','page_size',NULL,'10',NULL),(10,'organization','head','ru','Карташева Наталья Михайловна',NULL),(11,'organization','chief_accountant','ru','Кофанова Галина Васильевна',NULL),(12,'organization','head_sign','ru','Карташева Н.М.',NULL),(13,'organization','chief_accountant_sign','ru','Кофанова Г.В.',NULL),(14,'organization','name','ru','Государственное бюджетное учреждение дополнительного образования г. Москвы \"Детская школа искусств им. И.Ф.Стравинского\"',NULL),(15,'organization','abbr_name','ru','ГБУДО г. Москвы \"ДШИ им. И.Ф.Стравинского\"',NULL),(16,'organization','post','ru','125368, г. Москва, ул. Митинская, д. 47, кор. 1',NULL),(18,'organization','email',NULL,'dshi13@mail.ru',NULL),(19,'reading','phone_mask',NULL,'+7 (999) 999 99 99',NULL),(20,'reading','date_mask',NULL,'99-99-9999',NULL),(21,'reading','time_mask',NULL,'99:99',NULL),(22,'reading','snils_mask',NULL,'999-999-999 99',NULL),(23,'reading','coordinate_mask',NULL,'99.999999',NULL),(24,'reading','date_time_mask',NULL,'99-99-9999 99:99',NULL);
/*!40000 ALTER TABLE `setting` ENABLE KEYS */;
UNLOCK TABLES;

--
-- Table structure for table `student`
--

DROP TABLE IF EXISTS `student`;
/*!40101 SET @saved_cs_client     = @@character_set_client */;
/*!40101 SET character_set_client = utf8 */;
CREATE TABLE `student` (
  `id` mediumint(8) unsigned NOT NULL AUTO_INCREMENT,
  `user_id` int(11) DEFAULT NULL,
  `position_id` tinyint(2) unsigned DEFAULT NULL,
  `sertificate_name` varchar(32) DEFAULT NULL,
  `sertificate_series` varchar(32) DEFAULT NULL,
  `sertificate_num` varchar(32) DEFAULT NULL,
  `sertificate_organ` varchar(127) DEFAULT NULL,
  `sertificate_timestamp` int(11) DEFAULT NULL,
  UNIQUE KEY `id` (`id`),
  KEY `position_id` (`position_id`),
  KEY `user_id` (`user_id`),
  CONSTRAINT `student_ibfk_1` FOREIGN KEY (`position_id`) REFERENCES `student_position` (`id`),
  CONSTRAINT `student_ibfk_2` FOREIGN KEY (`user_id`) REFERENCES `user` (`id`)
) ENGINE=InnoDB AUTO_INCREMENT=3 DEFAULT CHARSET=utf8 COMMENT='Ученики';
/*!40101 SET character_set_client = @saved_cs_client */;

--
-- Dumping data for table `student`
--

LOCK TABLES `student` WRITE;
/*!40000 ALTER TABLE `student` DISABLE KEYS */;
INSERT INTO `student` VALUES (1,12,1,'','','','',NULL),(2,23,1,'1','1','1','1',566168400);
/*!40000 ALTER TABLE `student` ENABLE KEYS */;
UNLOCK TABLES;

--
-- Table structure for table `student_position`
--

DROP TABLE IF EXISTS `student_position`;
/*!40101 SET @saved_cs_client     = @@character_set_client */;
/*!40101 SET character_set_client = utf8 */;
CREATE TABLE `student_position` (
  `id` tinyint(2) unsigned NOT NULL AUTO_INCREMENT,
  `name` varchar(128) DEFAULT NULL,
  `slug` varchar(32) DEFAULT NULL,
  `status` smallint(1) unsigned NOT NULL,
  PRIMARY KEY (`id`)
) ENGINE=InnoDB AUTO_INCREMENT=6 DEFAULT CHARSET=utf8 COMMENT='Должность';
/*!40101 SET character_set_client = @saved_cs_client */;

--
-- Dumping data for table `student_position`
--

LOCK TABLES `student_position` WRITE;
/*!40000 ALTER TABLE `student_position` DISABLE KEYS */;
INSERT INTO `student_position` VALUES (1,'Абитуриент','Абит',1),(2,'Учащийся','Уч-ся',1),(3,'Выпускной класс','Вып.кл',1),(4,'Окончил обучение','Окон',1),(5,'Отчислен','Отч',1);
/*!40000 ALTER TABLE `student_position` ENABLE KEYS */;
UNLOCK TABLES;

--
-- Table structure for table `subject`
--

DROP TABLE IF EXISTS `subject`;
/*!40101 SET @saved_cs_client     = @@character_set_client */;
/*!40101 SET character_set_client = utf8 */;
CREATE TABLE `subject` (
  `id` mediumint(8) unsigned NOT NULL AUTO_INCREMENT,
  `name` varchar(64) DEFAULT NULL,
  `slug` varchar(32) DEFAULT NULL,
  `order` mediumint(8) unsigned NOT NULL,
  `status` tinyint(2) unsigned NOT NULL,
  PRIMARY KEY (`id`)
) ENGINE=InnoDB AUTO_INCREMENT=202 DEFAULT CHARSET=utf8 COMMENT='Дисциплины';
/*!40101 SET character_set_client = @saved_cs_client */;

--
-- Dumping data for table `subject`
--

LOCK TABLES `subject` WRITE;
/*!40000 ALTER TABLE `subject` DISABLE KEYS */;
INSERT INTO `subject` VALUES (1,'Фортепиано','Ф-но',0,1),(2,'Ансамбль','Анс.',0,1),(3,'Виолончель','Виол',0,1),(4,'Скрипка','Скр',0,1),(5,'Ансамбль','Анс.',0,1),(6,'Альт','Альт',0,1),(7,'Баритон','Барит',0,1),(8,'Блок флейта','Бл.фл',0,1),(9,'Валторна','Валт',0,1),(10,'Кларнет','Клар',0,1),(12,'Саксофон','Сакс',0,1),(13,'Тенор','Тенор',0,1),(14,'Тромбон','Тром',0,1),(15,'Труба','Труб',0,1),(16,'Туба','Туба',0,1),(17,'Ударные','Удар',0,1),(18,'Флейта','Фле',0,1),(19,'Ансамбль','Анс.',0,1),(21,'Духовой оркестр','Орк.дух.',0,1),(22,'Аккордеон','Акк-н',0,1),(23,'Балалайка','Бал',0,1),(24,'Баян','Баян',0,1),(25,'Гитара','Гитар',0,1),(26,'Домра','Домр',0,1),(27,'Ансамбль','Анс.',0,1),(29,'Народный хор','Нар.хор',0,1),(30,'Народный оркестр','Нар.орк.',0,1),(31,'История искусств','Ист.иск.',0,1),(32,'Музыкальная литература','Муз.лит.',0,1),(33,'Основы дирижирования','Дир.',0,1),(34,'Слушание музыки','Сл.муз.',0,1),(35,'Сольфеджио','Сольф.',0,1),(36,'Сочинение и аккомпанемент','Соч.акк.',0,1),(37,'Хор спец.гр.','Хор спец.гр.',0,1),(38,'Вокал','Вок',0,1),(39,'Ансамбль','Анс.',0,1),(40,'Народный хор','Нар.хор',0,1),(41,'Вокал','Вок',0,1),(42,'Ансамбль','Анс.',0,1),(43,'Народное творчество','Нар.тв.',0,1),(44,'Основы русского народного танца','ОРНТ',0,1),(46,'Сценическое движение','Сц.дв.',0,1),(47,'Бас гитара','Б.гит',0,1),(48,'Вокал','Вок',0,1),(49,'Ритм гитара','Р.гит',0,1),(50,'Саксофон','Сакс',0,1),(51,'Тромбон','Тром',0,1),(52,'Труба','Труб',0,1),(53,'Ударные','Удар',0,1),(54,'История джаза','Ист.дж.',0,1),(55,'Основы импровизации','Импр-я',0,1),(57,'Эстрадно-джазовый ансамбль ','Джаз.анс.',0,1),(58,'Общее ф-но','Общ.фно.',0,1),(59,'Декоративно-прикладное искусство','ДПИ',0,1),(60,'Декорирование','Декор',0,1),(61,'Живопись','Жив-сь.',0,1),(62,'История изобразительного искусства','Ист.ИЗО',0,1),(63,'История искусств','Ист.иск.',0,1),(64,'Композиция (станковая, прикладная)','Комп.',0,1),(66,'Лепка','Лепка',0,1),(67,'Основы изобразительного искусства','Осн.ИЗО',0,1),(68,'Пластическая, конструктивная лепка','ПКЛ',0,1),(69,'Рисунок','Рис.',0,1),(70,'Скульптура','Скульпт.',0,1),(71,'Формовка','Форм.',0,1),(72,'Шликерное литьё','Литьё',0,1),(76,'Ритмика','Рит.',0,1),(77,'Композиция','Комп.',0,1),(78,'Фортепиано','Ф-но',0,1),(79,'Хор','Хор',0,1),(80,'Сводный струнный ансамбль','Св.стр.анс.',0,1),(81,'Гармонь','Гарм',0,1),(82,'Академ. вокал','Ак.вок.',0,1),(83,'\"Познайки\"- класс раннего развития','\"Познайки\"',0,1),(84,'\"Почемучки\" - класс раннего развития','\"Почемучки\"',0,1),(85,'\"Знайки\" - класс раннего развития','\"Знайки\"',0,1),(86,'\"Всезнайки\" - класс раннего развития','\"Всезнайки\"',0,1),(87,'Логоритмика','Логоритмика',0,1),(88,'Теория музыки','т/м',0,1),(89,'Ансамбль','Анс.',0,1),(90,'Сольфеджио','Сольф.',0,1),(91,'Хор','Хор',0,1),(92,'Чтение с листа','Чт.лист',0,1),(93,'Чтение с листа','Чт.лист',0,1),(94,'Чтение с листа','Чт.лист',0,1),(95,'Чтение с листа','Чт.лист',0,1),(96,'Чтение с листа','Чт.лист',0,1),(97,'Духовой ансамбль','Дух.анс.',0,1),(100,'Эстрадно-джазовый оркестр','Джаз.орк.',0,1),(101,'Сводная репетиция народного хора','Св.реп.нар.хора',0,1),(102,'Ансамбль народных инструментов','Анс.нар.инстр.',0,1),(103,'Струнный ансамбль','Стр.анс',0,1),(104,'Оркестр аккордеонистов','Орк. аккорд.',0,1),(106,'Оркестр гитаристов','орк.гит.',0,1),(111,'Арфа','Арфа',0,1),(112,'Ансамбль инд.','Анс.инд.',0,1),(113,'Орган','Орган',0,1),(114,'Сводная репетиция ОРНТ','св.реп.орнт',0,1),(115,'Сводная репетиция хорового отдела','св.реп.хор.',0,1),(116,'Эстрадный танец','эстр.тан.',0,1),(117,'Бально-спортивный танец','Бал-спорт.тан',0,1),(118,'Классический станок','Класс.ст.',0,1),(119,'Беседы по хореографическому искусству','Беседы',0,1),(120,'Народно-сценический танец','Нар-сц.тан.',0,1),(121,'Историко-бытовой и бальный танец','Бальн.тан.',0,1),(122,'Мастерство актера','Маст.акт.',0,1),(123,'Сценическая речь','Сц.речь',0,1),(124,'Сценическое движение','Сц.дв.',0,1),(125,'Музыкальная литература и слушание музыки','Муз.лит.сл.муз.',0,1),(126,'Музыкальная грамота','Муз.гр.',0,1),(127,'Эстрадно-джазовое пение','Эст.дж.пен.',0,1),(128,'Бально-спортивный танец','Бал.сп.тан.',0,1),(129,'Вокально-хоровой ансамбль','Вок-хор анс.',0,1),(130,'Народная хореография','Нар.хореогр.',0,1),(131,'Слушание музыки и музыкальная грамота','Сл.муз.и муз.гр.',0,1),(132,'Беседы об искусстве','Беседы об иск-ве',0,1),(133,'Чтение хоровых партитур','Чт.хор.п.',0,1),(135,'Хоровой класс','Хор.класс.',0,1),(137,'Народное творчество','Нар.тв-во',0,1),(138,'Фольклорный ансамбль','Ф.анс.',0,1),(139,'Ритмическое сольфеджио','Ритм.сольф.',0,1),(140,'Основы народного танца','ОНТ',0,1),(141,'Хор спец.кл.','Хор спец.кл.',0,1),(142,'Вокально-хоровой ансамбль кл.','Вок-хор анс.кл.',0,1),(143,'Вокальный эстрадно-джазовый ансамбль','Вок.анс.',0,1),(144,'Гимнастика','Гим-ка',0,1),(145,'Характерный танец','Характ.тан.',0,1),(146,'Танцевальная практика','Танц.практ.',0,1),(147,'Основы эстрадного танца','Основы эстр.танца',0,1),(148,'Основы бального танца','Основы бальн.танца',0,1),(149,'Разминка','Разминка',0,1),(150,'Современная хореография','Совр.хореогр.',0,1),(151,'Растяжка','Растяжка',0,1),(152,'Акробатика','Акробатика',0,1),(153,'Композиционная постановка танца','КПТ',0,1),(154,'Классический танец','Класс.танец',0,1),(155,'Основы хореографии','Осн.хореогр.',0,1),(156,'Партерная гимнастика','Парт.гим-ка',0,1),(157,'Чудеса в ладошках','ЧВЛ',0,1),(158,'Актерское мастерство','Акт.маст',0,1),(159,'Эстрадный вокал','Эстр.вок',0,1),(160,'Современный танец','Совр.танец',0,1),(161,'Проект','Проект',0,1),(162,'История архитектуры','Ист.арх.',0,1),(163,'Основы графики','Осн.граф.',0,1),(164,'Натурный рисунок','Нат.рис.',0,1),(165,'Основы ИЗО','Осн.ИЗО',0,1),(166,'Скульптура','Скульпт.',0,1),(167,'Развитие речи','Раз.реч.',0,1),(168,'Веселая арифметика','Арифм.',0,1),(169,'Логопедия','Лого',0,1),(170,'Слушание музыки и музыкальная грамота','Сл.муз. и муз.гр.',0,1),(171,'Композиция','Комп',0,1),(172,'Формообразование','ФО',0,1),(173,'Макетирование','Макет',0,1),(174,'Теория и история джазовой музыки','ТИДМ',0,1),(175,'Гусли','Гусли',0,1),(176,'Музыкальная информатика','Муз.инф.',0,1),(177,'Сочинение и композиция','Соч.и комп.',0,1),(178,'Музыкальная информатика','Муз.инф.',0,1),(179,'Брейк-данс','Брейк-данс',0,1),(180,'Академический вокал','Акад.вок.',0,1),(181,'Вокальный ансамбль','Вок.анс.',0,1),(182,'Body Ballet','Body Ballet',0,1),(183,'Латина соло','Латина соло',0,1),(184,'Электронно-компьютерное музицирование','ЭКМ',0,1),(185,'Пленэр','Пленэр',0,1),(186,'Народное творчество','Нар.тв.',0,1),(187,'Вокально-хоровой ансамбль','Вок-хор.анс.',0,1),(188,'Вокально-хоровой ансамбль','Вок-хор.анс.',0,1),(189,'Музыкальная литература','Муз.лит.',0,1),(190,'Ансамбль духовых инструментов','Анс.дух.инстр.',0,1),(191,'Художественная керамика','Худ.Кер.',0,1),(192,'Истроия джаза','Ист.дж.',0,1),(193,'Импровизация','Импр.',0,1),(194,'Сценическая речь','Сц.речь',0,1),(195,'Основы актерского мастерства','Осн.акт.маст.',0,1),(196,'Сценическое движение','Сц.дв.',0,1),(197,'Сцена','Сцена',0,1),(198,'Художественное слово','Худ.сл.',0,1),(199,'Пластика','Пластика',0,1),(200,'Веселые нотки','Вес.нотки',0,1),(201,'Арттерапия','Арт.тер.',0,1);
/*!40000 ALTER TABLE `subject` ENABLE KEYS */;
UNLOCK TABLES;

--
-- Table structure for table `subject_category`
--

DROP TABLE IF EXISTS `subject_category`;
/*!40101 SET @saved_cs_client     = @@character_set_client */;
/*!40101 SET character_set_client = utf8 */;
CREATE TABLE `subject_category` (
  `id` mediumint(8) unsigned NOT NULL AUTO_INCREMENT,
  `subject_id` mediumint(8) unsigned NOT NULL,
  `category_id` tinyint(2) unsigned NOT NULL,
  PRIMARY KEY (`id`),
  KEY `subject_id` (`subject_id`),
  KEY `category_id` (`category_id`),
  CONSTRAINT `subject_category_ibfk_1` FOREIGN KEY (`category_id`) REFERENCES `subject_category_item` (`id`),
  CONSTRAINT `subject_category_ibfk_2` FOREIGN KEY (`subject_id`) REFERENCES `subject` (`id`)
) ENGINE=InnoDB AUTO_INCREMENT=15 DEFAULT CHARSET=utf8 COMMENT='Связь m2m предметов с категорией';
/*!40101 SET character_set_client = @saved_cs_client */;

--
-- Dumping data for table `subject_category`
--

LOCK TABLES `subject_category` WRITE;
/*!40000 ALTER TABLE `subject_category` DISABLE KEYS */;
INSERT INTO `subject_category` VALUES (4,201,2),(5,201,3),(6,201,4),(7,201,1),(8,201,5),(11,200,2),(12,200,3),(13,2,1),(14,2,5);
/*!40000 ALTER TABLE `subject_category` ENABLE KEYS */;
UNLOCK TABLES;

--
-- Table structure for table `subject_category_item`
--

DROP TABLE IF EXISTS `subject_category_item`;
/*!40101 SET @saved_cs_client     = @@character_set_client */;
/*!40101 SET character_set_client = utf8 */;
CREATE TABLE `subject_category_item` (
  `id` tinyint(2) unsigned NOT NULL AUTO_INCREMENT,
  `name` varchar(127) DEFAULT NULL,
  `slug` varchar(64) NOT NULL,
  `order` tinyint(2) unsigned NOT NULL,
  `status` tinyint(2) unsigned NOT NULL,
  PRIMARY KEY (`id`)
) ENGINE=InnoDB AUTO_INCREMENT=8 DEFAULT CHARSET=utf8 COMMENT='Категории дисциплин';
/*!40101 SET character_set_client = @saved_cs_client */;

--
-- Dumping data for table `subject_category_item`
--

LOCK TABLES `subject_category_item` WRITE;
/*!40000 ALTER TABLE `subject_category_item` DISABLE KEYS */;
INSERT INTO `subject_category_item` VALUES (1,'Специальность','Спец.',0,1),(2,'Дисциплины отдела','Дис.отд.',0,1),(3,'Общие дисциплины','Общ.',0,1),(4,'Коллективное музицирование','Кол.муз.',0,1),(5,'Инструмент','Инстр.',0,1),(6,'Предмет по выбору','П/в.',0,1),(7,'Сводные репетиции','Репа',0,1);
/*!40000 ALTER TABLE `subject_category_item` ENABLE KEYS */;
UNLOCK TABLES;

--
-- Table structure for table `subject_department`
--

DROP TABLE IF EXISTS `subject_department`;
/*!40101 SET @saved_cs_client     = @@character_set_client */;
/*!40101 SET character_set_client = utf8 */;
CREATE TABLE `subject_department` (
  `id` mediumint(8) unsigned NOT NULL AUTO_INCREMENT,
  `subject_id` mediumint(8) unsigned NOT NULL,
  `department_id` tinyint(2) unsigned NOT NULL,
  PRIMARY KEY (`id`),
  KEY `subject_id` (`subject_id`),
  KEY `department_id` (`department_id`),
  CONSTRAINT `subject_department_ibfk_1` FOREIGN KEY (`department_id`) REFERENCES `department` (`id`),
  CONSTRAINT `subject_department_ibfk_2` FOREIGN KEY (`subject_id`) REFERENCES `subject` (`id`)
) ENGINE=InnoDB AUTO_INCREMENT=11 DEFAULT CHARSET=utf8 COMMENT='Связь m2m предметов с отделами';
/*!40101 SET character_set_client = @saved_cs_client */;

--
-- Dumping data for table `subject_department`
--

LOCK TABLES `subject_department` WRITE;
/*!40000 ALTER TABLE `subject_department` DISABLE KEYS */;
INSERT INTO `subject_department` VALUES (3,201,12),(4,201,4),(5,201,16),(6,200,4),(7,200,9),(8,2,4),(9,2,9),(10,2,5);
/*!40000 ALTER TABLE `subject_department` ENABLE KEYS */;
UNLOCK TABLES;

--
-- Table structure for table `subject_type`
--

DROP TABLE IF EXISTS `subject_type`;
/*!40101 SET @saved_cs_client     = @@character_set_client */;
/*!40101 SET character_set_client = utf8 */;
CREATE TABLE `subject_type` (
  `id` tinyint(2) unsigned NOT NULL AUTO_INCREMENT,
  `name` varchar(127) NOT NULL,
  `slug` varchar(64) NOT NULL,
  `status` tinyint(1) unsigned NOT NULL,
  PRIMARY KEY (`id`)
) ENGINE=InnoDB AUTO_INCREMENT=3 DEFAULT CHARSET=utf8 COMMENT='Тип дисциплины бюджет или хозрасчет';
/*!40101 SET character_set_client = @saved_cs_client */;

--
-- Dumping data for table `subject_type`
--

LOCK TABLES `subject_type` WRITE;
/*!40000 ALTER TABLE `subject_type` DISABLE KEYS */;
INSERT INTO `subject_type` VALUES (1,'Бюджет','бюд-т',1),(2,'Хозрасчет','х/р',1);
/*!40000 ALTER TABLE `subject_type` ENABLE KEYS */;
UNLOCK TABLES;

--
-- Table structure for table `subject_vid`
--

DROP TABLE IF EXISTS `subject_vid`;
/*!40101 SET @saved_cs_client     = @@character_set_client */;
/*!40101 SET character_set_client = utf8 */;
CREATE TABLE `subject_vid` (
  `id` tinyint(2) NOT NULL AUTO_INCREMENT,
  `name` varchar(64) NOT NULL,
  `slug` varchar(32) NOT NULL,
  `qty_min` smallint(3) unsigned NOT NULL,
  `qty_max` smallint(3) unsigned NOT NULL,
  `info` tinytext NOT NULL,
  `status` tinyint(1) NOT NULL,
  PRIMARY KEY (`id`)
) ENGINE=InnoDB AUTO_INCREMENT=4 DEFAULT CHARSET=utf8 COMMENT='Вид дисциплины - по группам';
/*!40101 SET character_set_client = @saved_cs_client */;

--
-- Dumping data for table `subject_vid`
--

LOCK TABLES `subject_vid` WRITE;
/*!40000 ALTER TABLE `subject_vid` DISABLE KEYS */;
INSERT INTO `subject_vid` VALUES (1,'Индивидуальные','Инд.',1,1,'',1),(2,'Мелкогрупповые','МГ',2,10,'',1),(3,'Групповые','Гр',11,100,'',1);
/*!40000 ALTER TABLE `subject_vid` ENABLE KEYS */;
UNLOCK TABLES;

--
-- Table structure for table `teachers`
--

DROP TABLE IF EXISTS `teachers`;
/*!40101 SET @saved_cs_client     = @@character_set_client */;
/*!40101 SET character_set_client = utf8 */;
CREATE TABLE `teachers` (
  `id` mediumint(8) unsigned NOT NULL AUTO_INCREMENT,
  `user_id` int(11) DEFAULT NULL,
  `position_id` tinyint(2) unsigned DEFAULT NULL,
  `work_id` tinyint(2) unsigned DEFAULT NULL,
  `level_id` tinyint(2) unsigned DEFAULT NULL,
  `cost_main_id` tinyint(2) unsigned DEFAULT NULL,
  `cost_optional_id` tinyint(2) unsigned DEFAULT NULL,
  `tab_num` varchar(16) DEFAULT NULL,
  `timestamp_serv` int(11) DEFAULT NULL,
  `timestamp_serv_spec` int(11) DEFAULT NULL,
  UNIQUE KEY `id` (`id`),
  KEY `status_id` (`position_id`),
  KEY `work_id` (`work_id`),
  KEY `level_id` (`level_id`),
  KEY `cost_main_id` (`cost_main_id`),
  KEY `cost_optional_id` (`cost_optional_id`),
  KEY `user_id` (`user_id`),
  CONSTRAINT `teachers_ibfk_1` FOREIGN KEY (`level_id`) REFERENCES `teachers_level` (`id`),
  CONSTRAINT `teachers_ibfk_2` FOREIGN KEY (`position_id`) REFERENCES `teachers_position` (`id`),
  CONSTRAINT `teachers_ibfk_3` FOREIGN KEY (`work_id`) REFERENCES `teachers_work` (`id`),
  CONSTRAINT `teachers_ibfk_4` FOREIGN KEY (`cost_main_id`) REFERENCES `teachers_cost` (`id`),
  CONSTRAINT `teachers_ibfk_5` FOREIGN KEY (`user_id`) REFERENCES `user` (`id`)
) ENGINE=InnoDB AUTO_INCREMENT=3 DEFAULT CHARSET=utf8 COMMENT='Преподаватели';
/*!40101 SET character_set_client = @saved_cs_client */;

--
-- Dumping data for table `teachers`
--

LOCK TABLES `teachers` WRITE;
/*!40000 ALTER TABLE `teachers` DISABLE KEYS */;
INSERT INTO `teachers` VALUES (1,14,1,1,1,1,6,'111',526604400,854263440),(2,16,2,1,1,2,NULL,'111',NULL,NULL);
/*!40000 ALTER TABLE `teachers` ENABLE KEYS */;
UNLOCK TABLES;

--
-- Table structure for table `teachers_bonus`
--

DROP TABLE IF EXISTS `teachers_bonus`;
/*!40101 SET @saved_cs_client     = @@character_set_client */;
/*!40101 SET character_set_client = utf8 */;
CREATE TABLE `teachers_bonus` (
  `id` mediumint(8) NOT NULL AUTO_INCREMENT,
  `teachers_id` mediumint(8) DEFAULT NULL,
  `bonus_item_id` mediumint(8) NOT NULL,
  PRIMARY KEY (`id`),
  KEY `teachers_id` (`teachers_id`),
  KEY `bonus_item_id` (`bonus_item_id`)
) ENGINE=InnoDB AUTO_INCREMENT=4 DEFAULT CHARSET=utf8 COMMENT='Привязка характеристик к преподавателю';
/*!40101 SET character_set_client = @saved_cs_client */;

--
-- Dumping data for table `teachers_bonus`
--

LOCK TABLES `teachers_bonus` WRITE;
/*!40000 ALTER TABLE `teachers_bonus` DISABLE KEYS */;
INSERT INTO `teachers_bonus` VALUES (1,1,1),(2,1,5),(3,1,4);
/*!40000 ALTER TABLE `teachers_bonus` ENABLE KEYS */;
UNLOCK TABLES;

--
-- Table structure for table `teachers_bonus_category`
--

DROP TABLE IF EXISTS `teachers_bonus_category`;
/*!40101 SET @saved_cs_client     = @@character_set_client */;
/*!40101 SET character_set_client = utf8 */;
CREATE TABLE `teachers_bonus_category` (
  `id` mediumint(8) NOT NULL AUTO_INCREMENT,
  `name` varchar(128) NOT NULL,
  `slug` varchar(127) NOT NULL,
  `multiple` tinyint(1) NOT NULL DEFAULT '0',
  PRIMARY KEY (`id`)
) ENGINE=InnoDB AUTO_INCREMENT=5 DEFAULT CHARSET=utf8;
/*!40101 SET character_set_client = @saved_cs_client */;

--
-- Dumping data for table `teachers_bonus_category`
--

LOCK TABLES `teachers_bonus_category` WRITE;
/*!40000 ALTER TABLE `teachers_bonus_category` DISABLE KEYS */;
INSERT INTO `teachers_bonus_category` VALUES (1,'Ученая степень','Уч.ст',0),(2,'Звание','Звание',0),(3,'Уровень специалиста','Уровень',0),(4,'Специальные обязанности','Спец.обяз-ти',0);
/*!40000 ALTER TABLE `teachers_bonus_category` ENABLE KEYS */;
UNLOCK TABLES;

--
-- Table structure for table `teachers_bonus_item`
--

DROP TABLE IF EXISTS `teachers_bonus_item`;
/*!40101 SET @saved_cs_client     = @@character_set_client */;
/*!40101 SET character_set_client = utf8 */;
CREATE TABLE `teachers_bonus_item` (
  `id` mediumint(8) NOT NULL AUTO_INCREMENT,
  `bonus_category_id` mediumint(8) NOT NULL,
  `name` varchar(127) DEFAULT NULL,
  `slug` varchar(32) DEFAULT NULL,
  `value_default` varchar(127) DEFAULT NULL,
  `measure_id` smallint(2) unsigned DEFAULT NULL COMMENT 'ед. измерения',
  `bonus_rule_id` tinyint(2) DEFAULT NULL COMMENT 'правило обработки бонуса',
  `status` tinyint(1) NOT NULL DEFAULT '1' COMMENT '1-активна, 0-удалена',
  PRIMARY KEY (`id`),
  KEY `bonus_category_id` (`bonus_category_id`),
  KEY `measure_id` (`measure_id`),
  KEY `bonus_rule_id` (`bonus_rule_id`),
  KEY `status` (`status`),
  CONSTRAINT `teachers_bonus_item_ibfk_1` FOREIGN KEY (`bonus_category_id`) REFERENCES `teachers_bonus_category` (`id`),
  CONSTRAINT `teachers_bonus_item_ibfk_2` FOREIGN KEY (`measure_id`) REFERENCES `measure_unit` (`id`)
) ENGINE=InnoDB AUTO_INCREMENT=19 DEFAULT CHARSET=utf8 COMMENT='Характеристики пользователей';
/*!40101 SET character_set_client = @saved_cs_client */;

--
-- Dumping data for table `teachers_bonus_item`
--

LOCK TABLES `teachers_bonus_item` WRITE;
/*!40000 ALTER TABLE `teachers_bonus_item` DISABLE KEYS */;
INSERT INTO `teachers_bonus_item` VALUES (1,1,'Кандидат наук','КН','20',3,1,1),(2,1,'Доктор наук','ДН','30',3,1,1),(3,2,'Народный артист','НА','50',3,1,1),(4,2,'Заслуженный деятель искусств','ЗДИ','50',3,1,1),(5,2,'Заслуженный артист','ЗА','50',3,1,1),(6,2,'Заслуженный работник культуры','ЗРК','50',3,1,1),(7,2,'Заслуженный учитель','ЗУ','50',3,1,1),(8,2,'Почетный работник культуры','ПРК','30',3,1,1),(9,2,'Обладатель нагрудного знака','ОНЗ','30',3,1,1),(10,2,'Звание лауреата','ЗЛ','30',3,1,1),(12,3,'Молодой специалист + проезд','МС+','55',3,1,1),(13,3,'Молодой специалист-отличник + проезд','МСО+','65',3,1,1),(14,4,'Руководство отделением','РО','30',3,1,1),(15,4,'Руководство выставочной работой','РВР','30',3,1,1),(16,4,'Участие в экспертной группе город','ЭГГ','30',3,1,1),(17,4,'Участие в экспертной группе округ','ЭГО','15',3,1,1),(18,4,'Заведование секцией','ЗС','15',3,1,1);
/*!40000 ALTER TABLE `teachers_bonus_item` ENABLE KEYS */;
UNLOCK TABLES;

--
-- Table structure for table `teachers_cost`
--

DROP TABLE IF EXISTS `teachers_cost`;
/*!40101 SET @saved_cs_client     = @@character_set_client */;
/*!40101 SET character_set_client = utf8 */;
CREATE TABLE `teachers_cost` (
  `id` tinyint(2) unsigned NOT NULL AUTO_INCREMENT,
  `direction_id` tinyint(2) unsigned NOT NULL,
  `stake_id` tinyint(2) unsigned NOT NULL,
  `stake_value` float DEFAULT NULL,
  PRIMARY KEY (`id`),
  KEY `direction_id` (`direction_id`),
  KEY `stake_id` (`stake_id`),
  CONSTRAINT `teachers_cost_ibfk_1` FOREIGN KEY (`direction_id`) REFERENCES `teachers_direction` (`id`),
  CONSTRAINT `teachers_cost_ibfk_2` FOREIGN KEY (`stake_id`) REFERENCES `teachers_stake` (`id`)
) ENGINE=InnoDB AUTO_INCREMENT=9 DEFAULT CHARSET=utf8 COMMENT='Стоимость пед. часа';
/*!40101 SET character_set_client = @saved_cs_client */;

--
-- Dumping data for table `teachers_cost`
--

LOCK TABLES `teachers_cost` WRITE;
/*!40000 ALTER TABLE `teachers_cost` DISABLE KEYS */;
INSERT INTO `teachers_cost` VALUES (1,1,1,18500),(2,1,2,20200),(3,1,3,21800),(4,1,4,23400),(5,2,1,111),(6,2,2,19800),(7,2,3,21400),(8,2,4,23000);
/*!40000 ALTER TABLE `teachers_cost` ENABLE KEYS */;
UNLOCK TABLES;

--
-- Table structure for table `teachers_department`
--

DROP TABLE IF EXISTS `teachers_department`;
/*!40101 SET @saved_cs_client     = @@character_set_client */;
/*!40101 SET character_set_client = utf8 */;
CREATE TABLE `teachers_department` (
  `id` mediumint(8) unsigned NOT NULL AUTO_INCREMENT,
  `teachers_id` mediumint(8) unsigned NOT NULL,
  `department_id` tinyint(2) unsigned NOT NULL,
  PRIMARY KEY (`id`),
  KEY `teachers_id` (`teachers_id`),
  KEY `department_id` (`department_id`),
  CONSTRAINT `teachers_department_ibfk_2` FOREIGN KEY (`department_id`) REFERENCES `department` (`id`)
) ENGINE=InnoDB AUTO_INCREMENT=5 DEFAULT CHARSET=utf8;
/*!40101 SET character_set_client = @saved_cs_client */;

--
-- Dumping data for table `teachers_department`
--

LOCK TABLES `teachers_department` WRITE;
/*!40000 ALTER TABLE `teachers_department` DISABLE KEYS */;
INSERT INTO `teachers_department` VALUES (1,1,4),(2,1,9),(3,2,4),(4,1,11);
/*!40000 ALTER TABLE `teachers_department` ENABLE KEYS */;
UNLOCK TABLES;

--
-- Table structure for table `teachers_direction`
--

DROP TABLE IF EXISTS `teachers_direction`;
/*!40101 SET @saved_cs_client     = @@character_set_client */;
/*!40101 SET character_set_client = utf8 */;
CREATE TABLE `teachers_direction` (
  `id` tinyint(2) unsigned NOT NULL AUTO_INCREMENT,
  `name` varchar(128) CHARACTER SET cp1251 DEFAULT NULL,
  `slug` varchar(32) CHARACTER SET cp1251 DEFAULT NULL,
  PRIMARY KEY (`id`)
) ENGINE=InnoDB AUTO_INCREMENT=3 DEFAULT CHARSET=utf8 COMMENT='Направление деятельности';
/*!40101 SET character_set_client = @saved_cs_client */;

--
-- Dumping data for table `teachers_direction`
--

LOCK TABLES `teachers_direction` WRITE;
/*!40000 ALTER TABLE `teachers_direction` DISABLE KEYS */;
INSERT INTO `teachers_direction` VALUES (1,'Педагогическая','Пед-я'),(2,'Концертмейстерская','Конц-я');
/*!40000 ALTER TABLE `teachers_direction` ENABLE KEYS */;
UNLOCK TABLES;

--
-- Table structure for table `teachers_level`
--

DROP TABLE IF EXISTS `teachers_level`;
/*!40101 SET @saved_cs_client     = @@character_set_client */;
/*!40101 SET character_set_client = utf8 */;
CREATE TABLE `teachers_level` (
  `id` tinyint(2) unsigned NOT NULL AUTO_INCREMENT,
  `name` varchar(128) DEFAULT NULL,
  `slug` varchar(32) DEFAULT NULL,
  PRIMARY KEY (`id`)
) ENGINE=InnoDB AUTO_INCREMENT=5 DEFAULT CHARSET=utf8 COMMENT='Образование';
/*!40101 SET character_set_client = @saved_cs_client */;

--
-- Dumping data for table `teachers_level`
--

LOCK TABLES `teachers_level` WRITE;
/*!40000 ALTER TABLE `teachers_level` DISABLE KEYS */;
INSERT INTO `teachers_level` VALUES (1,'Высшее образование','ВО'),(2,'Высшее непроф','ВН'),(3,'Неполное высшее','НВ'),(4,'Среднее проф','СП');
/*!40000 ALTER TABLE `teachers_level` ENABLE KEYS */;
UNLOCK TABLES;

--
-- Table structure for table `teachers_position`
--

DROP TABLE IF EXISTS `teachers_position`;
/*!40101 SET @saved_cs_client     = @@character_set_client */;
/*!40101 SET character_set_client = utf8 */;
CREATE TABLE `teachers_position` (
  `id` tinyint(2) unsigned NOT NULL AUTO_INCREMENT,
  `name` varchar(128) DEFAULT NULL,
  `slug` varchar(32) DEFAULT NULL,
  PRIMARY KEY (`id`)
) ENGINE=InnoDB AUTO_INCREMENT=5 DEFAULT CHARSET=utf8 COMMENT='Должность';
/*!40101 SET character_set_client = @saved_cs_client */;

--
-- Dumping data for table `teachers_position`
--

LOCK TABLES `teachers_position` WRITE;
/*!40000 ALTER TABLE `teachers_position` DISABLE KEYS */;
INSERT INTO `teachers_position` VALUES (1,'Директор','Дир'),(2,'Заместитель директора','Зам.'),(3,'Руководитель отдела','Рук.отд'),(4,'Преподаватель','Преп');
/*!40000 ALTER TABLE `teachers_position` ENABLE KEYS */;
UNLOCK TABLES;

--
-- Table structure for table `teachers_stake`
--

DROP TABLE IF EXISTS `teachers_stake`;
/*!40101 SET @saved_cs_client     = @@character_set_client */;
/*!40101 SET character_set_client = utf8 */;
CREATE TABLE `teachers_stake` (
  `id` tinyint(2) unsigned NOT NULL AUTO_INCREMENT,
  `name` varchar(128) NOT NULL,
  `slug` varchar(32) DEFAULT NULL,
  `status` tinyint(1) NOT NULL DEFAULT '1',
  PRIMARY KEY (`id`)
) ENGINE=InnoDB AUTO_INCREMENT=5 DEFAULT CHARSET=utf8 COMMENT='Названия ставок';
/*!40101 SET character_set_client = @saved_cs_client */;

--
-- Dumping data for table `teachers_stake`
--

LOCK TABLES `teachers_stake` WRITE;
/*!40000 ALTER TABLE `teachers_stake` DISABLE KEYS */;
INSERT INTO `teachers_stake` VALUES (1,'Без категории','БК',1),(2,'Соответствие категории','СК',1),(3,'Первая категория','ПК',1),(4,'Высшая категория','ВК',1);
/*!40000 ALTER TABLE `teachers_stake` ENABLE KEYS */;
UNLOCK TABLES;

--
-- Table structure for table `teachers_work`
--

DROP TABLE IF EXISTS `teachers_work`;
/*!40101 SET @saved_cs_client     = @@character_set_client */;
/*!40101 SET character_set_client = utf8 */;
CREATE TABLE `teachers_work` (
  `id` tinyint(2) unsigned NOT NULL AUTO_INCREMENT,
  `name` varchar(128) DEFAULT NULL,
  `slug` varchar(32) DEFAULT NULL,
  PRIMARY KEY (`id`)
) ENGINE=InnoDB AUTO_INCREMENT=3 DEFAULT CHARSET=utf8 COMMENT='Вид работы';
/*!40101 SET character_set_client = @saved_cs_client */;

--
-- Dumping data for table `teachers_work`
--

LOCK TABLES `teachers_work` WRITE;
/*!40000 ALTER TABLE `teachers_work` DISABLE KEYS */;
INSERT INTO `teachers_work` VALUES (1,'Основная','Осн'),(2,'По совместительству','Совм');
/*!40000 ALTER TABLE `teachers_work` ENABLE KEYS */;
UNLOCK TABLES;

--
-- Table structure for table `tests`
--

DROP TABLE IF EXISTS `tests`;
/*!40101 SET @saved_cs_client     = @@character_set_client */;
/*!40101 SET character_set_client = utf8 */;
CREATE TABLE `tests` (
  `id` int(11) NOT NULL AUTO_INCREMENT,
  `ip` varchar(15) NOT NULL,
  `comment` varchar(255) DEFAULT NULL,
  PRIMARY KEY (`id`)
) ENGINE=InnoDB AUTO_INCREMENT=3 DEFAULT CHARSET=utf8;
/*!40101 SET character_set_client = @saved_cs_client */;

--
-- Dumping data for table `tests`
--

LOCK TABLES `tests` WRITE;
/*!40000 ALTER TABLE `tests` DISABLE KEYS */;
INSERT INTO `tests` VALUES (1,'1','1'),(2,'2','2');
/*!40000 ALTER TABLE `tests` ENABLE KEYS */;
UNLOCK TABLES;

--
-- Table structure for table `user`
--

DROP TABLE IF EXISTS `user`;
/*!40101 SET @saved_cs_client     = @@character_set_client */;
/*!40101 SET character_set_client = utf8 */;
CREATE TABLE `user` (
  `id` int(11) NOT NULL AUTO_INCREMENT,
  `username` varchar(255) COLLATE utf8_unicode_ci DEFAULT NULL,
  `auth_key` varchar(32) COLLATE utf8_unicode_ci DEFAULT NULL,
  `password_hash` varchar(255) COLLATE utf8_unicode_ci DEFAULT NULL,
  `password_reset_token` varchar(255) COLLATE utf8_unicode_ci DEFAULT NULL,
  `email` varchar(255) COLLATE utf8_unicode_ci DEFAULT NULL,
  `status` smallint(6) NOT NULL DEFAULT '10',
  `user_category` smallint(6) NOT NULL DEFAULT '1',
  `created_at` int(11) NOT NULL,
  `updated_at` int(11) NOT NULL,
  `superadmin` int(6) DEFAULT '0',
  `registration_ip` varchar(15) COLLATE utf8_unicode_ci DEFAULT NULL,
  `bind_to_ip` varchar(255) COLLATE utf8_unicode_ci DEFAULT NULL,
  `email_confirmed` int(1) DEFAULT '0',
  `confirmation_token` varchar(255) COLLATE utf8_unicode_ci DEFAULT NULL,
  `avatar` text COLLATE utf8_unicode_ci,
  `first_name` varchar(124) COLLATE utf8_unicode_ci DEFAULT NULL,
  `middle_name` varchar(124) COLLATE utf8_unicode_ci DEFAULT NULL,
  `last_name` varchar(124) COLLATE utf8_unicode_ci DEFAULT NULL,
  `birth_timestamp` int(11) DEFAULT NULL,
  `gender` int(1) DEFAULT NULL,
  `phone` varchar(24) COLLATE utf8_unicode_ci DEFAULT NULL,
  `phone_optional` varchar(24) COLLATE utf8_unicode_ci DEFAULT NULL,
  `skype` varchar(64) COLLATE utf8_unicode_ci DEFAULT NULL,
  `info` varchar(1024) COLLATE utf8_unicode_ci DEFAULT NULL,
  `snils` varchar(16) COLLATE utf8_unicode_ci DEFAULT NULL,
  PRIMARY KEY (`id`),
  UNIQUE KEY `auth_key` (`auth_key`),
  UNIQUE KEY `password_reset_token` (`password_reset_token`)
) ENGINE=InnoDB AUTO_INCREMENT=24 DEFAULT CHARSET=utf8 COLLATE=utf8_unicode_ci;
/*!40101 SET character_set_client = @saved_cs_client */;

--
-- Dumping data for table `user`
--

LOCK TABLES `user` WRITE;
/*!40000 ALTER TABLE `user` DISABLE KEYS */;
INSERT INTO `user` VALUES (1,'admin','','$2y$13$K3IKo3DnnP8XKe8/av4nFeonLUBj6dYbI3laoP/RNG5S3lR7Jkr2O',NULL,'artmarkov@mail.ru',0,4,0,1542364469,0,NULL,'',1,NULL,'','Иван','Владимирович','Марков',566179200,1,'+7 (905) 540 07 46','',NULL,'',''),(2,'moder','nQmLWUJSvnvbTd2rbnUMsI0FqNZ4FfXF','$2y$13$2EyTrZHZm3b.SW0q3bUZeephX96nJmFNGncElL.f.UdBm1ainSwoy',NULL,'moder@test.ru',10,1,1534834593,1537261770,0,'127.0.0.1','',0,NULL,NULL,'','','',NULL,0,'','',NULL,'',''),(3,'markov-av','a9mKxr9qlZBTqWe9UujFhBAJhUJdkUTB','$2y$13$0Wd5GfFhBBjS78neY7ClsuJ8Oh8rKqe/27mZdQhd0TiSMPqAlUZW6',NULL,'artmarkov@mail.ru',10,2,1534834683,1542365054,0,'127.0.0.1','',1,NULL,'','Артур','Владимирович','Марков',39225600,0,'+7 (111) 111 11 11','',NULL,'',''),(4,'superadmin','xpOc8O7EpWBTSBLQ27HtpTy41q73_Y_u','$2y$13$PbiA30sN63gCaq1O6SJdaO5SycW0AupC2cZKEiTDEhxiQr5rVHsdS',NULL,'artmarkov@mail.ru',10,1,1534863572,1542365386,1,'127.0.0.1','',0,NULL,'{\"small\":\"\\/uploads\\/avatar\\/avatar_4_1538144607-48x48.jpg\",\"medium \":\"\\/uploads\\/avatar\\/avatar_4_1538144607-96x96.jpg\",\"large\":\"\\/uploads\\/avatar\\/avatar_4_1538144607-144x144.jpg\"}','Артур','Владимирович','Марков',39312000,1,'+7 (905) 540 07 46','+7 (910) 772 45 37',NULL,'Марков Артур Владимирович учился в Ордена Ленина и Октябрьской революции Краснознаменной Высшей Военно-воздушной Инженерной Академии им. Н.Е. Жуковского, по окончании которой ему была присвоена квалификация инженер-электрик-исследователь.\r\n\r\nС января 2006 года работает в Государственном образовательном учреждении города Москвы «Детская школа искусств им. И.Ф. Стравинского» в должности ведущий инженер-электроник. \r\n\r\nС сентября 2014 года работает в должности заместителя директора по информационно-техническому обеспечению.\r\n\r\nДолжностные обязанности:\r\n\r\n    Создание, настройка и обслуживание локальной сети, системное администрирование;\r\n    Поддержка пользователей, настройка рабочих мест и периферийного оборудования;\r\n    Настройка концертного и студийного электронного оборудования;\r\n    Проектирование ( разработка технической документации, тех. заданий на оснащение электронным и другим оборудованием организации).\r\n    Разработка программного обеспечения.\r\n\r\n ','111-111-111 11'),(12,'markov-a','xnFGa6TdYUZGs-lu7p7qk_2CnTkmhQyt','$2y$13$0.nnMNjmaEVW7iIwoOtNHuS.kwXe9bfVegKKr0qwZgklwdqXnY6Fu',NULL,'artmarkov@mail.ru',10,3,1536650221,1542365528,0,'127.0.0.1','',1,NULL,NULL,'Артур','Владимировичь','Марков',1542326400,1,'+7 (111) 111 11 11','',NULL,'','111-111-111 11'),(14,'petrov-vv','joDq5ugpwnvr6VY0S-i0pKUH5qj-d9cO','$2y$13$Z0xKMpDcZIH2ZE8qZ7VrIOPVWIvrSPpajBrcE8oWWlAYahETwdBeK',NULL,'artmarkov@mail.ru',10,2,1540556010,1542363048,0,'127.0.0.1','',0,NULL,NULL,'Виктор','Владимирович','Петров',1258588800,1,'+7 (111) 111 11 11','+7 (222) 222 22 22',NULL,'','123-456-789 01'),(16,'batyr-ir',NULL,NULL,NULL,'artmarkov@mail.ru',10,2,1540745850,1542365508,0,NULL,'',0,NULL,NULL,'Ильдар','Рамилевич','Батыршин',566179200,0,'','',NULL,'',''),(17,'ivanov-ii','ON0VkY89hDPPEPhByNWrlE2dlJcOZQzv','KIoeBFx9.5ZfoMt7hxe8Mf9l0WhSsUZF1Cui92Os2fO/mP9TKS',NULL,'artmarkov@mail.ru',10,1,1540747835,1540747835,0,'::1','',0,NULL,NULL,'','','',1286654400,0,'','',NULL,'',''),(20,NULL,NULL,NULL,NULL,NULL,0,4,1541766016,1542365524,0,NULL,NULL,0,NULL,NULL,'Иван','Иванович','Пупкин',535507200,1,'','',NULL,NULL,''),(21,NULL,NULL,NULL,NULL,NULL,0,4,1541768847,1542364234,0,NULL,NULL,0,NULL,NULL,'Иван','Иванович','Зубков',-759196800,1,'','',NULL,NULL,''),(22,NULL,NULL,NULL,NULL,NULL,0,3,1541943878,1541943878,0,NULL,NULL,0,NULL,NULL,'Андрей','Васильевич','Чернов',566254800,1,'+7 (123) 456 78 90','',NULL,NULL,'123-456-789 12'),(23,NULL,NULL,NULL,NULL,NULL,0,3,1541944252,1542020928,0,NULL,NULL,0,NULL,NULL,'Макар','Васильевич','Чернов',597877200,0,'','',NULL,NULL,'');
/*!40000 ALTER TABLE `user` ENABLE KEYS */;
UNLOCK TABLES;

--
-- Table structure for table `user_family`
--

DROP TABLE IF EXISTS `user_family`;
/*!40101 SET @saved_cs_client     = @@character_set_client */;
/*!40101 SET character_set_client = utf8 */;
CREATE TABLE `user_family` (
  `id` mediumint(8) unsigned NOT NULL AUTO_INCREMENT,
  `relation_id` tinyint(2) unsigned DEFAULT NULL,
  `user_main_id` int(11) DEFAULT NULL,
  `user_slave_id` int(11) DEFAULT NULL,
  PRIMARY KEY (`id`),
  KEY `user_main_id` (`user_main_id`),
  KEY `user_slave_id` (`user_slave_id`),
  KEY `relation_id` (`relation_id`),
  CONSTRAINT `user_family_ibfk_1` FOREIGN KEY (`user_main_id`) REFERENCES `user` (`id`),
  CONSTRAINT `user_family_ibfk_2` FOREIGN KEY (`user_slave_id`) REFERENCES `user` (`id`),
  CONSTRAINT `user_family_ibfk_3` FOREIGN KEY (`relation_id`) REFERENCES `user_relation` (`id`)
) ENGINE=InnoDB AUTO_INCREMENT=66 DEFAULT CHARSET=utf8;
/*!40101 SET character_set_client = @saved_cs_client */;

--
-- Dumping data for table `user_family`
--

LOCK TABLES `user_family` WRITE;
/*!40000 ALTER TABLE `user_family` DISABLE KEYS */;
INSERT INTO `user_family` VALUES (63,4,12,1),(65,2,23,1);
/*!40000 ALTER TABLE `user_family` ENABLE KEYS */;
UNLOCK TABLES;

--
-- Table structure for table `user_params_category`
--

DROP TABLE IF EXISTS `user_params_category`;
/*!40101 SET @saved_cs_client     = @@character_set_client */;
/*!40101 SET character_set_client = utf8 */;
CREATE TABLE `user_params_category` (
  `id` mediumint(8) NOT NULL AUTO_INCREMENT,
  `user_category` mediumint(8) NOT NULL DEFAULT '1' COMMENT 'Категория пользователя ',
  `name` varchar(128) NOT NULL,
  `slug` varchar(127) NOT NULL,
  `multiple` tinyint(1) NOT NULL,
  `order` mediumint(8) NOT NULL,
  PRIMARY KEY (`id`)
) ENGINE=InnoDB AUTO_INCREMENT=2 DEFAULT CHARSET=utf8;
/*!40101 SET character_set_client = @saved_cs_client */;

--
-- Dumping data for table `user_params_category`
--

LOCK TABLES `user_params_category` WRITE;
/*!40000 ALTER TABLE `user_params_category` DISABLE KEYS */;
INSERT INTO `user_params_category` VALUES (1,1,'1','1',1,0);
/*!40000 ALTER TABLE `user_params_category` ENABLE KEYS */;
UNLOCK TABLES;

--
-- Table structure for table `user_relation`
--

DROP TABLE IF EXISTS `user_relation`;
/*!40101 SET @saved_cs_client     = @@character_set_client */;
/*!40101 SET character_set_client = utf8 */;
CREATE TABLE `user_relation` (
  `id` tinyint(2) unsigned NOT NULL AUTO_INCREMENT,
  `name` varchar(127) DEFAULT NULL,
  `slug` varchar(64) DEFAULT NULL,
  PRIMARY KEY (`id`)
) ENGINE=InnoDB AUTO_INCREMENT=5 DEFAULT CHARSET=utf8 COMMENT='Отношения в семье';
/*!40101 SET character_set_client = @saved_cs_client */;

--
-- Dumping data for table `user_relation`
--

LOCK TABLES `user_relation` WRITE;
/*!40000 ALTER TABLE `user_relation` DISABLE KEYS */;
INSERT INTO `user_relation` VALUES (1,'Мать','Мать'),(2,'Отец','Отец'),(3,'Бабушка','Баб'),(4,'Дедушка','Дед');
/*!40000 ALTER TABLE `user_relation` ENABLE KEYS */;
UNLOCK TABLES;

--
-- Table structure for table `user_setting`
--

DROP TABLE IF EXISTS `user_setting`;
/*!40101 SET @saved_cs_client     = @@character_set_client */;
/*!40101 SET character_set_client = utf8 */;
CREATE TABLE `user_setting` (
  `id` int(11) NOT NULL AUTO_INCREMENT,
  `user_id` int(11) NOT NULL,
  `key` varchar(64) NOT NULL,
  `value` text,
  PRIMARY KEY (`id`),
  KEY `user_setting_user_key` (`user_id`,`key`),
  CONSTRAINT `fk_user_id_user_setting_table` FOREIGN KEY (`user_id`) REFERENCES `user` (`id`) ON DELETE CASCADE ON UPDATE CASCADE
) ENGINE=InnoDB DEFAULT CHARSET=utf8;
/*!40101 SET character_set_client = @saved_cs_client */;

--
-- Dumping data for table `user_setting`
--

LOCK TABLES `user_setting` WRITE;
/*!40000 ALTER TABLE `user_setting` DISABLE KEYS */;
/*!40000 ALTER TABLE `user_setting` ENABLE KEYS */;
UNLOCK TABLES;

--
-- Table structure for table `user_visit_log`
--

DROP TABLE IF EXISTS `user_visit_log`;
/*!40101 SET @saved_cs_client     = @@character_set_client */;
/*!40101 SET character_set_client = utf8 */;
CREATE TABLE `user_visit_log` (
  `id` int(11) NOT NULL AUTO_INCREMENT,
  `token` varchar(255) NOT NULL,
  `ip` varchar(15) NOT NULL,
  `language` varchar(5) NOT NULL,
  `user_agent` varchar(255) NOT NULL,
  `browser` varchar(30) NOT NULL,
  `os` varchar(20) NOT NULL,
  `user_id` int(11) DEFAULT NULL,
  `visit_time` int(11) NOT NULL,
  PRIMARY KEY (`id`),
  KEY `visit_log_user_id` (`user_id`),
  CONSTRAINT `fk_user_id_user_visit_log_table` FOREIGN KEY (`user_id`) REFERENCES `user` (`id`) ON DELETE SET NULL ON UPDATE CASCADE
) ENGINE=InnoDB AUTO_INCREMENT=52 DEFAULT CHARSET=utf8;
/*!40101 SET character_set_client = @saved_cs_client */;

--
-- Dumping data for table `user_visit_log`
--

LOCK TABLES `user_visit_log` WRITE;
/*!40000 ALTER TABLE `user_visit_log` DISABLE KEYS */;
INSERT INTO `user_visit_log` VALUES (1,'5bd2dd340486e','127.0.0.1','ru','Mozilla/5.0 (Windows NT 10.0; WOW64) AppleWebKit/537.36 (KHTML, like Gecko) Chrome/59.0.3071.115 Safari/537.36','Chrome','Windows',4,1540545844),(2,'5bd3285dec615','127.0.0.1','ru','Mozilla/5.0 (Windows NT 10.0; WOW64) AppleWebKit/537.36 (KHTML, like Gecko) Chrome/59.0.3071.115 Safari/537.36','Chrome','Windows',4,1540565085),(3,'5bd6b9d3bc30d','127.0.0.1','ru','Mozilla/5.0 (Windows NT 10.0; WOW64) AppleWebKit/537.36 (KHTML, like Gecko) Chrome/59.0.3071.115 Safari/537.36','Chrome','Windows',4,1540798931),(4,'5bd8cbcc954e5','::1','ru','Mozilla/5.0 (Macintosh; Intel Mac OS X 10_13_6) AppleWebKit/537.36 (KHTML, like Gecko) Chrome/70.0.3538.77 Safari/537.36','Chrome','mac',4,1540934604),(5,'5bd8cbe8ca124','::1','ru','Mozilla/5.0 (Macintosh; Intel Mac OS X 10_13_6) AppleWebKit/537.36 (KHTML, like Gecko) Chrome/70.0.3538.77 Safari/537.36','Chrome','mac',4,1540934632),(6,'5bd8cd7238358','::1','ru','Mozilla/5.0 (Macintosh; Intel Mac OS X 10_13_6) AppleWebKit/537.36 (KHTML, like Gecko) Chrome/70.0.3538.77 Safari/537.36','Chrome','mac',4,1540935026),(7,'5bd8cdefe1b61','::1','ru','Mozilla/5.0 (Macintosh; Intel Mac OS X 10_13_6) AppleWebKit/537.36 (KHTML, like Gecko) Chrome/70.0.3538.77 Safari/537.36','Chrome','mac',4,1540935151),(8,'5bd968ff819bd','127.0.0.1','ru','Mozilla/5.0 (Windows NT 10.0; WOW64) AppleWebKit/537.36 (KHTML, like Gecko) Chrome/59.0.3071.115 Safari/537.36','Chrome','Windows',4,1540974847),(9,'5bd99b2154178','127.0.0.1','ru','Mozilla/5.0 (Windows NT 10.0; WOW64) AppleWebKit/537.36 (KHTML, like Gecko) Chrome/59.0.3071.115 Safari/537.36','Chrome','Windows',4,1540987681),(10,'5bd9b0e24a37e','127.0.0.1','ru','Mozilla/5.0 (Windows NT 10.0; WOW64) AppleWebKit/537.36 (KHTML, like Gecko) Chrome/59.0.3071.115 Safari/537.36','Chrome','Windows',4,1540993250),(11,'5bd9b16e644c8','127.0.0.1','ru','Mozilla/5.0 (Windows NT 10.0; WOW64) AppleWebKit/537.36 (KHTML, like Gecko) Chrome/59.0.3071.115 Safari/537.36','Chrome','Windows',4,1540993390),(12,'5bd9bc1700c77','127.0.0.1','ru','Mozilla/5.0 (Windows NT 10.0; WOW64) AppleWebKit/537.36 (KHTML, like Gecko) Chrome/59.0.3071.115 Safari/537.36','Chrome','Windows',4,1540996119),(13,'5bd9bc693b3b9','127.0.0.1','ru','Mozilla/5.0 (Windows NT 10.0; WOW64) AppleWebKit/537.36 (KHTML, like Gecko) Chrome/59.0.3071.115 Safari/537.36','Chrome','Windows',4,1540996201),(14,'5bd9bd39ef00d','127.0.0.1','ru','Mozilla/5.0 (Windows NT 10.0; WOW64) AppleWebKit/537.36 (KHTML, like Gecko) Chrome/59.0.3071.115 Safari/537.36','Chrome','Windows',4,1540996409),(15,'5bd9be697042f','127.0.0.1','ru','Mozilla/5.0 (Windows NT 10.0; WOW64) AppleWebKit/537.36 (KHTML, like Gecko) Chrome/59.0.3071.115 Safari/537.36','Chrome','Windows',4,1540996713),(16,'5bdb420a3332b','::1','ru','Mozilla/5.0 (Macintosh; Intel Mac OS X 10_13_6) AppleWebKit/537.36 (KHTML, like Gecko) Chrome/70.0.3538.77 Safari/537.36','Chrome','mac',4,1541095946),(17,'5bdb44a1e6a52','::1','ru','Mozilla/5.0 (Macintosh; Intel Mac OS X 10_13_6) AppleWebKit/537.36 (KHTML, like Gecko) Chrome/70.0.3538.77 Safari/537.36','Chrome','mac',4,1541096609),(18,'5bdb4b051c640','::1','ru','Mozilla/5.0 (Macintosh; Intel Mac OS X 10_13_6) AppleWebKit/537.36 (KHTML, like Gecko) Chrome/70.0.3538.77 Safari/537.36','Chrome','mac',4,1541098245),(19,'5bdb6880691d8','::1','ru','Mozilla/5.0 (Macintosh; Intel Mac OS X 10_13_6) AppleWebKit/537.36 (KHTML, like Gecko) Chrome/70.0.3538.77 Safari/537.36','Chrome','mac',4,1541105792),(20,'5bdb6aab6cc66','::1','ru','Mozilla/5.0 (Macintosh; Intel Mac OS X 10_13_6) AppleWebKit/537.36 (KHTML, like Gecko) Chrome/70.0.3538.77 Safari/537.36','Chrome','mac',4,1541106347),(21,'5bdb6c9e843b4','::1','ru','Mozilla/5.0 (Macintosh; Intel Mac OS X 10_13_6) AppleWebKit/537.36 (KHTML, like Gecko) Chrome/70.0.3538.77 Safari/537.36','Chrome','mac',4,1541106846),(22,'5bdb73b24d06f','::1','ru','Mozilla/5.0 (Macintosh; Intel Mac OS X 10_13_6) AppleWebKit/537.36 (KHTML, like Gecko) Chrome/70.0.3538.77 Safari/537.36','Chrome','mac',4,1541108658),(23,'5bdc1849c8bf5','127.0.0.1','ru','Mozilla/5.0 (Windows NT 10.0; WOW64) AppleWebKit/537.36 (KHTML, like Gecko) Chrome/59.0.3071.115 Safari/537.36','Chrome','Windows',4,1541150793),(24,'5be13f425b99d','127.0.0.1','ru','Mozilla/5.0 (Windows NT 10.0; WOW64) AppleWebKit/537.36 (KHTML, like Gecko) Chrome/59.0.3071.115 Safari/537.36','Chrome','Windows',4,1541488450),(25,'5be13fd626eac','127.0.0.1','ru','Mozilla/5.0 (Windows NT 10.0; WOW64) AppleWebKit/537.36 (KHTML, like Gecko) Chrome/59.0.3071.115 Safari/537.36','Chrome','Windows',4,1541488598),(26,'5be145fb7d260','127.0.0.1','ru','Mozilla/5.0 (Windows NT 10.0; WOW64) AppleWebKit/537.36 (KHTML, like Gecko) Chrome/59.0.3071.115 Safari/537.36','Chrome','Windows',4,1541490171),(27,'5be44090dcfe5','127.0.0.1','ru','Mozilla/5.0 (Windows NT 10.0; WOW64) AppleWebKit/537.36 (KHTML, like Gecko) Chrome/59.0.3071.115 Safari/537.36','Chrome','Windows',4,1541685392),(28,'5be6eb43766fc','::1','ru','Mozilla/5.0 (Macintosh; Intel Mac OS X 10_13_6) AppleWebKit/537.36 (KHTML, like Gecko) Chrome/70.0.3538.77 Safari/537.36','Chrome','mac',4,1541860163),(29,'5be82701cff97','::1','ru','Mozilla/5.0 (Macintosh; Intel Mac OS X 10_13_6) AppleWebKit/537.36 (KHTML, like Gecko) Chrome/70.0.3538.77 Safari/537.36','Chrome','mac',4,1541940993),(30,'5be95cceeb75a','127.0.0.1','ru','Mozilla/5.0 (Windows NT 10.0; WOW64) AppleWebKit/537.36 (KHTML, like Gecko) Chrome/59.0.3071.115 Safari/537.36','Chrome','Windows',4,1542020302),(31,'5be984b4c7d21','127.0.0.1','ru','Mozilla/5.0 (Windows NT 10.0; WOW64) AppleWebKit/537.36 (KHTML, like Gecko) Chrome/59.0.3071.115 Safari/537.36','Chrome','Windows',4,1542030516),(32,'5be98626b76be','127.0.0.1','ru','Mozilla/5.0 (Windows NT 10.0; WOW64) AppleWebKit/537.36 (KHTML, like Gecko) Chrome/59.0.3071.115 Safari/537.36','Chrome','Windows',4,1542030886),(33,'5be98bd02f547','127.0.0.1','ru','Mozilla/5.0 (Windows NT 10.0; WOW64) AppleWebKit/537.36 (KHTML, like Gecko) Chrome/59.0.3071.115 Safari/537.36','Chrome','Windows',4,1542032336),(34,'5bea7b026d811','127.0.0.1','ru','Mozilla/5.0 (Windows NT 10.0; WOW64) AppleWebKit/537.36 (KHTML, like Gecko) Chrome/59.0.3071.115 Safari/537.36','Chrome','Windows',4,1542093570),(35,'5bea94a927073','127.0.0.1','ru','Mozilla/5.0 (Windows NT 10.0; WOW64) AppleWebKit/537.36 (KHTML, like Gecko) Chrome/59.0.3071.115 Safari/537.36','Chrome','Windows',4,1542100137),(36,'5bea952bd2087','127.0.0.1','ru','Mozilla/5.0 (Windows NT 10.0; WOW64) AppleWebKit/537.36 (KHTML, like Gecko) Chrome/59.0.3071.115 Safari/537.36','Chrome','Windows',4,1542100267),(37,'5bedd5c1c2e68','::1','ru','Mozilla/5.0 (Macintosh; Intel Mac OS X 10_13_6) AppleWebKit/537.36 (KHTML, like Gecko) Chrome/70.0.3538.102 Safari/537.36','Chrome','mac',4,1542313409),(38,'5beecc3a12df8','127.0.0.1','ru','Mozilla/5.0 (Windows NT 10.0; WOW64) AppleWebKit/537.36 (KHTML, like Gecko) Chrome/59.0.3071.115 Safari/537.36','Chrome','Windows',4,1542376506),(39,'5bf155bfe6278','::1','ru','Mozilla/5.0 (Macintosh; Intel Mac OS X 10_13_6) AppleWebKit/537.36 (KHTML, like Gecko) Chrome/70.0.3538.102 Safari/537.36','Chrome','mac',4,1542542783),(40,'5bf1cf7a98872','::1','ru','Mozilla/5.0 (Macintosh; Intel Mac OS X 10_13_6) AppleWebKit/537.36 (KHTML, like Gecko) Chrome/70.0.3538.102 Safari/537.36','Chrome','mac',4,1542573946),(41,'5bf276cef07a7','127.0.0.1','ru','Mozilla/5.0 (Windows NT 10.0; WOW64) AppleWebKit/537.36 (KHTML, like Gecko) Chrome/59.0.3071.115 Safari/537.36','Chrome','Windows',4,1542616782),(42,'5bf281da2f081','127.0.0.1','ru','Mozilla/5.0 (Windows NT 10.0; WOW64) AppleWebKit/537.36 (KHTML, like Gecko) Chrome/59.0.3071.115 Safari/537.36','Chrome','Windows',4,1542619610),(43,'5bf45e25319f6','::1','ru','Mozilla/5.0 (Macintosh; Intel Mac OS X 10_13_6) AppleWebKit/537.36 (KHTML, like Gecko) Chrome/70.0.3538.102 Safari/537.36','Chrome','mac',4,1542741541),(44,'5bf570a0b4d55','127.0.0.1','ru','Mozilla/5.0 (Windows NT 10.0; WOW64) AppleWebKit/537.36 (KHTML, like Gecko) Chrome/59.0.3071.115 Safari/537.36','Chrome','Windows',4,1542811808),(45,'5bf6638b80693','127.0.0.1','ru','Mozilla/5.0 (Windows NT 10.0; WOW64) AppleWebKit/537.36 (KHTML, like Gecko) Chrome/59.0.3071.115 Safari/537.36','Chrome','Windows',4,1542873995),(46,'5bf6af2cb9ff9','127.0.0.1','ru','Mozilla/5.0 (Windows NT 10.0; WOW64) AppleWebKit/537.36 (KHTML, like Gecko) Chrome/59.0.3071.115 Safari/537.36','Chrome','Windows',4,1542893356),(47,'5bf7b6c5c7ec2','127.0.0.1','ru','Mozilla/5.0 (Windows NT 10.0; WOW64) AppleWebKit/537.36 (KHTML, like Gecko) Chrome/59.0.3071.115 Safari/537.36','Chrome','Windows',4,1542960837),(48,'5bfadd6b1b019','::1','ru','Mozilla/5.0 (Macintosh; Intel Mac OS X 10_13_6) AppleWebKit/537.36 (KHTML, like Gecko) Chrome/70.0.3538.102 Safari/537.36','Chrome','mac',4,1543167339),(49,'5bfba3981623b','127.0.0.1','ru','Mozilla/5.0 (Windows NT 10.0; WOW64) AppleWebKit/537.36 (KHTML, like Gecko) Chrome/59.0.3071.115 Safari/537.36','Chrome','Windows',4,1543218072),(50,'5bfcf39fcb202','127.0.0.1','ru','Mozilla/5.0 (Windows NT 10.0; WOW64) AppleWebKit/537.36 (KHTML, like Gecko) Chrome/59.0.3071.115 Safari/537.36','Chrome','Windows',4,1543304095),(51,'5bfd9d6872588','::1','ru','Mozilla/5.0 (Macintosh; Intel Mac OS X 10_13_6) AppleWebKit/537.36 (KHTML, like Gecko) Chrome/70.0.3538.102 Safari/537.36','Chrome','mac',4,1543347560);
/*!40000 ALTER TABLE `user_visit_log` ENABLE KEYS */;
UNLOCK TABLES;

--
-- Table structure for table `venue_country`
--

DROP TABLE IF EXISTS `venue_country`;
/*!40101 SET @saved_cs_client     = @@character_set_client */;
/*!40101 SET character_set_client = utf8 */;
CREATE TABLE `venue_country` (
  `id` mediumint(8) NOT NULL AUTO_INCREMENT,
  `name` varchar(127) NOT NULL,
  `fips` varchar(2) NOT NULL,
  PRIMARY KEY (`id`)
) ENGINE=InnoDB AUTO_INCREMENT=6 DEFAULT CHARSET=utf8 COMMENT='Страны';
/*!40101 SET character_set_client = @saved_cs_client */;

--
-- Dumping data for table `venue_country`
--

LOCK TABLES `venue_country` WRITE;
/*!40000 ALTER TABLE `venue_country` DISABLE KEYS */;
INSERT INTO `venue_country` VALUES (0,'no item\r\n',''),(1,'Россия','RU'),(2,'Франция','FR'),(3,'Италия','IT'),(4,'Германия','GR'),(5,'Япония','JP');
/*!40000 ALTER TABLE `venue_country` ENABLE KEYS */;
UNLOCK TABLES;

--
-- Table structure for table `venue_district`
--

DROP TABLE IF EXISTS `venue_district`;
/*!40101 SET @saved_cs_client     = @@character_set_client */;
/*!40101 SET character_set_client = utf8 */;
CREATE TABLE `venue_district` (
  `id` mediumint(8) NOT NULL AUTO_INCREMENT,
  `sity_id` mediumint(8) NOT NULL,
  `name` varchar(255) NOT NULL,
  `slug` varchar(16) NOT NULL,
  PRIMARY KEY (`id`),
  KEY `sity_id` (`sity_id`),
  CONSTRAINT `venue_district_ibfk_1` FOREIGN KEY (`sity_id`) REFERENCES `venue_sity` (`id`)
) ENGINE=InnoDB AUTO_INCREMENT=12 DEFAULT CHARSET=utf8 COMMENT='Городские округа и районы';
/*!40101 SET character_set_client = @saved_cs_client */;

--
-- Dumping data for table `venue_district`
--

LOCK TABLES `venue_district` WRITE;
/*!40000 ALTER TABLE `venue_district` DISABLE KEYS */;
INSERT INTO `venue_district` VALUES (0,0,'no item',''),(1,1,'Центральный административный округ','ЦАО'),(2,1,'Северозападный административный округ','СЗАО'),(3,1,'Северный административный округ','САО'),(4,1,'Северо-Восточный административный округ','СВАО'),(5,1,'Восточный административный округ','ВАО'),(6,1,'Юго-Восточный административный округ','ЮВАО'),(7,1,'Южный административный округ','ЮАО'),(8,1,'Юго-Западный административный округ','ЮЗАО'),(9,1,'Западный административный округ','ЗАО'),(10,1,'Зеленоградский административный округ','ЗелАО'),(11,1,'Троицкий и Новомосковский административный округ','ТинАО');
/*!40000 ALTER TABLE `venue_district` ENABLE KEYS */;
UNLOCK TABLES;

--
-- Table structure for table `venue_place`
--

DROP TABLE IF EXISTS `venue_place`;
/*!40101 SET @saved_cs_client     = @@character_set_client */;
/*!40101 SET character_set_client = utf8 */;
CREATE TABLE `venue_place` (
  `id` mediumint(8) NOT NULL AUTO_INCREMENT,
  `country_id` mediumint(8) NOT NULL,
  `sity_id` mediumint(8) NOT NULL,
  `district_id` mediumint(8) NOT NULL,
  `name` varchar(127) NOT NULL,
  `address` varchar(255) NOT NULL,
  `phone` varchar(24) NOT NULL,
  `phone_optional` varchar(24) NOT NULL,
  `email` varchar(255) NOT NULL,
  `сontact_person` varchar(127) NOT NULL,
  `coords` varchar(64) DEFAULT NULL,
  `map_zoom` smallint(2) DEFAULT NULL,
  `description` varchar(255) DEFAULT NULL,
  `created_at` int(11) DEFAULT NULL,
  `updated_at` int(11) DEFAULT NULL,
  `created_by` int(11) DEFAULT NULL,
  `updated_by` int(11) DEFAULT NULL,
  PRIMARY KEY (`id`),
  KEY `country_id` (`country_id`),
  KEY `sity_id` (`sity_id`),
  KEY `district_id` (`district_id`),
  KEY `created_by` (`created_by`),
  KEY `updated_by` (`updated_by`),
  CONSTRAINT `venue_place_ibfk_1` FOREIGN KEY (`country_id`) REFERENCES `venue_country` (`id`),
  CONSTRAINT `venue_place_ibfk_2` FOREIGN KEY (`district_id`) REFERENCES `venue_district` (`id`),
  CONSTRAINT `venue_place_ibfk_3` FOREIGN KEY (`sity_id`) REFERENCES `venue_sity` (`id`),
  CONSTRAINT `venue_place_ibfk_4` FOREIGN KEY (`created_by`) REFERENCES `user` (`id`),
  CONSTRAINT `venue_place_ibfk_5` FOREIGN KEY (`updated_by`) REFERENCES `user` (`id`)
) ENGINE=InnoDB AUTO_INCREMENT=35 DEFAULT CHARSET=utf8 COMMENT='Место проведения';
/*!40101 SET character_set_client = @saved_cs_client */;

--
-- Dumping data for table `venue_place`
--

LOCK TABLES `venue_place` WRITE;
/*!40000 ALTER TABLE `venue_place` DISABLE KEYS */;
INSERT INTO `venue_place` VALUES (1,1,1,1,'Московский государственный колледж музыкального исполнительства имени Ф.Шопена','Россия, Москва, Садовая-Каретная улица, 4-6с7','+7 (495) 699 70 27','','info@mgkmi.ru','','55.771628812087584,37.606928576721195',17,'',1539164286,1543304451,4,4),(2,1,1,1,'Детская музыкальная школа имени Ю.А.Шапорина «Московский государственный институт музыки имени А.Г.Шнитке»','Россия, Москва, Садовая-Сухаревская улица, 7','+7 (495) 694 04 96','','schnittke@yandex.ru','','55.774287007241504,37.62258772883362',15,'',1539164384,1543085348,4,4),(3,1,1,1,'Детская музыкальная школа имени В.И.Мурадели','Россия, Москва, улица Пречистенка, 32/1с1','+7 (495) 637 37 83','','tokmakovms_I_@yandex.ru','','55.740544683933614,37.59049519510645',16,'',1539164434,1542977663,4,4),(4,1,1,1,'Московская городская детская музыкальная школа имени С.С.Прокофьева','Россия, Москва, Токмаков переулок, 8','+7 (499) 261 24 05','','tokmakovmsI@yandex.ru','','55.76630041695248,37.66936464418031',15,'',1539164468,1543010315,4,4),(5,1,1,1,'Детская музыкальная школа имени К.Н.Игумнова','Россия, Москва, улица Покровка, 39с3','+7 (495) 917 56 77','','igumnovschool@yandex.ru','','55.7623792908881,37.65125905522533',19,'',1539164497,1543008723,4,4),(6,1,1,1,'Детская музыкальная школа, имени В.В.Стасова','Россия, Москва, Малый Строченовский переулок, 14','+7 (499) 236 18 15','+7 (499) 236 30 72','dmsh36stasova@mait.ru','','55.726074835423354,37.63299466137696',13,'',1539164525,1543088776,4,4),(7,1,1,1,'Детская музыкальная школа имени Л.Бетховена','Россия, Москва, Большой Могильцевский переулок, 4-6','+7 (499) 241 41 23','','beethoven-sch@mail.ru','','55.74391499999375,37.589709381614654',17,'',1539164557,1543008635,4,4),(8,1,1,1,'Детская музыкальная школа имени А.К.Лядова','Россия, Москва, улица 1905 года, 8','+7 (499) 252 26 23','','dmsh-ljadova@yandex.ru','','55.767111487423605,37.56011331779074',16,'',1539164587,1543008774,4,4),(9,1,1,1,'Детская музыкальная школа имени Д.Б.Кабалевского','Россия, Москва, улица Палиха, 14/33с1','+7 (499) 973 22 47','','9784364@mail.ru','','55.7846275448095,37.60090467692327',16,'',1539164629,1543008815,4,4),(10,1,1,1,'Детская школа искусств «Старт» архитсктурно-художественного профиля','Россия, Москва, Зоологическая улица, 18','+7 (499) 766 29 79','+7 (499) 766 21 72','startartschooi@gmail.com','','55.76519136612558,37.582713754631044',16,'',1539164672,1543008861,4,4),(11,1,1,1,'Детская школа искусств имени Д.С.Бортнянского','Россия, Москва, Садовническая улица, 19с1','+7 (495) 953 91 39','+7 (495) 953 54 41','postbortnyanskiy@mail.ru','','55.74676760114218,37.63288816931151',16,'',1539164706,1543008901,4,4),(12,1,1,1,'Детская школа искусств имени Н.Г.Рубинштейна','Россия, Москва, Верхняя Красносельская улица, 7Ас1','+7 (499) 264 89 47','','dmsrubinstein@mail.ru','','55.78544140418692,37.66182227116391',16,'',1539164737,1543008947,4,4),(13,1,1,1,'Детская  музыкальная школа им. Р.М.Глиэра','Россия, Москва, Глазовский переулок, 4','+7 (297) 499 23 87','+7 (499) 238 12 00','info@glier7.ru','','55.74445057720877,37.587718364417995',16,'',1539164784,1543009021,4,4),(14,1,1,1,'Детская музыкально-хоровая школа  имени И.И.Радченко','Россия, Москва, Воронцовская улица, 30А','+7 (495) 912 75 85','','ms-radchenko@yandex.ru','','55.73580977355331,37.65999281349181',16,'',1539164825,1543009086,4,4),(15,1,1,1,'Московская городская детская музыкальная школа имени В.М.Блажевича','Россия, Москва, улица Трёхгорный Вал, 2-4с1','+7 (495) 605 94 36','','mail@ms80.ru','','55.758629149360665,37.56237875463096',16,'',1539164946,1543009161,4,4),(16,1,1,1,'Московская государственная,специализированная школа акварели Сергея Андрияки с музейно-выставочным комплексом','Россия, Москва, Гороховский переулок, 17','+7 (495) 632 18 17','','sheryshowa@yandex.ru','','55.765402599507624,37.66760645573412',16,'',1539165042,1543009198,4,4),(17,1,1,1,'Детская музыкальная школа имени В.А.Моцарта','Россия, Москва, Таганская улица, 9с5','+7 (495) 911 99 95','+7 (495) 912 14 28','mozart_00@mail.ru','','55.74144870834125,37.66068700859828',15,'',1539165078,1543009242,4,4),(18,1,1,1,'Детская музыкальная школа имени В Ф.Одоевского','Россия, Москва, Докучаев переулок, 7с1','+7 (499) 975 43 74','+7 (499) 975 37 35','odoevsky-dmsh@list.ru','','55.774497298912294,37.642776428241696',15,'',1539165107,1543009279,4,4),(19,1,1,1,'Детская музыкальная школа имени Дж Гершвина','Россия, Москва, Садовническая улица, 48с3','+7 (495) 951 43 42','+7 (495) 951 43 43','dmsh6@rambler.ru','','55.7442987862894,37.63731390934197',15,'',1539165155,1543092588,4,4),(20,1,1,1,'Детская музыкальная школа №100','Россия, Москва, Большая Переяславская улица, 8А','+7 (495) 684 50 58','','dmshlOO@mail.ru','','55.781484551313035,37.64321701719665',16,'',1539165180,1543009365,4,4),(21,1,1,1,'Детская музыкальная школа имени Н.А.Алексеева','Россия, Москва, Николоямская улица, 42с1','+7 (495) 915 01 35','','lexeev-school@yandex.ru','','55.747040406738364,37.66003927116392',15,'',1539165248,1543009437,4,4),(22,1,1,1,'Детская музыкальная школа имени М.М.Ипполитова-Иванова','Россия, Москва, Воронцовская улица, 15/10с1','+7 (495) 912 59 93','','ippolitovec@mail.ru','','55.738464555796206,37.657315279762265',15,'',1539165284,1543010072,4,4),(23,1,1,1,'Детская музыкальная школа имени Н.П Осипова','Россия, Москва, проспект Мира, 71с3','+7 (495) 681 35 62','','sch-osipov@bk.ru','','55.78821395481633,37.63386687731552',15,'',1539165338,1543010030,4,4),(24,1,1,1,'Детская музыкальная школа имени С.И.Танеева','Россия, Москва, Чистый переулок, 9','+7 (495) 637 35 60','','taneev25@mail.ru','','55.74275732649713,37.59076784494787',15,'',1539165417,1543010000,4,4),(25,1,1,1,'Детская художественная школа имени В. А. Ватагина','Россия, Москва, Средняя Переяславская улица, 7/2с1','+7 (495) 681 82 00','','artschool-3@yandex.ru','','55.78871986334767,37.6371536269821',15,'',1539165462,1543009959,4,4),(26,1,1,1,'Детская музыкальная школа имени П.Г.Чеснокова','Россия, Москва, улица Трёхгорный Вал, 2-4с1','+7 (499) 255 59 96','','chesnokovschool@mail.ru','','55.7586276074644,37.562384119048964',16,'',1539165565,1543009902,4,4),(27,1,1,2,'Детская музыкальная школа имени Я.В.Флиера','Россия, Москва, улица Маршала Новикова, 16','+7 (499) 193 44 89','','dmshflier_16@mail.ru','','55.80543719268052,37.460820728835984',16,'',1539183299,1543009866,4,4),(28,1,1,2,'Детская музыкальная школа имени Л.Н.Оборина','Россия, Москва, улица Долгова, 12','+7 (495) 491 14 03','+7 (495) 491 53 30','dmsh_17oborina@mail.ru','','55.83040667192069,37.450559101852384',16,'',1539183341,1543009837,4,4),(29,1,1,2,'Детская музыкальная школа имени В.В.Андреева','Россия, Москва, Живописная улица, 1','+7 (495) 942 21 33','+7 (495) 942 05 52','dmsh_andreev@mail.ru','','55.780026975695876,37.45279055952453',15,'',1539183384,1543009802,4,4),(30,1,1,2,'Детская музыкальная школа имени Т.А.Докшицера','Россия, Москва, Неманский проезд, 7к2','+7 (495) 756 50 09','+7 (495) 757 99 67','dmsh95@yandex.ru','','55.81165341874345,37.393976661376946',16,'',1539183440,1543009769,4,4),(31,1,1,2,'Детская музыкальная школа имени Н.С.Голованова','Россия, Москва, улица Мнёвники, 7к1','+7 (499) 946 26 30','','dmsh.golovanova@yandex.ru','','55.771819713615805,37.49317078042606',15,'',1539183471,1543009704,4,4),(32,1,1,2,'Детская школа искусств \"Надежда\"','Россия, Москва, улица Академика Курчатова, 23/13','+7 (495) 942 40 27','','dshi4nadezhda@ya.ru','','55.80649703640879,37.476955568276786',15,'',1539183520,1543009675,4,4),(33,1,1,2,'Детская музыкальная школа имени С.М.Майкапара','Россия, Москва, улица Маршала Катукова, 19к3','+7 (495) 750 07 17','+7 (495) 757 42 64','msm_school@mail.ru','','55.807292451417965,37.411088644180275',15,'',1539183562,1543009592,4,4),(34,1,1,2,'Детская художественная школа имени В.Ф.Стожарова','Россия, Москва, улица Народного Ополчения, 7к2','+7 (499) 199 02 42','','','','55.77103543072394,37.47215871163938',18,'',1539183626,1543009546,4,4);
/*!40000 ALTER TABLE `venue_place` ENABLE KEYS */;
UNLOCK TABLES;

--
-- Table structure for table `venue_sity`
--

DROP TABLE IF EXISTS `venue_sity`;
/*!40101 SET @saved_cs_client     = @@character_set_client */;
/*!40101 SET character_set_client = utf8 */;
CREATE TABLE `venue_sity` (
  `id` mediumint(8) NOT NULL AUTO_INCREMENT,
  `country_id` mediumint(8) DEFAULT NULL,
  `name` varchar(64) NOT NULL,
  `latitude` float(10,6) DEFAULT NULL,
  `longitude` float(10,6) DEFAULT NULL,
  PRIMARY KEY (`id`),
  KEY `latitude` (`latitude`),
  KEY `longitude` (`longitude`),
  KEY `country_id` (`country_id`),
  CONSTRAINT `venue_sity_ibfk_1` FOREIGN KEY (`country_id`) REFERENCES `venue_country` (`id`)
) ENGINE=InnoDB AUTO_INCREMENT=3 DEFAULT CHARSET=utf8 COMMENT='Города';
/*!40101 SET character_set_client = @saved_cs_client */;

--
-- Dumping data for table `venue_sity`
--

LOCK TABLES `venue_sity` WRITE;
/*!40000 ALTER TABLE `venue_sity` DISABLE KEYS */;
INSERT INTO `venue_sity` VALUES (0,0,'no item',NULL,NULL),(1,1,'Москва',55.753960,37.620392),(2,1,'Санкт-Петербург',NULL,NULL);
/*!40000 ALTER TABLE `venue_sity` ENABLE KEYS */;
UNLOCK TABLES;
/*!40103 SET TIME_ZONE=@OLD_TIME_ZONE */;

/*!40101 SET SQL_MODE=@OLD_SQL_MODE */;
/*!40014 SET FOREIGN_KEY_CHECKS=@OLD_FOREIGN_KEY_CHECKS */;
/*!40014 SET UNIQUE_CHECKS=@OLD_UNIQUE_CHECKS */;
/*!40101 SET CHARACTER_SET_CLIENT=@OLD_CHARACTER_SET_CLIENT */;
/*!40101 SET CHARACTER_SET_RESULTS=@OLD_CHARACTER_SET_RESULTS */;
/*!40101 SET COLLATION_CONNECTION=@OLD_COLLATION_CONNECTION */;
/*!40111 SET SQL_NOTES=@OLD_SQL_NOTES */;

-- Dump completed on 2018-11-29 18:06:40
